edgeId,sourceContract,sourceSemanticUnit,sourceLocation,referenceKind,requiredness,targetContract,targetSemanticUnit,targetLocation,targetSemanticKind,targetLifecycleAvailability,resolutionStatus,reason,occurrenceCount
E05,C10,FailureResult.technicalReasonCategory,"n/a (base row, pre-normalization)",closed enum reference,required,C9,runtime reason tokens (4: provider.timeout/provider.malformed_response/input.unreadable/input.unsupported),"n/a (base row, pre-normalization)",runtime token,runtime,RESOLVED,"Independently verified against live Contract 9 c9.entry.001-004; exact 4-token set confirmed, 0 unauthorized tokens",1
E06,C10,RejectedResult.contractViolations[],"n/a (base row, pre-normalization)",closed enum reference,required (1..N),C9,runtime violation tokens (14),"n/a (base row, pre-normalization)",runtime token,runtime,RESOLVED,Independently verified against live Contract 9 c9.entry.005-018; exact 14-token set confirmed,1
E09,C10,ComparisonOutcome.comparisonOutcomeIdentity,"n/a (base row, pre-normalization)",closed enum reference,required,C9,c9.comparison.* (15),"n/a (base row, pre-normalization)",comparison outcome,evaluation-only,RESOLVED,"Verified via Contract 9 §26; precedence chain (1-15, post-result-mutation highest) confirmed unchanged",1
E10,C10,post-seal mutation detection (c10.validation.999),"n/a (base row, pre-normalization)",escalation reference,required,C9,c9.failure.post-result-mutation -> c9.escalation.security-stop,"n/a (base row, pre-normalization)",escalation,runtime,RESOLVED,Verified unconditional highest-precedence chain preserved unchanged,1
E11,C10,AttributeEvidenceArtifact (26 fields),"n/a (base row, pre-normalization)",schema mirror,required,C4,AEA semantic model (Sec 8.2),"n/a (base row, pre-normalization)",evidence model,runtime,RESOLVED,All 26 fields individually verified field-by-field against live Contract 4 text; 0 mismatches,1
E12,C10,AtomicEvidenceContribution (8 fields),"n/a (base row, pre-normalization)",schema mirror,required,C4,AtomicEvidenceContribution model (Sec 8.4),"n/a (base row, pre-normalization)",evidence sub-model,runtime,RESOLVED,All 8 fields individually verified,1
E13,C10,evidenceKindIdentity,"n/a (base row, pre-normalization)",closed enum reference,required,C4,c4.evidencekind.* (3),"n/a (base row, pre-normalization)",evidence-kind,runtime,RESOLVED,Verified exact 3-value set (image-region/pixel-cue/explicit-inference-basis),1
E14,C10,provenanceIdentity,"n/a (base row, pre-normalization)",closed enum reference,required,C4,c4.provenance.* (4),"n/a (base row, pre-normalization)",provenance,runtime,RESOLVED,Verified exact 4-value set; token-for-token match confirmed for all values referenced in C6 compatibility tables,1
E16,C10,ConfidenceAssertionRecord.stateIdentity,"n/a (base row, pre-normalization)",closed enum reference,required,C5,c5.state.* (3),"n/a (base row, pre-normalization)",confidence state,runtime,RESOLVED,Verified exact 3-value ordinal set; non-conflation with C6 outcome confirmed,1
E17,C10,ConfidenceAssertionRecord.sourceIdentity,"n/a (base row, pre-normalization)",closed enum reference,required,C5,c5.source.* (3),"n/a (base row, pre-normalization)",confidence source,runtime,RESOLVED,Verified exact set,1
E18,C10,ConfidenceSourceSignalRecord (recordTypeIdentity),"n/a (base row, pre-normalization)",schema mirror,required,C5,c5.recordtype.002,"n/a (base row, pre-normalization)",record type,runtime,RESOLVED,Verified match,1
E19,C10,Contract6DeterminabilityPackage (6 sub-records),"n/a (base row, pre-normalization)",schema mirror,required,C6,c6.recordtype.001-006,"n/a (base row, pre-normalization)",record type,runtime,RESOLVED,All 6 sub-records (AnnotationUnitRecord/PairingRecord/BasisLinkRecord/OutcomeDecisionRecord/Contract6SealingRecord/AdjudicationRecord) individually cross-verified against live Contract 6 recordtype registry,1
E20,C10,OutcomeDecisionRecord.outcomeIdentity,"n/a (base row, pre-normalization)",closed enum reference,required,C6,c6.outcome.* (3),"n/a (base row, pre-normalization)",determinability outcome,runtime,RESOLVED,Verified exact set,1
E21,C10,AnnotationUnitRecord.multiViewStateIdentity,"n/a (base row, pre-normalization)",closed enum reference,conditional,C6,c6.multiviewstate.* (5),"n/a (base row, pre-normalization)",multi-view state,runtime,RESOLVED,Verified exact set,1
E22,C10,PairingRecord.pairingStateIdentity,"n/a (base row, pre-normalization)",closed enum reference,required,C6,c6.pairingstate.* (5),"n/a (base row, pre-normalization)",pairing state,runtime,RESOLVED,Corrected in Correction Cycle 5 from prose citation to exact namespace token; independently re-verified,1
E23,C10,SceneResult.completeness,"n/a (base row, pre-normalization)",derived signal (2-value: full/partial),required,C7,c7.completenessassessmentstate.* (3: unresolved/resolved-full/resolved-partial),"n/a (base row, pre-normalization)",completeness assessment,runtime,RESOLVED,Formally adjudicated (P-1): only resolved-full/resolved-partial cross into runtime; unresolved never sealed as full/partial. REJECTED as a false-positive gap.,1
E24,C10,UnseenClaimRecord fields (claimcode/claimfamily/claimdisposition/assertionscope),"n/a (base row, pre-normalization)",closed enum reference,required,C8,c8.claimcode.*/c8.claimfamily.*/etc.,"n/a (base row, pre-normalization)",claim taxonomy,runtime,RESOLVED,Verified against live Contract 8 text (multiple sessions),1
E25,C10,RawMechanismAssertionArtifact / ETAPAssertionProjectionFact / C8EvaluationRecord fields,"n/a (base row, pre-normalization)",schema mirror,required/conditional,C8,Sec 11.2/11.4/11.5,"n/a (base row, pre-normalization)",evaluation artifact,evaluation,RESOLVED,Independently verified against live Contract 8 text this session; explicit Contract-8 textual permission found for Contract-10 wire representation,1
E28,C10,SceneRelation.relationTypeIdentity,"n/a (base row, pre-normalization)",closed enum reference,conditional,C2,relation identity registry,"n/a (base row, pre-normalization)",relation identity,runtime,RESOLVED,Verified via Contract 2 registry,1
E29,C10,relations[] applicability check,"n/a (base row, pre-normalization)",matrix cell lookup,conditional (0..N),C3,102-cell Relation x Category matrix,"n/a (base row, pre-normalization)",applicability rule,runtime,RESOLVED,"Verified applicability is permission not existence-requirement (Owner finding 8, closed)",1
E30,C3,matrix cells (bedroom specializations rows 17-19),"n/a (base row, pre-normalization)",inheritance guard,required,C1,bedroom base row + 3 specializations,"n/a (base row, pre-normalization)",category inheritance,architecture,RESOLVED,c3.failure.008 (subtype_inheritance_violation) confirmed as a dedicated mechanical guard preventing specialization collapse,1
E31,C7,scenario-family applicability (244 occurrences),"n/a (base row, pre-normalization)",category reference,required,C1,c1.space.* (34),"n/a (base row, pre-normalization)",category identity,architecture,RESOLVED,"All 34 categories referenced, 0 missing",1
E32,C8,claim-scope applicability (68 occurrences),"n/a (base row, pre-normalization)",category reference,required,C1,c1.space.* (34),"n/a (base row, pre-normalization)",category identity,architecture,RESOLVED,"All 34 categories referenced, 0 missing",1
E33,C8,edge-marker claim reference,"n/a (base row, pre-normalization)",cross-contract reference,conditional,C7,c7.edgemarker.*,"n/a (base row, pre-normalization)",lineage marker,architecture,RESOLVED,Confirmed real reference in earlier namespace scan,1
E34,C9,C.2 fixture reason tokens,"n/a (base row, pre-normalization)",runtime token definition,required,C2,c2.room.*/c2.node.*/c2.relation.*/c2.geometry.*,"n/a (base row, pre-normalization)",structural violation,fixture/runtime,RESOLVED,4 C.2-suite tokens verified exact,1
E35,C9,C.3/CV fixture reason tokens,"n/a (base row, pre-normalization)",runtime token definition,required,C3,c3.general.*/c3.room.*/c3.confidence.*/c3.provenance.*,"n/a (base row, pre-normalization)",structural/contract violation,fixture/runtime,RESOLVED,10 C.3+CV-suite tokens verified exact,1
E01-001,C10,c10.field.001 (CaptureSetIntake.operationId),sec7-master-field-inventory,field-bound validation pairing,required,C10,c10.validation.001,sec9-field-bound-validation-registry,validation rule,runtime,RESOLVED,Direct table lookup: field row and validation row share identical numeric ID; validation Target column matches field Construct,1
E01-002,C10,c10.field.002 (CaptureSetIntake.inputArtifactId),sec7-master-field-inventory,field-bound validation pairing,required,C10,c10.validation.002,sec9-field-bound-validation-registry,validation rule,runtime,RESOLVED,Direct table lookup: field row and validation row share identical numeric ID; validation Target column matches field Construct,1
E01-003,C10,c10.field.003 (CaptureSetIntake.imageAssets),sec7-master-field-inventory,field-bound validation pairing,required,C10,c10.validation.003,sec9-field-bound-validation-registry,validation rule,runtime,RESOLVED,Direct table lookup: field row and validation row share identical numeric ID; validation Target column matches field Construct,1
E01-004,C10,c10.field.004 (ImageAsset.imageAssetId),sec7-master-field-inventory,field-bound validation pairing,required,C10,c10.validation.004,sec9-field-bound-validation-registry,validation rule,runtime,RESOLVED,Direct table lookup: field row and validation row share identical numeric ID; validation Target column matches field Construct,1
E01-005,C10,c10.field.005 (ImageAsset.sourceAssetId),sec7-master-field-inventory,field-bound validation pairing,required,C10,c10.validation.005,sec9-field-bound-validation-registry,validation rule,runtime,RESOLVED,Direct table lookup: field row and validation row share identical numeric ID; validation Target column matches field Construct,1
E01-006,C10,c10.field.006 (ImageAsset.sourceClass),sec7-master-field-inventory,field-bound validation pairing,required,C10,c10.validation.006,sec9-field-bound-validation-registry,validation rule,runtime,RESOLVED,Direct table lookup: field row and validation row share identical numeric ID; validation Target column matches field Construct,1
E01-007,C10,c10.field.007 (ImageAsset.mediaType),sec7-master-field-inventory,field-bound validation pairing,required,C10,c10.validation.007,sec9-field-bound-validation-registry,validation rule,runtime,RESOLVED,Direct table lookup: field row and validation row share identical numeric ID; validation Target column matches field Construct,1
E01-008,C10,c10.field.008 (ImageAsset.contentIntegrityReference),sec7-master-field-inventory,field-bound validation pairing,required,C10,c10.validation.008,sec9-field-bound-validation-registry,validation rule,runtime,RESOLVED,Direct table lookup: field row and validation row share identical numeric ID; validation Target column matches field Construct,1
E01-009,C10,c10.field.009 (ImageAsset.preprocessingLineageReference),sec7-master-field-inventory,field-bound validation pairing,required,C10,c10.validation.009,sec9-field-bound-validation-registry,validation rule,runtime,RESOLVED,Direct table lookup: field row and validation row share identical numeric ID; validation Target column matches field Construct,1
E01-010,C10,c10.field.010 (SameRoomValidationRecord.sameRoomValidationId),sec7-master-field-inventory,field-bound validation pairing,required,C10,c10.validation.010,sec9-field-bound-validation-registry,validation rule,runtime,RESOLVED,Direct table lookup: field row and validation row share identical numeric ID; validation Target column matches field Construct,1
E01-011,C10,c10.field.011 (SameRoomValidationRecord.operationId),sec7-master-field-inventory,field-bound validation pairing,required,C10,c10.validation.011,sec9-field-bound-validation-registry,validation rule,runtime,RESOLVED,Direct table lookup: field row and validation row share identical numeric ID; validation Target column matches field Construct,1
E01-012,C10,c10.field.012 (SameRoomValidationRecord.contributingImageAssetIds),sec7-master-field-inventory,field-bound validation pairing,required,C10,c10.validation.012,sec9-field-bound-validation-registry,validation rule,runtime,RESOLVED,Direct table lookup: field row and validation row share identical numeric ID; validation Target column matches field Construct,1
E01-013,C10,c10.field.013 (SameRoomValidationRecord.outcome),sec7-master-field-inventory,field-bound validation pairing,required,C10,c10.validation.013,sec9-field-bound-validation-registry,validation rule,runtime,RESOLVED,Direct table lookup: field row and validation row share identical numeric ID; validation Target column matches field Construct,1
E01-014,C10,c10.field.014 (SameRoomValidationRecord.basisReferences),sec7-master-field-inventory,field-bound validation pairing,required,C10,c10.validation.014,sec9-field-bound-validation-registry,validation rule,runtime,RESOLVED,Direct table lookup: field row and validation row share identical numeric ID; validation Target column matches field Construct,1
E01-015,C10,c10.field.015 (SameRoomValidationRecord.roomCaseId),sec7-master-field-inventory,field-bound validation pairing,required,C10,c10.validation.015,sec9-field-bound-validation-registry,validation rule,runtime,RESOLVED,Direct table lookup: field row and validation row share identical numeric ID; validation Target column matches field Construct,1
E01-016,C10,c10.field.016 (SameRoomValidationRecord.inputSetId),sec7-master-field-inventory,field-bound validation pairing,required,C10,c10.validation.016,sec9-field-bound-validation-registry,validation rule,runtime,RESOLVED,Direct table lookup: field row and validation row share identical numeric ID; validation Target column matches field Construct,1
E01-017,C10,c10.field.017 (PerceptionOperation.operationId),sec7-master-field-inventory,field-bound validation pairing,required,C10,c10.validation.017,sec9-field-bound-validation-registry,validation rule,runtime,RESOLVED,Direct table lookup: field row and validation row share identical numeric ID; validation Target column matches field Construct,1
E01-018,C10,c10.field.018 (PerceptionOperation.roomCase),sec7-master-field-inventory,field-bound validation pairing,required,C10,c10.validation.018,sec9-field-bound-validation-registry,validation rule,runtime,RESOLVED,Direct table lookup: field row and validation row share identical numeric ID; validation Target column matches field Construct,1
E01-019,C10,c10.field.019 (RoomCase.roomCaseId),sec7-master-field-inventory,field-bound validation pairing,required,C10,c10.validation.019,sec9-field-bound-validation-registry,validation rule,runtime,RESOLVED,Direct table lookup: field row and validation row share identical numeric ID; validation Target column matches field Construct,1
E01-020,C10,c10.field.020 (RoomCase.imageAssets),sec7-master-field-inventory,field-bound validation pairing,required,C10,c10.validation.020,sec9-field-bound-validation-registry,validation rule,runtime,RESOLVED,Direct table lookup: field row and validation row share identical numeric ID; validation Target column matches field Construct,1
E01-021,C10,c10.field.021 (RoomCase.sameRoomValidationReference),sec7-master-field-inventory,field-bound validation pairing,required,C10,c10.validation.021,sec9-field-bound-validation-registry,validation rule,runtime,RESOLVED,Direct table lookup: field row and validation row share identical numeric ID; validation Target column matches field Construct,1
E01-022,C10,c10.field.022 (MixedRoomValidationRequest.operationId),sec7-master-field-inventory,field-bound validation pairing,required,C10,c10.validation.022,sec9-field-bound-validation-registry,validation rule,runtime,RESOLVED,Direct table lookup: field row and validation row share identical numeric ID; validation Target column matches field Construct,1
E01-023,C10,c10.field.023 (MixedRoomValidationRequest.inputSetId),sec7-master-field-inventory,field-bound validation pairing,required,C10,c10.validation.023,sec9-field-bound-validation-registry,validation rule,runtime,RESOLVED,Direct table lookup: field row and validation row share identical numeric ID; validation Target column matches field Construct,1
E01-024,C10,c10.field.024 (MixedRoomValidationRequest.imageAssets),sec7-master-field-inventory,field-bound validation pairing,required,C10,c10.validation.024,sec9-field-bound-validation-registry,validation rule,runtime,RESOLVED,Direct table lookup: field row and validation row share identical numeric ID; validation Target column matches field Construct,1
E01-025,C10,c10.field.025 (MixedRoomValidationRequest.roomCaseId),sec7-master-field-inventory,field-bound validation pairing,required,C10,c10.validation.025,sec9-field-bound-validation-registry,validation rule,runtime,RESOLVED,Direct table lookup: field row and validation row share identical numeric ID; validation Target column matches field Construct,1
E01-026,C10,c10.field.026 (UnsupportedInput.operationId),sec7-master-field-inventory,field-bound validation pairing,required,C10,c10.validation.026,sec9-field-bound-validation-registry,validation rule,runtime,RESOLVED,Direct table lookup: field row and validation row share identical numeric ID; validation Target column matches field Construct,1
E01-027,C10,c10.field.027 (UnsupportedInput.inputArtifactId),sec7-master-field-inventory,field-bound validation pairing,required,C10,c10.validation.027,sec9-field-bound-validation-registry,validation rule,runtime,RESOLVED,Direct table lookup: field row and validation row share identical numeric ID; validation Target column matches field Construct,1
E01-028,C10,c10.field.028 (UnsupportedInput.reason),sec7-master-field-inventory,field-bound validation pairing,required,C10,c10.validation.028,sec9-field-bound-validation-registry,validation rule,runtime,RESOLVED,Direct table lookup: field row and validation row share identical numeric ID; validation Target column matches field Construct,1
E01-029,C10,c10.field.029 (UnsupportedInput.observedAssetCount),sec7-master-field-inventory,field-bound validation pairing,required,C10,c10.validation.029,sec9-field-bound-validation-registry,validation rule,runtime,RESOLVED,Direct table lookup: field row and validation row share identical numeric ID; validation Target column matches field Construct,1
E01-030,C10,c10.field.030 (PerceptionOperation.operationState),sec7-master-field-inventory,field-bound validation pairing,required,C10,c10.validation.030,sec9-field-bound-validation-registry,validation rule,runtime,RESOLVED,Direct table lookup: field row and validation row share identical numeric ID; validation Target column matches field Construct,1
E01-031,C10,c10.field.031 (PerceptionOperation.resultReference),sec7-master-field-inventory,field-bound validation pairing,required,C10,c10.validation.031,sec9-field-bound-validation-registry,validation rule,runtime,RESOLVED,Direct table lookup: field row and validation row share identical numeric ID; validation Target column matches field Construct,1
E01-032,C10,c10.field.032 (CaptureSetIntake.schemaVersion),sec7-master-field-inventory,field-bound validation pairing,required,C10,c10.validation.032,sec9-field-bound-validation-registry,validation rule,runtime,RESOLVED,Direct table lookup: field row and validation row share identical numeric ID; validation Target column matches field Construct,1
E01-033,C10,c10.field.033 (SameRoomValidationRecord.schemaVersion),sec7-master-field-inventory,field-bound validation pairing,required,C10,c10.validation.033,sec9-field-bound-validation-registry,validation rule,runtime,RESOLVED,Direct table lookup: field row and validation row share identical numeric ID; validation Target column matches field Construct,1
E01-034,C10,c10.field.034 (PerceptionOperation.schemaVersion),sec7-master-field-inventory,field-bound validation pairing,required,C10,c10.validation.034,sec9-field-bound-validation-registry,validation rule,runtime,RESOLVED,Direct table lookup: field row and validation row share identical numeric ID; validation Target column matches field Construct,1
E01-035,C10,c10.field.035 (MixedRoomValidationRequest.schemaVersion),sec7-master-field-inventory,field-bound validation pairing,required,C10,c10.validation.035,sec9-field-bound-validation-registry,validation rule,runtime,RESOLVED,Direct table lookup: field row and validation row share identical numeric ID; validation Target column matches field Construct,1
E01-036,C10,c10.field.036 (UnsupportedInput.schemaVersion),sec7-master-field-inventory,field-bound validation pairing,required,C10,c10.validation.036,sec9-field-bound-validation-registry,validation rule,runtime,RESOLVED,Direct table lookup: field row and validation row share identical numeric ID; validation Target column matches field Construct,1
E01-100,C10,c10.field.100 (VlmSceneCandidate.candidateId),sec7-master-field-inventory,field-bound validation pairing,required,C10,c10.validation.100,sec9-field-bound-validation-registry,validation rule,runtime,RESOLVED,Direct table lookup: field row and validation row share identical numeric ID; validation Target column matches field Construct,1
E01-101,C10,c10.field.101 (VlmSceneCandidate.operationId),sec7-master-field-inventory,field-bound validation pairing,required,C10,c10.validation.101,sec9-field-bound-validation-registry,validation rule,runtime,RESOLVED,Direct table lookup: field row and validation row share identical numeric ID; validation Target column matches field Construct,1
E01-102,C10,c10.field.102 (VlmSceneCandidate.roomCaseId),sec7-master-field-inventory,field-bound validation pairing,required,C10,c10.validation.102,sec9-field-bound-validation-registry,validation rule,runtime,RESOLVED,Direct table lookup: field row and validation row share identical numeric ID; validation Target column matches field Construct,1
E01-103,C10,c10.field.103 (VlmSceneCandidate.contributingImageAssetIds),sec7-master-field-inventory,field-bound validation pairing,required,C10,c10.validation.103,sec9-field-bound-validation-registry,validation rule,runtime,RESOLVED,Direct table lookup: field row and validation row share identical numeric ID; validation Target column matches field Construct,1
E01-104,C10,c10.field.104 (VlmSceneCandidate.producingStageIdentity),sec7-master-field-inventory,field-bound validation pairing,required,C10,c10.validation.104,sec9-field-bound-validation-registry,validation rule,runtime,RESOLVED,Direct table lookup: field row and validation row share identical numeric ID; validation Target column matches field Construct,1
E01-105,C10,c10.field.105 (VlmSceneCandidate.rawProviderOutputReference),sec7-master-field-inventory,field-bound validation pairing,required,C10,c10.validation.105,sec9-field-bound-validation-registry,validation rule,runtime,RESOLVED,Direct table lookup: field row and validation row share identical numeric ID; validation Target column matches field Construct,1
E01-106,C10,c10.field.106 (VlmSceneCandidate.candidateNodes),sec7-master-field-inventory,field-bound validation pairing,required,C10,c10.validation.106,sec9-field-bound-validation-registry,validation rule,runtime,RESOLVED,Direct table lookup: field row and validation row share identical numeric ID; validation Target column matches field Construct,1
E01-107,C10,c10.field.107 (CandidateNode.candidateNodeId),sec7-master-field-inventory,field-bound validation pairing,required,C10,c10.validation.107,sec9-field-bound-validation-registry,validation rule,runtime,RESOLVED,Direct table lookup: field row and validation row share identical numeric ID; validation Target column matches field Construct,1
E01-108,C10,c10.field.108 (CandidateNode.kind),sec7-master-field-inventory,field-bound validation pairing,required,C10,c10.validation.108,sec9-field-bound-validation-registry,validation rule,runtime,RESOLVED,Direct table lookup: field row and validation row share identical numeric ID; validation Target column matches field Construct,1
E01-109,C10,c10.field.109 (CandidateNode.spaceTypeId),sec7-master-field-inventory,field-bound validation pairing,required,C10,c10.validation.109,sec9-field-bound-validation-registry,validation rule,runtime,RESOLVED,Direct table lookup: field row and validation row share identical numeric ID; validation Target column matches field Construct,1
E01-110,C10,c10.field.110 (CandidateNode.typeLabel),sec7-master-field-inventory,field-bound validation pairing,required,C10,c10.validation.110,sec9-field-bound-validation-registry,validation rule,runtime,RESOLVED,Direct table lookup: field row and validation row share identical numeric ID; validation Target column matches field Construct,1
E01-111,C10,c10.field.111 (CandidateNode.geometryCandidate),sec7-master-field-inventory,field-bound validation pairing,required,C10,c10.validation.111,sec9-field-bound-validation-registry,validation rule,runtime,RESOLVED,Direct table lookup: field row and validation row share identical numeric ID; validation Target column matches field Construct,1
E01-112,C10,c10.field.112 (VlmSceneCandidate.candidateRelations),sec7-master-field-inventory,field-bound validation pairing,required,C10,c10.validation.112,sec9-field-bound-validation-registry,validation rule,runtime,RESOLVED,Direct table lookup: field row and validation row share identical numeric ID; validation Target column matches field Construct,1
E01-113,C10,c10.field.113 (CandidateRelation.candidateRelationId),sec7-master-field-inventory,field-bound validation pairing,required,C10,c10.validation.113,sec9-field-bound-validation-registry,validation rule,runtime,RESOLVED,Direct table lookup: field row and validation row share identical numeric ID; validation Target column matches field Construct,1
E01-114,C10,c10.field.114 (CandidateRelation.relationTypeIdentity),sec7-master-field-inventory,field-bound validation pairing,required,C10,c10.validation.114,sec9-field-bound-validation-registry,validation rule,runtime,RESOLVED,Direct table lookup: field row and validation row share identical numeric ID; validation Target column matches field Construct,1
E01-115,C10,c10.field.115 (CandidateRelation.endpointCandidateNodeIds),sec7-master-field-inventory,field-bound validation pairing,required,C10,c10.validation.115,sec9-field-bound-validation-registry,validation rule,runtime,RESOLVED,Direct table lookup: field row and validation row share identical numeric ID; validation Target column matches field Construct,1
E01-116,C10,c10.field.116 (VlmSceneCandidate.schemaVersion),sec7-master-field-inventory,field-bound validation pairing,required,C10,c10.validation.116,sec9-field-bound-validation-registry,validation rule,runtime,RESOLVED,Direct table lookup: field row and validation row share identical numeric ID; validation Target column matches field Construct,1
E01-120,C10,c10.field.120 (StructuredSceneV0.sceneId),sec7-master-field-inventory,field-bound validation pairing,required,C10,c10.validation.120,sec9-field-bound-validation-registry,validation rule,runtime,RESOLVED,Direct table lookup: field row and validation row share identical numeric ID; validation Target column matches field Construct,1
E01-121,C10,c10.field.121 (StructuredSceneV0.operationId),sec7-master-field-inventory,field-bound validation pairing,required,C10,c10.validation.121,sec9-field-bound-validation-registry,validation rule,runtime,RESOLVED,Direct table lookup: field row and validation row share identical numeric ID; validation Target column matches field Construct,1
E01-122,C10,c10.field.122 (StructuredSceneV0.roomCaseId),sec7-master-field-inventory,field-bound validation pairing,required,C10,c10.validation.122,sec9-field-bound-validation-registry,validation rule,runtime,RESOLVED,Direct table lookup: field row and validation row share identical numeric ID; validation Target column matches field Construct,1
E01-123,C10,c10.field.123 (StructuredSceneV0.contributingImageAssetIds),sec7-master-field-inventory,field-bound validation pairing,required,C10,c10.validation.123,sec9-field-bound-validation-registry,validation rule,runtime,RESOLVED,Direct table lookup: field row and validation row share identical numeric ID; validation Target column matches field Construct,1
E01-124,C10,c10.field.124 (StructuredSceneV0.sceneRevisionId),sec7-master-field-inventory,field-bound validation pairing,required,C10,c10.validation.124,sec9-field-bound-validation-registry,validation rule,runtime,RESOLVED,Direct table lookup: field row and validation row share identical numeric ID; validation Target column matches field Construct,1
E01-125,C10,c10.field.125 (StructuredSceneV0.nodes),sec7-master-field-inventory,field-bound validation pairing,required,C10,c10.validation.125,sec9-field-bound-validation-registry,validation rule,runtime,RESOLVED,Direct table lookup: field row and validation row share identical numeric ID; validation Target column matches field Construct,1
E01-126,C10,c10.field.126 (SceneNode.nodeId),sec7-master-field-inventory,field-bound validation pairing,required,C10,c10.validation.126,sec9-field-bound-validation-registry,validation rule,runtime,RESOLVED,Direct table lookup: field row and validation row share identical numeric ID; validation Target column matches field Construct,1
E01-127,C10,c10.field.127 (SceneNode.kind),sec7-master-field-inventory,field-bound validation pairing,required,C10,c10.validation.127,sec9-field-bound-validation-registry,validation rule,runtime,RESOLVED,Direct table lookup: field row and validation row share identical numeric ID; validation Target column matches field Construct,1
E01-128,C10,c10.field.128 (SceneNode.spaceTypeId),sec7-master-field-inventory,field-bound validation pairing,required,C10,c10.validation.128,sec9-field-bound-validation-registry,validation rule,runtime,RESOLVED,Direct table lookup: field row and validation row share identical numeric ID; validation Target column matches field Construct,1
E01-129,C10,c10.field.129 (SceneNode.typeLabel),sec7-master-field-inventory,field-bound validation pairing,required,C10,c10.validation.129,sec9-field-bound-validation-registry,validation rule,runtime,RESOLVED,Direct table lookup: field row and validation row share identical numeric ID; validation Target column matches field Construct,1
E01-130,C10,c10.field.130 (SceneNode.geometry),sec7-master-field-inventory,field-bound validation pairing,required,C10,c10.validation.130,sec9-field-bound-validation-registry,validation rule,runtime,RESOLVED,Direct table lookup: field row and validation row share identical numeric ID; validation Target column matches field Construct,1
E01-131,C10,c10.field.131 (StructuredSceneV0.relations),sec7-master-field-inventory,field-bound validation pairing,required,C10,c10.validation.131,sec9-field-bound-validation-registry,validation rule,runtime,RESOLVED,Direct table lookup: field row and validation row share identical numeric ID; validation Target column matches field Construct,1
E01-132,C10,c10.field.132 (SceneRelation.relationId),sec7-master-field-inventory,field-bound validation pairing,required,C10,c10.validation.132,sec9-field-bound-validation-registry,validation rule,runtime,RESOLVED,Direct table lookup: field row and validation row share identical numeric ID; validation Target column matches field Construct,1
E01-133,C10,c10.field.133 (SceneRelation.relationTypeIdentity),sec7-master-field-inventory,field-bound validation pairing,required,C10,c10.validation.133,sec9-field-bound-validation-registry,validation rule,runtime,RESOLVED,Direct table lookup: field row and validation row share identical numeric ID; validation Target column matches field Construct,1
E01-134,C10,c10.field.134 (SceneRelation.endpointNodeIds),sec7-master-field-inventory,field-bound validation pairing,required,C10,c10.validation.134,sec9-field-bound-validation-registry,validation rule,runtime,RESOLVED,Direct table lookup: field row and validation row share identical numeric ID; validation Target column matches field Construct,1
E01-135,C10,c10.field.135 (SceneRelation.relationRevisionId),sec7-master-field-inventory,field-bound validation pairing,required,C10,c10.validation.135,sec9-field-bound-validation-registry,validation rule,runtime,RESOLVED,Direct table lookup: field row and validation row share identical numeric ID; validation Target column matches field Construct,1
E01-136,C10,c10.field.136 (StructuredSceneV0.schemaVersion),sec7-master-field-inventory,field-bound validation pairing,required,C10,c10.validation.136,sec9-field-bound-validation-registry,validation rule,runtime,RESOLVED,Direct table lookup: field row and validation row share identical numeric ID; validation Target column matches field Construct,1
E01-200,C10,c10.field.200 (PerceptionResultCommon.operationId),sec7-master-field-inventory,field-bound validation pairing,required,C10,c10.validation.200,sec9-field-bound-validation-registry,validation rule,runtime,RESOLVED,Direct table lookup: field row and validation row share identical numeric ID; validation Target column matches field Construct,1
E01-201,C10,c10.field.201 (PerceptionResultCommon.status),sec7-master-field-inventory,field-bound validation pairing,required,C10,c10.validation.201,sec9-field-bound-validation-registry,validation rule,runtime,RESOLVED,Direct table lookup: field row and validation row share identical numeric ID; validation Target column matches field Construct,1
E01-202,C10,c10.field.202 (PerceptionResultCommon.roomCaseId),sec7-master-field-inventory,field-bound validation pairing,required,C10,c10.validation.202,sec9-field-bound-validation-registry,validation rule,runtime,RESOLVED,Direct table lookup: field row and validation row share identical numeric ID; validation Target column matches field Construct,1
E01-203,C10,c10.field.203 (PerceptionResultCommon.contributingImageAssetIds),sec7-master-field-inventory,field-bound validation pairing,required,C10,c10.validation.203,sec9-field-bound-validation-registry,validation rule,runtime,RESOLVED,Direct table lookup: field row and validation row share identical numeric ID; validation Target column matches field Construct,1
E01-204,C10,c10.field.204 (PerceptionResultCommon.diagnosticsReference),sec7-master-field-inventory,field-bound validation pairing,required,C10,c10.validation.204,sec9-field-bound-validation-registry,validation rule,runtime,RESOLVED,Direct table lookup: field row and validation row share identical numeric ID; validation Target column matches field Construct,1
E01-205,C10,c10.field.205 (PerceptionResultCommon.schemaVersion),sec7-master-field-inventory,field-bound validation pairing,required,C10,c10.validation.205,sec9-field-bound-validation-registry,validation rule,runtime,RESOLVED,Direct table lookup: field row and validation row share identical numeric ID; validation Target column matches field Construct,1
E01-206,C10,c10.field.206 (PerceptionResultCommon.ruleSetVersion),sec7-master-field-inventory,field-bound validation pairing,required,C10,c10.validation.206,sec9-field-bound-validation-registry,validation rule,runtime,RESOLVED,Direct table lookup: field row and validation row share identical numeric ID; validation Target column matches field Construct,1
E01-207,C10,c10.field.207 (PerceptionResultCommon.contractBundleReference),sec7-master-field-inventory,field-bound validation pairing,required,C10,c10.validation.207,sec9-field-bound-validation-registry,validation rule,runtime,RESOLVED,Direct table lookup: field row and validation row share identical numeric ID; validation Target column matches field Construct,1
E01-208,C10,c10.field.208 (PerceptionResultCommon.vocabularyVersion),sec7-master-field-inventory,field-bound validation pairing,required,C10,c10.validation.208,sec9-field-bound-validation-registry,validation rule,runtime,RESOLVED,Direct table lookup: field row and validation row share identical numeric ID; validation Target column matches field Construct,1
E01-209,C10,c10.field.209 (PerceptionResultCommon.providerConfigurationVersionReference),sec7-master-field-inventory,field-bound validation pairing,required,C10,c10.validation.209,sec9-field-bound-validation-registry,validation rule,runtime,RESOLVED,Direct table lookup: field row and validation row share identical numeric ID; validation Target column matches field Construct,1
E01-210,C10,c10.field.210 (PerceptionResultCommon.sealedAt),sec7-master-field-inventory,field-bound validation pairing,required,C10,c10.validation.210,sec9-field-bound-validation-registry,validation rule,runtime,RESOLVED,Direct table lookup: field row and validation row share identical numeric ID; validation Target column matches field Construct,1
E01-211,C10,c10.field.211 (PerceptionResultCommon.sealIntegrityReference),sec7-master-field-inventory,field-bound validation pairing,required,C10,c10.validation.211,sec9-field-bound-validation-registry,validation rule,runtime,RESOLVED,Direct table lookup: field row and validation row share identical numeric ID; validation Target column matches field Construct,1
E01-212,C10,c10.field.212 (PerceptionResultCommon.predecessorResultReference),sec7-master-field-inventory,field-bound validation pairing,required,C10,c10.validation.212,sec9-field-bound-validation-registry,validation rule,runtime,RESOLVED,Direct table lookup: field row and validation row share identical numeric ID; validation Target column matches field Construct,1
E01-213,C10,c10.field.213 (PerceptionResultCommon.resultId),sec7-master-field-inventory,field-bound validation pairing,required,C10,c10.validation.213,sec9-field-bound-validation-registry,validation rule,runtime,RESOLVED,Direct table lookup: field row and validation row share identical numeric ID; validation Target column matches field Construct,1
E01-214,C10,c10.field.214 (PerceptionResultCommon.resultRevisionId),sec7-master-field-inventory,field-bound validation pairing,required,C10,c10.validation.214,sec9-field-bound-validation-registry,validation rule,runtime,RESOLVED,Direct table lookup: field row and validation row share identical numeric ID; validation Target column matches field Construct,1
E01-220,C10,c10.field.220 (SceneResult.scene),sec7-master-field-inventory,field-bound validation pairing,required,C10,c10.validation.220,sec9-field-bound-validation-registry,validation rule,runtime,RESOLVED,Direct table lookup: field row and validation row share identical numeric ID; validation Target column matches field Construct,1
E01-221,C10,c10.field.221 (SceneResult.completeness),sec7-master-field-inventory,field-bound validation pairing,required,C10,c10.validation.221,sec9-field-bound-validation-registry,validation rule,runtime,RESOLVED,Direct table lookup: field row and validation row share identical numeric ID; validation Target column matches field Construct,1
E01-222,C10,c10.field.222 (SceneResult.evidenceArtifactReference),sec7-master-field-inventory,field-bound validation pairing,required,C10,c10.validation.222,sec9-field-bound-validation-registry,validation rule,runtime,RESOLVED,Direct table lookup: field row and validation row share identical numeric ID; validation Target column matches field Construct,1
E01-230,C10,c10.field.230 (InsufficientEvidenceResult.reasonCategory),sec7-master-field-inventory,field-bound validation pairing,required,C10,c10.validation.230,sec9-field-bound-validation-registry,validation rule,runtime,RESOLVED,Direct table lookup: field row and validation row share identical numeric ID; validation Target column matches field Construct,1
E01-231,C10,c10.field.231 (InsufficientEvidenceResult.recommendedNextAction),sec7-master-field-inventory,field-bound validation pairing,required,C10,c10.validation.231,sec9-field-bound-validation-registry,validation rule,runtime,RESOLVED,Direct table lookup: field row and validation row share identical numeric ID; validation Target column matches field Construct,1
E01-240,C10,c10.field.240 (FailureResult.technicalReasonCategory),sec7-master-field-inventory,field-bound validation pairing,required,C10,c10.validation.240,sec9-field-bound-validation-registry,validation rule,runtime,RESOLVED,Direct table lookup: field row and validation row share identical numeric ID; validation Target column matches field Construct,1
E01-241,C10,c10.field.241 (FailureResult.retryability),sec7-master-field-inventory,field-bound validation pairing,required,C10,c10.validation.241,sec9-field-bound-validation-registry,validation rule,runtime,RESOLVED,Direct table lookup: field row and validation row share identical numeric ID; validation Target column matches field Construct,1
E01-250,C10,c10.field.250 (RejectedResult.contractViolations),sec7-master-field-inventory,field-bound validation pairing,required,C10,c10.validation.250,sec9-field-bound-validation-registry,validation rule,runtime,RESOLVED,Direct table lookup: field row and validation row share identical numeric ID; validation Target column matches field Construct,1
E01-251,C10,c10.field.251 (RejectedResult.inputSetId),sec7-master-field-inventory,field-bound validation pairing,required,C10,c10.validation.251,sec9-field-bound-validation-registry,validation rule,runtime,RESOLVED,Direct table lookup: field row and validation row share identical numeric ID; validation Target column matches field Construct,1
E01-252,C10,c10.field.252 (RejectedResult.rejectionStage),sec7-master-field-inventory,field-bound validation pairing,required,C10,c10.validation.252,sec9-field-bound-validation-registry,validation rule,runtime,RESOLVED,Direct table lookup: field row and validation row share identical numeric ID; validation Target column matches field Construct,1
E01-253,C10,c10.field.253 (RejectedResult.rejectionContextReference),sec7-master-field-inventory,field-bound validation pairing,required,C10,c10.validation.253,sec9-field-bound-validation-registry,validation rule,runtime,RESOLVED,Direct table lookup: field row and validation row share identical numeric ID; validation Target column matches field Construct,1
E01-260,C10,c10.field.260 (PerceptionOperationDiagnostics.diagnosticsId),sec7-master-field-inventory,field-bound validation pairing,required,C10,c10.validation.260,sec9-field-bound-validation-registry,validation rule,runtime,RESOLVED,Direct table lookup: field row and validation row share identical numeric ID; validation Target column matches field Construct,1
E01-261,C10,c10.field.261 (PerceptionOperationDiagnostics.operationId),sec7-master-field-inventory,field-bound validation pairing,required,C10,c10.validation.261,sec9-field-bound-validation-registry,validation rule,runtime,RESOLVED,Direct table lookup: field row and validation row share identical numeric ID; validation Target column matches field Construct,1
E01-262,C10,c10.field.262 (PerceptionOperationDiagnostics.roomCaseId),sec7-master-field-inventory,field-bound validation pairing,required,C10,c10.validation.262,sec9-field-bound-validation-registry,validation rule,runtime,RESOLVED,Direct table lookup: field row and validation row share identical numeric ID; validation Target column matches field Construct,1
E01-263,C10,c10.field.263 (PerceptionOperationDiagnostics.stageEvents),sec7-master-field-inventory,field-bound validation pairing,required,C10,c10.validation.263,sec9-field-bound-validation-registry,validation rule,runtime,RESOLVED,Direct table lookup: field row and validation row share identical numeric ID; validation Target column matches field Construct,1
E01-264,C10,c10.field.264 (StageEvent.stageIdentity),sec7-master-field-inventory,field-bound validation pairing,required,C10,c10.validation.264,sec9-field-bound-validation-registry,validation rule,runtime,RESOLVED,Direct table lookup: field row and validation row share identical numeric ID; validation Target column matches field Construct,1
E01-265,C10,c10.field.265 (StageEvent.status),sec7-master-field-inventory,field-bound validation pairing,required,C10,c10.validation.265,sec9-field-bound-validation-registry,validation rule,runtime,RESOLVED,Direct table lookup: field row and validation row share identical numeric ID; validation Target column matches field Construct,1
E01-266,C10,c10.field.266 (StageEvent.startedAt),sec7-master-field-inventory,field-bound validation pairing,required,C10,c10.validation.266,sec9-field-bound-validation-registry,validation rule,runtime,RESOLVED,Direct table lookup: field row and validation row share identical numeric ID; validation Target column matches field Construct,1
E01-267,C10,c10.field.267 (StageEvent.completedAt),sec7-master-field-inventory,field-bound validation pairing,required,C10,c10.validation.267,sec9-field-bound-validation-registry,validation rule,runtime,RESOLVED,Direct table lookup: field row and validation row share identical numeric ID; validation Target column matches field Construct,1
E01-268,C10,c10.field.268 (StageEvent.failureCode),sec7-master-field-inventory,field-bound validation pairing,required,C10,c10.validation.268,sec9-field-bound-validation-registry,validation rule,runtime,RESOLVED,Direct table lookup: field row and validation row share identical numeric ID; validation Target column matches field Construct,1
E01-269,C10,c10.field.269 (PerceptionOperationDiagnostics.imageDiagnosticReferences),sec7-master-field-inventory,field-bound validation pairing,required,C10,c10.validation.269,sec9-field-bound-validation-registry,validation rule,runtime,RESOLVED,Direct table lookup: field row and validation row share identical numeric ID; validation Target column matches field Construct,1
E01-270,C10,c10.field.270 (PerceptionOperationDiagnostics.traceReference),sec7-master-field-inventory,field-bound validation pairing,required,C10,c10.validation.270,sec9-field-bound-validation-registry,validation rule,runtime,RESOLVED,Direct table lookup: field row and validation row share identical numeric ID; validation Target column matches field Construct,1
E01-271,C10,c10.field.271 (PerceptionOperationDiagnostics.integrityReference),sec7-master-field-inventory,field-bound validation pairing,required,C10,c10.validation.271,sec9-field-bound-validation-registry,validation rule,runtime,RESOLVED,Direct table lookup: field row and validation row share identical numeric ID; validation Target column matches field Construct,1
E01-272,C10,c10.field.272 (PerceptionOperationDiagnostics.schemaVersion),sec7-master-field-inventory,field-bound validation pairing,required,C10,c10.validation.272,sec9-field-bound-validation-registry,validation rule,runtime,RESOLVED,Direct table lookup: field row and validation row share identical numeric ID; validation Target column matches field Construct,1
E01-280,C10,c10.field.280 (ImageAssetProcessingDiagnostic.imageDiagnosticId),sec7-master-field-inventory,field-bound validation pairing,required,C10,c10.validation.280,sec9-field-bound-validation-registry,validation rule,runtime,RESOLVED,Direct table lookup: field row and validation row share identical numeric ID; validation Target column matches field Construct,1
E01-281,C10,c10.field.281 (ImageAssetProcessingDiagnostic.operationId),sec7-master-field-inventory,field-bound validation pairing,required,C10,c10.validation.281,sec9-field-bound-validation-registry,validation rule,runtime,RESOLVED,Direct table lookup: field row and validation row share identical numeric ID; validation Target column matches field Construct,1
E01-282,C10,c10.field.282 (ImageAssetProcessingDiagnostic.imageAssetId),sec7-master-field-inventory,field-bound validation pairing,required,C10,c10.validation.282,sec9-field-bound-validation-registry,validation rule,runtime,RESOLVED,Direct table lookup: field row and validation row share identical numeric ID; validation Target column matches field Construct,1
E01-283,C10,c10.field.283 (ImageAssetProcessingDiagnostic.processingStatus),sec7-master-field-inventory,field-bound validation pairing,required,C10,c10.validation.283,sec9-field-bound-validation-registry,validation rule,runtime,RESOLVED,Direct table lookup: field row and validation row share identical numeric ID; validation Target column matches field Construct,1
E01-284,C10,c10.field.284 (ImageAssetProcessingDiagnostic.failureStage),sec7-master-field-inventory,field-bound validation pairing,required,C10,c10.validation.284,sec9-field-bound-validation-registry,validation rule,runtime,RESOLVED,Direct table lookup: field row and validation row share identical numeric ID; validation Target column matches field Construct,1
E01-285,C10,c10.field.285 (ImageAssetProcessingDiagnostic.failureCode),sec7-master-field-inventory,field-bound validation pairing,required,C10,c10.validation.285,sec9-field-bound-validation-registry,validation rule,runtime,RESOLVED,Direct table lookup: field row and validation row share identical numeric ID; validation Target column matches field Construct,1
E01-286,C10,c10.field.286 (ImageAssetProcessingDiagnostic.retryability),sec7-master-field-inventory,field-bound validation pairing,required,C10,c10.validation.286,sec9-field-bound-validation-registry,validation rule,runtime,RESOLVED,Direct table lookup: field row and validation row share identical numeric ID; validation Target column matches field Construct,1
E01-287,C10,c10.field.287 (ImageAssetProcessingDiagnostic.providerTraceReference),sec7-master-field-inventory,field-bound validation pairing,required,C10,c10.validation.287,sec9-field-bound-validation-registry,validation rule,runtime,RESOLVED,Direct table lookup: field row and validation row share identical numeric ID; validation Target column matches field Construct,1
E01-288,C10,c10.field.288 (ImageAssetProcessingDiagnostic.preprocessingTraceReference),sec7-master-field-inventory,field-bound validation pairing,required,C10,c10.validation.288,sec9-field-bound-validation-registry,validation rule,runtime,RESOLVED,Direct table lookup: field row and validation row share identical numeric ID; validation Target column matches field Construct,1
E01-289,C10,c10.field.289 (ImageAssetProcessingDiagnostic.evidenceAvailability),sec7-master-field-inventory,field-bound validation pairing,required,C10,c10.validation.289,sec9-field-bound-validation-registry,validation rule,runtime,RESOLVED,Direct table lookup: field row and validation row share identical numeric ID; validation Target column matches field Construct,1
E01-290,C10,c10.field.290 (ImageAssetProcessingDiagnostic.excludedFromFusionReason),sec7-master-field-inventory,field-bound validation pairing,required,C10,c10.validation.290,sec9-field-bound-validation-registry,validation rule,runtime,RESOLVED,Direct table lookup: field row and validation row share identical numeric ID; validation Target column matches field Construct,1
E01-291,C10,c10.field.291 (ImageAssetProcessingDiagnostic.schemaVersion),sec7-master-field-inventory,field-bound validation pairing,required,C10,c10.validation.291,sec9-field-bound-validation-registry,validation rule,runtime,RESOLVED,Direct table lookup: field row and validation row share identical numeric ID; validation Target column matches field Construct,1
E01-300,C10,c10.field.300 (PerceptionEvidenceArtifact.evidenceArtifactId),sec7-master-field-inventory,field-bound validation pairing,required,C10,c10.validation.300,sec9-field-bound-validation-registry,validation rule,runtime,RESOLVED,Direct table lookup: field row and validation row share identical numeric ID; validation Target column matches field Construct,1
E01-301,C10,c10.field.301 (PerceptionEvidenceArtifact.operationId),sec7-master-field-inventory,field-bound validation pairing,required,C10,c10.validation.301,sec9-field-bound-validation-registry,validation rule,runtime,RESOLVED,Direct table lookup: field row and validation row share identical numeric ID; validation Target column matches field Construct,1
E01-302,C10,c10.field.302 (PerceptionEvidenceArtifact.roomCaseId),sec7-master-field-inventory,field-bound validation pairing,required,C10,c10.validation.302,sec9-field-bound-validation-registry,validation rule,runtime,RESOLVED,Direct table lookup: field row and validation row share identical numeric ID; validation Target column matches field Construct,1
E01-303,C10,c10.field.303 (PerceptionEvidenceArtifact.contributingImageAssetIds),sec7-master-field-inventory,field-bound validation pairing,required,C10,c10.validation.303,sec9-field-bound-validation-registry,validation rule,runtime,RESOLVED,Direct table lookup: field row and validation row share identical numeric ID; validation Target column matches field Construct,1
E01-304,C10,c10.field.304 (PerceptionEvidenceArtifact.sceneReference),sec7-master-field-inventory,field-bound validation pairing,required,C10,c10.validation.304,sec9-field-bound-validation-registry,validation rule,runtime,RESOLVED,Direct table lookup: field row and validation row share identical numeric ID; validation Target column matches field Construct,1
E01-305,C10,c10.field.305 (PerceptionEvidenceArtifact.groundingRecords),sec7-master-field-inventory,field-bound validation pairing,required,C10,c10.validation.305,sec9-field-bound-validation-registry,validation rule,runtime,RESOLVED,Direct table lookup: field row and validation row share identical numeric ID; validation Target column matches field Construct,1
E01-306,C10,c10.field.306 (GroundingRecord.groundingRecordId),sec7-master-field-inventory,field-bound validation pairing,required,C10,c10.validation.306,sec9-field-bound-validation-registry,validation rule,runtime,RESOLVED,Direct table lookup: field row and validation row share identical numeric ID; validation Target column matches field Construct,1
E01-307,C10,c10.field.307 (GroundingRecord.targetElementId),sec7-master-field-inventory,field-bound validation pairing,required,C10,c10.validation.307,sec9-field-bound-validation-registry,validation rule,runtime,RESOLVED,Direct table lookup: field row and validation row share identical numeric ID; validation Target column matches field Construct,1
E01-308,C10,c10.field.308 (GroundingRecord.imageAssetIds),sec7-master-field-inventory,field-bound validation pairing,required,C10,c10.validation.308,sec9-field-bound-validation-registry,validation rule,runtime,RESOLVED,Direct table lookup: field row and validation row share identical numeric ID; validation Target column matches field Construct,1
E01-309,C10,c10.field.309 (GroundingRecord.evidenceReference),sec7-master-field-inventory,field-bound validation pairing,required,C10,c10.validation.309,sec9-field-bound-validation-registry,validation rule,runtime,RESOLVED,Direct table lookup: field row and validation row share identical numeric ID; validation Target column matches field Construct,1
E01-310,C10,c10.field.310 (GroundingRecord.evidenceType),sec7-master-field-inventory,field-bound validation pairing,required,C10,c10.validation.310,sec9-field-bound-validation-registry,validation rule,runtime,RESOLVED,Direct table lookup: field row and validation row share identical numeric ID; validation Target column matches field Construct,1
E01-311,C10,c10.field.311 (GroundingRecord.confidenceAssertionReference),sec7-master-field-inventory,field-bound validation pairing,required,C10,c10.validation.311,sec9-field-bound-validation-registry,validation rule,runtime,RESOLVED,Direct table lookup: field row and validation row share identical numeric ID; validation Target column matches field Construct,1
E01-312,C10,c10.field.312 (GroundingRecord.provenanceAttachmentReference),sec7-master-field-inventory,field-bound validation pairing,required,C10,c10.validation.312,sec9-field-bound-validation-registry,validation rule,runtime,RESOLVED,Direct table lookup: field row and validation row share identical numeric ID; validation Target column matches field Construct,1
E01-313,C10,c10.field.313 (GroundingRecord.mechanismVersionReference),sec7-master-field-inventory,field-bound validation pairing,required,C10,c10.validation.313,sec9-field-bound-validation-registry,validation rule,runtime,RESOLVED,Direct table lookup: field row and validation row share identical numeric ID; validation Target column matches field Construct,1
E01-314,C10,c10.field.314 (GroundingRecord.promptVersionReference),sec7-master-field-inventory,field-bound validation pairing,required,C10,c10.validation.314,sec9-field-bound-validation-registry,validation rule,runtime,RESOLVED,Direct table lookup: field row and validation row share identical numeric ID; validation Target column matches field Construct,1
E01-315,C10,c10.field.315 (GroundingRecord.preprocessingTransformReference),sec7-master-field-inventory,field-bound validation pairing,required,C10,c10.validation.315,sec9-field-bound-validation-registry,validation rule,runtime,RESOLVED,Direct table lookup: field row and validation row share identical numeric ID; validation Target column matches field Construct,1
E01-316,C10,c10.field.316 (PerceptionEvidenceArtifact.provenanceAttachments),sec7-master-field-inventory,field-bound validation pairing,required,C10,c10.validation.316,sec9-field-bound-validation-registry,validation rule,runtime,RESOLVED,Direct table lookup: field row and validation row share identical numeric ID; validation Target column matches field Construct,1
E01-317,C10,c10.field.317 (PerceptionEvidenceArtifact.bestEffortAssessments),sec7-master-field-inventory,field-bound validation pairing,required,C10,c10.validation.317,sec9-field-bound-validation-registry,validation rule,runtime,RESOLVED,Direct table lookup: field row and validation row share identical numeric ID; validation Target column matches field Construct,1
E01-318,C10,c10.field.318 (PerceptionEvidenceArtifact.attributeEvidenceArtifacts),sec7-master-field-inventory,field-bound validation pairing,required,C10,c10.validation.318,sec9-field-bound-validation-registry,validation rule,runtime,RESOLVED,Direct table lookup: field row and validation row share identical numeric ID; validation Target column matches field Construct,1
E01-319,C10,c10.field.319 (PerceptionEvidenceArtifact.evidenceSets),sec7-master-field-inventory,field-bound validation pairing,required,C10,c10.validation.319,sec9-field-bound-validation-registry,validation rule,runtime,RESOLVED,Direct table lookup: field row and validation row share identical numeric ID; validation Target column matches field Construct,1
E01-320,C10,c10.field.320 (PerceptionEvidenceArtifact.determinabilityBasisRecords),sec7-master-field-inventory,field-bound validation pairing,required,C10,c10.validation.320,sec9-field-bound-validation-registry,validation rule,runtime,RESOLVED,Direct table lookup: field row and validation row share identical numeric ID; validation Target column matches field Construct,1
E01-321,C10,c10.field.321 (PerceptionEvidenceArtifact.confidenceAssertions),sec7-master-field-inventory,field-bound validation pairing,required,C10,c10.validation.321,sec9-field-bound-validation-registry,validation rule,runtime,RESOLVED,Direct table lookup: field row and validation row share identical numeric ID; validation Target column matches field Construct,1
E01-322,C10,c10.field.322 (PerceptionEvidenceArtifact.contract6PackageReference),sec7-master-field-inventory,field-bound validation pairing,required,C10,c10.validation.322,sec9-field-bound-validation-registry,validation rule,runtime,RESOLVED,Direct table lookup: field row and validation row share identical numeric ID; validation Target column matches field Construct,1
E01-323,C10,c10.field.323 (PerceptionEvidenceArtifact.integrityReference),sec7-master-field-inventory,field-bound validation pairing,required,C10,c10.validation.323,sec9-field-bound-validation-registry,validation rule,runtime,RESOLVED,Direct table lookup: field row and validation row share identical numeric ID; validation Target column matches field Construct,1
E01-324,C10,c10.field.324 (PerceptionEvidenceArtifact.historyReference),sec7-master-field-inventory,field-bound validation pairing,required,C10,c10.validation.324,sec9-field-bound-validation-registry,validation rule,runtime,RESOLVED,Direct table lookup: field row and validation row share identical numeric ID; validation Target column matches field Construct,1
E01-325,C10,c10.field.325 (PerceptionEvidenceArtifact.bestEffortValues),sec7-master-field-inventory,field-bound validation pairing,required,C10,c10.validation.325,sec9-field-bound-validation-registry,validation rule,runtime,RESOLVED,Direct table lookup: field row and validation row share identical numeric ID; validation Target column matches field Construct,1
E01-326,C10,c10.field.326 (PerceptionEvidenceArtifact.confidenceSourceSignals),sec7-master-field-inventory,field-bound validation pairing,required,C10,c10.validation.326,sec9-field-bound-validation-registry,validation rule,runtime,RESOLVED,Direct table lookup: field row and validation row share identical numeric ID; validation Target column matches field Construct,1
E01-327,C10,c10.field.327 (PerceptionEvidenceArtifact.schemaVersion),sec7-master-field-inventory,field-bound validation pairing,required,C10,c10.validation.327,sec9-field-bound-validation-registry,validation rule,runtime,RESOLVED,Direct table lookup: field row and validation row share identical numeric ID; validation Target column matches field Construct,1
E01-330,C10,c10.field.330 (ProvenanceAttachmentRecord.provenanceAttachmentId),sec7-master-field-inventory,field-bound validation pairing,required,C10,c10.validation.330,sec9-field-bound-validation-registry,validation rule,runtime,RESOLVED,Direct table lookup: field row and validation row share identical numeric ID; validation Target column matches field Construct,1
E01-331,C10,c10.field.331 (ProvenanceAttachmentRecord.targetAnnotationId),sec7-master-field-inventory,field-bound validation pairing,required,C10,c10.validation.331,sec9-field-bound-validation-registry,validation rule,runtime,RESOLVED,Direct table lookup: field row and validation row share identical numeric ID; validation Target column matches field Construct,1
E01-332,C10,c10.field.332 (ProvenanceAttachmentRecord.targetKind),sec7-master-field-inventory,field-bound validation pairing,required,C10,c10.validation.332,sec9-field-bound-validation-registry,validation rule,runtime,RESOLVED,Direct table lookup: field row and validation row share identical numeric ID; validation Target column matches field Construct,1
E01-333,C10,c10.field.333 (ProvenanceAttachmentRecord.provenanceIdentity),sec7-master-field-inventory,field-bound validation pairing,required,C10,c10.validation.333,sec9-field-bound-validation-registry,validation rule,runtime,RESOLVED,Direct table lookup: field row and validation row share identical numeric ID; validation Target column matches field Construct,1
E01-334,C10,c10.field.334 (ProvenanceAttachmentRecord.producingStageIdentity),sec7-master-field-inventory,field-bound validation pairing,required,C10,c10.validation.334,sec9-field-bound-validation-registry,validation rule,runtime,RESOLVED,Direct table lookup: field row and validation row share identical numeric ID; validation Target column matches field Construct,1
E01-335,C10,c10.field.335 (ProvenanceAttachmentRecord.producerIdentityAndVersions),sec7-master-field-inventory,field-bound validation pairing,required,C10,c10.validation.335,sec9-field-bound-validation-registry,validation rule,runtime,RESOLVED,Direct table lookup: field row and validation row share identical numeric ID; validation Target column matches field Construct,1
E01-336,C10,c10.field.336 (ProvenanceAttachmentRecord.parentEvidenceOrValueIds),sec7-master-field-inventory,field-bound validation pairing,required,C10,c10.validation.336,sec9-field-bound-validation-registry,validation rule,runtime,RESOLVED,Direct table lookup: field row and validation row share identical numeric ID; validation Target column matches field Construct,1
E01-337,C10,c10.field.337 (ProvenanceAttachmentRecord.roomCaseId),sec7-master-field-inventory,field-bound validation pairing,required,C10,c10.validation.337,sec9-field-bound-validation-registry,validation rule,runtime,RESOLVED,Direct table lookup: field row and validation row share identical numeric ID; validation Target column matches field Construct,1
E01-338,C10,c10.field.338 (ProvenanceAttachmentRecord.contractSemanticVersion),sec7-master-field-inventory,field-bound validation pairing,required,C10,c10.validation.338,sec9-field-bound-validation-registry,validation rule,runtime,RESOLVED,Direct table lookup: field row and validation row share identical numeric ID; validation Target column matches field Construct,1
E01-339,C10,c10.field.339 (ProvenanceAttachmentRecord.traceReference),sec7-master-field-inventory,field-bound validation pairing,required,C10,c10.validation.339,sec9-field-bound-validation-registry,validation rule,runtime,RESOLVED,Direct table lookup: field row and validation row share identical numeric ID; validation Target column matches field Construct,1
E01-340,C10,c10.field.340 (ProvenanceAttachmentRecord.integrityReference),sec7-master-field-inventory,field-bound validation pairing,required,C10,c10.validation.340,sec9-field-bound-validation-registry,validation rule,runtime,RESOLVED,Direct table lookup: field row and validation row share identical numeric ID; validation Target column matches field Construct,1
E01-341,C10,c10.field.341 (ProvenanceAttachmentRecord.historyReference),sec7-master-field-inventory,field-bound validation pairing,required,C10,c10.validation.341,sec9-field-bound-validation-registry,validation rule,runtime,RESOLVED,Direct table lookup: field row and validation row share identical numeric ID; validation Target column matches field Construct,1
E01-350,C10,c10.field.350 (BestEffortFieldAssessmentRecord.assessmentId),sec7-master-field-inventory,field-bound validation pairing,required,C10,c10.validation.350,sec9-field-bound-validation-registry,validation rule,runtime,RESOLVED,Direct table lookup: field row and validation row share identical numeric ID; validation Target column matches field Construct,1
E01-351,C10,c10.field.351 (BestEffortFieldAssessmentRecord.fieldIdentity),sec7-master-field-inventory,field-bound validation pairing,required,C10,c10.validation.351,sec9-field-bound-validation-registry,validation rule,runtime,RESOLVED,Direct table lookup: field row and validation row share identical numeric ID; validation Target column matches field Construct,1
E01-352,C10,c10.field.352 (BestEffortFieldAssessmentRecord.capabilityIdentity),sec7-master-field-inventory,field-bound validation pairing,required,C10,c10.validation.352,sec9-field-bound-validation-registry,validation rule,runtime,RESOLVED,Direct table lookup: field row and validation row share identical numeric ID; validation Target column matches field Construct,1
E01-353,C10,c10.field.353 (BestEffortFieldAssessmentRecord.ownerId),sec7-master-field-inventory,field-bound validation pairing,required,C10,c10.validation.353,sec9-field-bound-validation-registry,validation rule,runtime,RESOLVED,Direct table lookup: field row and validation row share identical numeric ID; validation Target column matches field Construct,1
E01-354,C10,c10.field.354 (BestEffortFieldAssessmentRecord.ownerKind),sec7-master-field-inventory,field-bound validation pairing,required,C10,c10.validation.354,sec9-field-bound-validation-registry,validation rule,runtime,RESOLVED,Direct table lookup: field row and validation row share identical numeric ID; validation Target column matches field Construct,1
E01-355,C10,c10.field.355 (BestEffortFieldAssessmentRecord.roomCaseId),sec7-master-field-inventory,field-bound validation pairing,required,C10,c10.validation.355,sec9-field-bound-validation-registry,validation rule,runtime,RESOLVED,Direct table lookup: field row and validation row share identical numeric ID; validation Target column matches field Construct,1
E01-356,C10,c10.field.356 (BestEffortFieldAssessmentRecord.linkedValueIds),sec7-master-field-inventory,field-bound validation pairing,required,C10,c10.validation.356,sec9-field-bound-validation-registry,validation rule,runtime,RESOLVED,Direct table lookup: field row and validation row share identical numeric ID; validation Target column matches field Construct,1
E01-357,C10,c10.field.357 (BestEffortFieldAssessmentRecord.determinabilityBasisRecordId),sec7-master-field-inventory,field-bound validation pairing,required,C10,c10.validation.357,sec9-field-bound-validation-registry,validation rule,runtime,RESOLVED,Direct table lookup: field row and validation row share identical numeric ID; validation Target column matches field Construct,1
E01-358,C10,c10.field.358 (BestEffortFieldAssessmentRecord.contractSemanticVersion),sec7-master-field-inventory,field-bound validation pairing,required,C10,c10.validation.358,sec9-field-bound-validation-registry,validation rule,runtime,RESOLVED,Direct table lookup: field row and validation row share identical numeric ID; validation Target column matches field Construct,1
E01-359,C10,c10.field.359 (BestEffortFieldAssessmentRecord.producingStageIdentity),sec7-master-field-inventory,field-bound validation pairing,required,C10,c10.validation.359,sec9-field-bound-validation-registry,validation rule,runtime,RESOLVED,Direct table lookup: field row and validation row share identical numeric ID; validation Target column matches field Construct,1
E01-360,C10,c10.field.360 (BestEffortFieldAssessmentRecord.traceReference),sec7-master-field-inventory,field-bound validation pairing,required,C10,c10.validation.360,sec9-field-bound-validation-registry,validation rule,runtime,RESOLVED,Direct table lookup: field row and validation row share identical numeric ID; validation Target column matches field Construct,1
E01-361,C10,c10.field.361 (BestEffortFieldAssessmentRecord.integrityReference),sec7-master-field-inventory,field-bound validation pairing,required,C10,c10.validation.361,sec9-field-bound-validation-registry,validation rule,runtime,RESOLVED,Direct table lookup: field row and validation row share identical numeric ID; validation Target column matches field Construct,1
E01-362,C10,c10.field.362 (BestEffortFieldAssessmentRecord.historyReference),sec7-master-field-inventory,field-bound validation pairing,required,C10,c10.validation.362,sec9-field-bound-validation-registry,validation rule,runtime,RESOLVED,Direct table lookup: field row and validation row share identical numeric ID; validation Target column matches field Construct,1
E01-370,C10,c10.field.370 (AttributeEvidenceArtifact.attributeEvidenceArtifactId),sec7-master-field-inventory,field-bound validation pairing,required,C10,c10.validation.370,sec9-field-bound-validation-registry,validation rule,runtime,RESOLVED,Direct table lookup: field row and validation row share identical numeric ID; validation Target column matches field Construct,1
E01-371,C10,c10.field.371 (AttributeEvidenceArtifact.fieldAssessmentId),sec7-master-field-inventory,field-bound validation pairing,required,C10,c10.validation.371,sec9-field-bound-validation-registry,validation rule,runtime,RESOLVED,Direct table lookup: field row and validation row share identical numeric ID; validation Target column matches field Construct,1
E01-372,C10,c10.field.372 (AttributeEvidenceArtifact.bestEffortValueId),sec7-master-field-inventory,field-bound validation pairing,required,C10,c10.validation.372,sec9-field-bound-validation-registry,validation rule,runtime,RESOLVED,Direct table lookup: field row and validation row share identical numeric ID; validation Target column matches field Construct,1
E01-373,C10,c10.field.373 (AttributeEvidenceArtifact.ownerId),sec7-master-field-inventory,field-bound validation pairing,required,C10,c10.validation.373,sec9-field-bound-validation-registry,validation rule,runtime,RESOLVED,Direct table lookup: field row and validation row share identical numeric ID; validation Target column matches field Construct,1
E01-374,C10,c10.field.374 (AttributeEvidenceArtifact.evidenceKindIdentity),sec7-master-field-inventory,field-bound validation pairing,required,C10,c10.validation.374,sec9-field-bound-validation-registry,validation rule,runtime,RESOLVED,Direct table lookup: field row and validation row share identical numeric ID; validation Target column matches field Construct,1
E01-375,C10,c10.field.375 (AttributeEvidenceArtifact.provenanceAttachmentId),sec7-master-field-inventory,field-bound validation pairing,required,C10,c10.validation.375,sec9-field-bound-validation-registry,validation rule,runtime,RESOLVED,Direct table lookup: field row and validation row share identical numeric ID; validation Target column matches field Construct,1
E01-376,C10,c10.field.376 (AttributeEvidenceArtifact.roomCaseId),sec7-master-field-inventory,field-bound validation pairing,required,C10,c10.validation.376,sec9-field-bound-validation-registry,validation rule,runtime,RESOLVED,Direct table lookup: field row and validation row share identical numeric ID; validation Target column matches field Construct,1
E01-377,C10,c10.field.377 (AttributeEvidenceArtifact.atomicContributions),sec7-master-field-inventory,field-bound validation pairing,required,C10,c10.validation.377,sec9-field-bound-validation-registry,validation rule,runtime,RESOLVED,Direct table lookup: field row and validation row share identical numeric ID; validation Target column matches field Construct,1
E01-378,C10,c10.field.378 (AttributeEvidenceArtifact.producingStageIdentity),sec7-master-field-inventory,field-bound validation pairing,required,C10,c10.validation.378,sec9-field-bound-validation-registry,validation rule,runtime,RESOLVED,Direct table lookup: field row and validation row share identical numeric ID; validation Target column matches field Construct,1
E01-379,C10,c10.field.379 (AttributeEvidenceArtifact.producerIdentityAndVersions),sec7-master-field-inventory,field-bound validation pairing,required,C10,c10.validation.379,sec9-field-bound-validation-registry,validation rule,runtime,RESOLVED,Direct table lookup: field row and validation row share identical numeric ID; validation Target column matches field Construct,1
E01-380,C10,c10.field.380 (AttributeEvidenceArtifact.derivationParentIds),sec7-master-field-inventory,field-bound validation pairing,required,C10,c10.validation.380,sec9-field-bound-validation-registry,validation rule,runtime,RESOLVED,Direct table lookup: field row and validation row share identical numeric ID; validation Target column matches field Construct,1
E01-381,C10,c10.field.381 (AttributeEvidenceArtifact.contractSemanticVersion),sec7-master-field-inventory,field-bound validation pairing,required,C10,c10.validation.381,sec9-field-bound-validation-registry,validation rule,runtime,RESOLVED,Direct table lookup: field row and validation row share identical numeric ID; validation Target column matches field Construct,1
E01-382,C10,c10.field.382 (AttributeEvidenceArtifact.serializationSchemaReference),sec7-master-field-inventory,field-bound validation pairing,required,C10,c10.validation.382,sec9-field-bound-validation-registry,validation rule,runtime,RESOLVED,Direct table lookup: field row and validation row share identical numeric ID; validation Target column matches field Construct,1
E01-383,C10,c10.field.383 (AttributeEvidenceArtifact.reasonOrTraceReference),sec7-master-field-inventory,field-bound validation pairing,required,C10,c10.validation.383,sec9-field-bound-validation-registry,validation rule,runtime,RESOLVED,Direct table lookup: field row and validation row share identical numeric ID; validation Target column matches field Construct,1
E01-384,C10,c10.field.384 (AttributeEvidenceArtifact.integrityReference),sec7-master-field-inventory,field-bound validation pairing,required,C10,c10.validation.384,sec9-field-bound-validation-registry,validation rule,runtime,RESOLVED,Direct table lookup: field row and validation row share identical numeric ID; validation Target column matches field Construct,1
E01-385,C10,c10.field.385 (AttributeEvidenceArtifact.dataUseEligibilityReference),sec7-master-field-inventory,field-bound validation pairing,required,C10,c10.validation.385,sec9-field-bound-validation-registry,validation rule,runtime,RESOLVED,Direct table lookup: field row and validation row share identical numeric ID; validation Target column matches field Construct,1
E01-386,C10,c10.field.386 (AttributeEvidenceArtifact.consentEligibilityReference),sec7-master-field-inventory,field-bound validation pairing,required,C10,c10.validation.386,sec9-field-bound-validation-registry,validation rule,runtime,RESOLVED,Direct table lookup: field row and validation row share identical numeric ID; validation Target column matches field Construct,1
E01-387,C10,c10.field.387 (AttributeEvidenceArtifact.authorizationStateReference),sec7-master-field-inventory,field-bound validation pairing,required,C10,c10.validation.387,sec9-field-bound-validation-registry,validation rule,runtime,RESOLVED,Direct table lookup: field row and validation row share identical numeric ID; validation Target column matches field Construct,1
E01-388,C10,c10.field.388 (AttributeEvidenceArtifact.retentionDeletionPolicyReference),sec7-master-field-inventory,field-bound validation pairing,required,C10,c10.validation.388,sec9-field-bound-validation-registry,validation rule,runtime,RESOLVED,Direct table lookup: field row and validation row share identical numeric ID; validation Target column matches field Construct,1
E01-389,C10,c10.field.389 (AttributeEvidenceArtifact.safeFailureReference),sec7-master-field-inventory,field-bound validation pairing,required,C10,c10.validation.389,sec9-field-bound-validation-registry,validation rule,runtime,RESOLVED,Direct table lookup: field row and validation row share identical numeric ID; validation Target column matches field Construct,1
E01-390,C10,c10.field.390 (AttributeEvidenceArtifact.tamperEvidentHistoryReference),sec7-master-field-inventory,field-bound validation pairing,required,C10,c10.validation.390,sec9-field-bound-validation-registry,validation rule,runtime,RESOLVED,Direct table lookup: field row and validation row share identical numeric ID; validation Target column matches field Construct,1
E01-391,C10,c10.field.391 (AttributeEvidenceArtifact.futureFeedbackLinkReference),sec7-master-field-inventory,field-bound validation pairing,required,C10,c10.validation.391,sec9-field-bound-validation-registry,validation rule,runtime,RESOLVED,Direct table lookup: field row and validation row share identical numeric ID; validation Target column matches field Construct,1
E01-392,C10,c10.field.392 (AttributeEvidenceArtifact.noRegressionEvaluationReference),sec7-master-field-inventory,field-bound validation pairing,required,C10,c10.validation.392,sec9-field-bound-validation-registry,validation rule,runtime,RESOLVED,Direct table lookup: field row and validation row share identical numeric ID; validation Target column matches field Construct,1
E01-393,C10,c10.field.393 (AttributeEvidenceArtifact.rollbackCompatibilityReference),sec7-master-field-inventory,field-bound validation pairing,required,C10,c10.validation.393,sec9-field-bound-validation-registry,validation rule,runtime,RESOLVED,Direct table lookup: field row and validation row share identical numeric ID; validation Target column matches field Construct,1
E01-394,C10,c10.field.394 (AttributeEvidenceArtifact.predecessorArtifactId),sec7-master-field-inventory,field-bound validation pairing,required,C10,c10.validation.394,sec9-field-bound-validation-registry,validation rule,runtime,RESOLVED,Direct table lookup: field row and validation row share identical numeric ID; validation Target column matches field Construct,1
E01-395,C10,c10.field.395 (AttributeEvidenceArtifact.artifactRevisionState),sec7-master-field-inventory,field-bound validation pairing,required,C10,c10.validation.395,sec9-field-bound-validation-registry,validation rule,runtime,RESOLVED,Direct table lookup: field row and validation row share identical numeric ID; validation Target column matches field Construct,1
E01-400,C10,c10.field.400 (AtomicEvidenceContribution.contributionId),sec7-master-field-inventory,field-bound validation pairing,required,C10,c10.validation.400,sec9-field-bound-validation-registry,validation rule,runtime,RESOLVED,Direct table lookup: field row and validation row share identical numeric ID; validation Target column matches field Construct,1
E01-401,C10,c10.field.401 (AtomicEvidenceContribution.imageAssetId),sec7-master-field-inventory,field-bound validation pairing,required,C10,c10.validation.401,sec9-field-bound-validation-registry,validation rule,runtime,RESOLVED,Direct table lookup: field row and validation row share identical numeric ID; validation Target column matches field Construct,1
E01-402,C10,c10.field.402 (AtomicEvidenceContribution.sourceAssetId),sec7-master-field-inventory,field-bound validation pairing,required,C10,c10.validation.402,sec9-field-bound-validation-registry,validation rule,runtime,RESOLVED,Direct table lookup: field row and validation row share identical numeric ID; validation Target column matches field Construct,1
E01-403,C10,c10.field.403 (AtomicEvidenceContribution.locatorOrInferenceBasisReference),sec7-master-field-inventory,field-bound validation pairing,required,C10,c10.validation.403,sec9-field-bound-validation-registry,validation rule,runtime,RESOLVED,Direct table lookup: field row and validation row share identical numeric ID; validation Target column matches field Construct,1
E01-404,C10,c10.field.404 (AtomicEvidenceContribution.preprocessingLineageReference),sec7-master-field-inventory,field-bound validation pairing,required,C10,c10.validation.404,sec9-field-bound-validation-registry,validation rule,runtime,RESOLVED,Direct table lookup: field row and validation row share identical numeric ID; validation Target column matches field Construct,1
E01-405,C10,c10.field.405 (AtomicEvidenceContribution.integrityReference),sec7-master-field-inventory,field-bound validation pairing,required,C10,c10.validation.405,sec9-field-bound-validation-registry,validation rule,runtime,RESOLVED,Direct table lookup: field row and validation row share identical numeric ID; validation Target column matches field Construct,1
E01-406,C10,c10.field.406 (AtomicEvidenceContribution.historyReference),sec7-master-field-inventory,field-bound validation pairing,required,C10,c10.validation.406,sec9-field-bound-validation-registry,validation rule,runtime,RESOLVED,Direct table lookup: field row and validation row share identical numeric ID; validation Target column matches field Construct,1
E01-407,C10,c10.field.407 (AtomicEvidenceContribution.producingStageVersionReference),sec7-master-field-inventory,field-bound validation pairing,required,C10,c10.validation.407,sec9-field-bound-validation-registry,validation rule,runtime,RESOLVED,Direct table lookup: field row and validation row share identical numeric ID; validation Target column matches field Construct,1
E01-410,C10,c10.field.410 (EvidenceSetRecord.evidenceSetId),sec7-master-field-inventory,field-bound validation pairing,required,C10,c10.validation.410,sec9-field-bound-validation-registry,validation rule,runtime,RESOLVED,Direct table lookup: field row and validation row share identical numeric ID; validation Target column matches field Construct,1
E01-411,C10,c10.field.411 (EvidenceSetRecord.targetKind),sec7-master-field-inventory,field-bound validation pairing,required,C10,c10.validation.411,sec9-field-bound-validation-registry,validation rule,runtime,RESOLVED,Direct table lookup: field row and validation row share identical numeric ID; validation Target column matches field Construct,1
E01-412,C10,c10.field.412 (EvidenceSetRecord.fieldAssessmentId),sec7-master-field-inventory,field-bound validation pairing,required,C10,c10.validation.412,sec9-field-bound-validation-registry,validation rule,runtime,RESOLVED,Direct table lookup: field row and validation row share identical numeric ID; validation Target column matches field Construct,1
E01-413,C10,c10.field.413 (EvidenceSetRecord.bestEffortValueId),sec7-master-field-inventory,field-bound validation pairing,required,C10,c10.validation.413,sec9-field-bound-validation-registry,validation rule,runtime,RESOLVED,Direct table lookup: field row and validation row share identical numeric ID; validation Target column matches field Construct,1
E01-414,C10,c10.field.414 (EvidenceSetRecord.roomCaseId),sec7-master-field-inventory,field-bound validation pairing,required,C10,c10.validation.414,sec9-field-bound-validation-registry,validation rule,runtime,RESOLVED,Direct table lookup: field row and validation row share identical numeric ID; validation Target column matches field Construct,1
E01-415,C10,c10.field.415 (EvidenceSetRecord.contributionIds),sec7-master-field-inventory,field-bound validation pairing,required,C10,c10.validation.415,sec9-field-bound-validation-registry,validation rule,runtime,RESOLVED,Direct table lookup: field row and validation row share identical numeric ID; validation Target column matches field Construct,1
E01-416,C10,c10.field.416 (EvidenceSetRecord.distinctImageAssetIds),sec7-master-field-inventory,field-bound validation pairing,required,C10,c10.validation.416,sec9-field-bound-validation-registry,validation rule,runtime,RESOLVED,Direct table lookup: field row and validation row share identical numeric ID; validation Target column matches field Construct,1
E01-417,C10,c10.field.417 (EvidenceSetRecord.fusionOperationIdentity),sec7-master-field-inventory,field-bound validation pairing,required,C10,c10.validation.417,sec9-field-bound-validation-registry,validation rule,runtime,RESOLVED,Direct table lookup: field row and validation row share identical numeric ID; validation Target column matches field Construct,1
E01-418,C10,c10.field.418 (EvidenceSetRecord.fusionOperationVersion),sec7-master-field-inventory,field-bound validation pairing,required,C10,c10.validation.418,sec9-field-bound-validation-registry,validation rule,runtime,RESOLVED,Direct table lookup: field row and validation row share identical numeric ID; validation Target column matches field Construct,1
E01-419,C10,c10.field.419 (EvidenceSetRecord.fingerprintRuleIdentity),sec7-master-field-inventory,field-bound validation pairing,required,C10,c10.validation.419,sec9-field-bound-validation-registry,validation rule,runtime,RESOLVED,Direct table lookup: field row and validation row share identical numeric ID; validation Target column matches field Construct,1
E01-420,C10,c10.field.420 (EvidenceSetRecord.relationshipRecords),sec7-master-field-inventory,field-bound validation pairing,required,C10,c10.validation.420,sec9-field-bound-validation-registry,validation rule,runtime,RESOLVED,Direct table lookup: field row and validation row share identical numeric ID; validation Target column matches field Construct,1
E01-421,C10,c10.field.421 (EvidenceSetRecord.contradictionReferences),sec7-master-field-inventory,field-bound validation pairing,required,C10,c10.validation.421,sec9-field-bound-validation-registry,validation rule,runtime,RESOLVED,Direct table lookup: field row and validation row share identical numeric ID; validation Target column matches field Construct,1
E01-422,C10,c10.field.422 (EvidenceSetRecord.integrityReference),sec7-master-field-inventory,field-bound validation pairing,required,C10,c10.validation.422,sec9-field-bound-validation-registry,validation rule,runtime,RESOLVED,Direct table lookup: field row and validation row share identical numeric ID; validation Target column matches field Construct,1
E01-423,C10,c10.field.423 (EvidenceSetRecord.historyReference),sec7-master-field-inventory,field-bound validation pairing,required,C10,c10.validation.423,sec9-field-bound-validation-registry,validation rule,runtime,RESOLVED,Direct table lookup: field row and validation row share identical numeric ID; validation Target column matches field Construct,1
E01-430,C10,c10.field.430 (DeterminabilityEvidenceBasisRecord.determinabilityBasisRecordId),sec7-master-field-inventory,field-bound validation pairing,required,C10,c10.validation.430,sec9-field-bound-validation-registry,validation rule,runtime,RESOLVED,Direct table lookup: field row and validation row share identical numeric ID; validation Target column matches field Construct,1
E01-431,C10,c10.field.431 (DeterminabilityEvidenceBasisRecord.fieldAssessmentId),sec7-master-field-inventory,field-bound validation pairing,required,C10,c10.validation.431,sec9-field-bound-validation-registry,validation rule,runtime,RESOLVED,Direct table lookup: field row and validation row share identical numeric ID; validation Target column matches field Construct,1
E01-432,C10,c10.field.432 (DeterminabilityEvidenceBasisRecord.linkedBestEffortValueIds),sec7-master-field-inventory,field-bound validation pairing,required,C10,c10.validation.432,sec9-field-bound-validation-registry,validation rule,runtime,RESOLVED,Direct table lookup: field row and validation row share identical numeric ID; validation Target column matches field Construct,1
E01-433,C10,c10.field.433 (DeterminabilityEvidenceBasisRecord.roomCaseId),sec7-master-field-inventory,field-bound validation pairing,required,C10,c10.validation.433,sec9-field-bound-validation-registry,validation rule,runtime,RESOLVED,Direct table lookup: field row and validation row share identical numeric ID; validation Target column matches field Construct,1
E01-434,C10,c10.field.434 (DeterminabilityEvidenceBasisRecord.basisIdentities),sec7-master-field-inventory,field-bound validation pairing,required,C10,c10.validation.434,sec9-field-bound-validation-registry,validation rule,runtime,RESOLVED,Direct table lookup: field row and validation row share identical numeric ID; validation Target column matches field Construct,1
E01-435,C10,c10.field.435 (DeterminabilityEvidenceBasisRecord.linkedAttributeEvidenceArtifactIds),sec7-master-field-inventory,field-bound validation pairing,required,C10,c10.validation.435,sec9-field-bound-validation-registry,validation rule,runtime,RESOLVED,Direct table lookup: field row and validation row share identical numeric ID; validation Target column matches field Construct,1
E01-436,C10,c10.field.436 (DeterminabilityEvidenceBasisRecord.linkedEvidenceSetIds),sec7-master-field-inventory,field-bound validation pairing,required,C10,c10.validation.436,sec9-field-bound-validation-registry,validation rule,runtime,RESOLVED,Direct table lookup: field row and validation row share identical numeric ID; validation Target column matches field Construct,1
E01-437,C10,c10.field.437 (DeterminabilityEvidenceBasisRecord.linkedFailureIds),sec7-master-field-inventory,field-bound validation pairing,required,C10,c10.validation.437,sec9-field-bound-validation-registry,validation rule,runtime,RESOLVED,Direct table lookup: field row and validation row share identical numeric ID; validation Target column matches field Construct,1
E01-438,C10,c10.field.438 (DeterminabilityEvidenceBasisRecord.contractSemanticVersion),sec7-master-field-inventory,field-bound validation pairing,required,C10,c10.validation.438,sec9-field-bound-validation-registry,validation rule,runtime,RESOLVED,Direct table lookup: field row and validation row share identical numeric ID; validation Target column matches field Construct,1
E01-439,C10,c10.field.439 (DeterminabilityEvidenceBasisRecord.traceReference),sec7-master-field-inventory,field-bound validation pairing,required,C10,c10.validation.439,sec9-field-bound-validation-registry,validation rule,runtime,RESOLVED,Direct table lookup: field row and validation row share identical numeric ID; validation Target column matches field Construct,1
E01-440,C10,c10.field.440 (DeterminabilityEvidenceBasisRecord.integrityReference),sec7-master-field-inventory,field-bound validation pairing,required,C10,c10.validation.440,sec9-field-bound-validation-registry,validation rule,runtime,RESOLVED,Direct table lookup: field row and validation row share identical numeric ID; validation Target column matches field Construct,1
E01-441,C10,c10.field.441 (DeterminabilityEvidenceBasisRecord.historyReference),sec7-master-field-inventory,field-bound validation pairing,required,C10,c10.validation.441,sec9-field-bound-validation-registry,validation rule,runtime,RESOLVED,Direct table lookup: field row and validation row share identical numeric ID; validation Target column matches field Construct,1
E01-450,C10,c10.field.450 (EvidenceRelationshipRecord.relationshipRecordId),sec7-master-field-inventory,field-bound validation pairing,required,C10,c10.validation.450,sec9-field-bound-validation-registry,validation rule,runtime,RESOLVED,Direct table lookup: field row and validation row share identical numeric ID; validation Target column matches field Construct,1
E01-451,C10,c10.field.451 (EvidenceRelationshipRecord.evidenceSetId),sec7-master-field-inventory,field-bound validation pairing,required,C10,c10.validation.451,sec9-field-bound-validation-registry,validation rule,runtime,RESOLVED,Direct table lookup: field row and validation row share identical numeric ID; validation Target column matches field Construct,1
E01-452,C10,c10.field.452 (EvidenceRelationshipRecord.relationshipIdentity),sec7-master-field-inventory,field-bound validation pairing,required,C10,c10.validation.452,sec9-field-bound-validation-registry,validation rule,runtime,RESOLVED,Direct table lookup: field row and validation row share identical numeric ID; validation Target column matches field Construct,1
E01-453,C10,c10.field.453 (EvidenceRelationshipRecord.subjectKindIdentity),sec7-master-field-inventory,field-bound validation pairing,required,C10,c10.validation.453,sec9-field-bound-validation-registry,validation rule,runtime,RESOLVED,Direct table lookup: field row and validation row share identical numeric ID; validation Target column matches field Construct,1
E01-454,C10,c10.field.454 (EvidenceRelationshipRecord.subjectIds),sec7-master-field-inventory,field-bound validation pairing,required,C10,c10.validation.454,sec9-field-bound-validation-registry,validation rule,runtime,RESOLVED,Direct table lookup: field row and validation row share identical numeric ID; validation Target column matches field Construct,1
E01-455,C10,c10.field.455 (EvidenceRelationshipRecord.aspectIdentity),sec7-master-field-inventory,field-bound validation pairing,required,C10,c10.validation.455,sec9-field-bound-validation-registry,validation rule,runtime,RESOLVED,Direct table lookup: field row and validation row share identical numeric ID; validation Target column matches field Construct,1
E01-456,C10,c10.field.456 (EvidenceRelationshipRecord.producingRuleAndVersion),sec7-master-field-inventory,field-bound validation pairing,required,C10,c10.validation.456,sec9-field-bound-validation-registry,validation rule,runtime,RESOLVED,Direct table lookup: field row and validation row share identical numeric ID; validation Target column matches field Construct,1
E01-457,C10,c10.field.457 (EvidenceRelationshipRecord.roomCaseId),sec7-master-field-inventory,field-bound validation pairing,required,C10,c10.validation.457,sec9-field-bound-validation-registry,validation rule,runtime,RESOLVED,Direct table lookup: field row and validation row share identical numeric ID; validation Target column matches field Construct,1
E01-458,C10,c10.field.458 (EvidenceRelationshipRecord.integrityReference),sec7-master-field-inventory,field-bound validation pairing,required,C10,c10.validation.458,sec9-field-bound-validation-registry,validation rule,runtime,RESOLVED,Direct table lookup: field row and validation row share identical numeric ID; validation Target column matches field Construct,1
E01-459,C10,c10.field.459 (EvidenceRelationshipRecord.historyReference),sec7-master-field-inventory,field-bound validation pairing,required,C10,c10.validation.459,sec9-field-bound-validation-registry,validation rule,runtime,RESOLVED,Direct table lookup: field row and validation row share identical numeric ID; validation Target column matches field Construct,1
E01-460,C10,c10.field.460 (BestEffortValueRevision.bestEffortValueId),sec7-master-field-inventory,field-bound validation pairing,required,C10,c10.validation.460,sec9-field-bound-validation-registry,validation rule,runtime,RESOLVED,Direct table lookup: field row and validation row share identical numeric ID; validation Target column matches field Construct,1
E01-461,C10,c10.field.461 (BestEffortValueRevision.fieldAssessmentId),sec7-master-field-inventory,field-bound validation pairing,required,C10,c10.validation.461,sec9-field-bound-validation-registry,validation rule,runtime,RESOLVED,Direct table lookup: field row and validation row share identical numeric ID; validation Target column matches field Construct,1
E01-462,C10,c10.field.462 (BestEffortValueRevision.valueElementIdentity),sec7-master-field-inventory,field-bound validation pairing,required,C10,c10.validation.462,sec9-field-bound-validation-registry,validation rule,runtime,RESOLVED,Direct table lookup: field row and validation row share identical numeric ID; validation Target column matches field Construct,1
E01-463,C10,c10.field.463 (BestEffortValueRevision.valueRevisionId),sec7-master-field-inventory,field-bound validation pairing,required,C10,c10.validation.463,sec9-field-bound-validation-registry,validation rule,runtime,RESOLVED,Direct table lookup: field row and validation row share identical numeric ID; validation Target column matches field Construct,1
E01-464,C10,c10.field.464 (BestEffortValueRevision.valuePayload),sec7-master-field-inventory,field-bound validation pairing,required,C10,c10.validation.464,sec9-field-bound-validation-registry,validation rule,runtime,RESOLVED,Direct table lookup: field row and validation row share identical numeric ID; validation Target column matches field Construct,1
E01-465,C10,c10.field.465 (BestEffortValueRevision.provenanceAttachmentId),sec7-master-field-inventory,field-bound validation pairing,required,C10,c10.validation.465,sec9-field-bound-validation-registry,validation rule,runtime,RESOLVED,Direct table lookup: field row and validation row share identical numeric ID; validation Target column matches field Construct,1
E01-466,C10,c10.field.466 (BestEffortValueRevision.predecessorValueId),sec7-master-field-inventory,field-bound validation pairing,required,C10,c10.validation.466,sec9-field-bound-validation-registry,validation rule,runtime,RESOLVED,Direct table lookup: field row and validation row share identical numeric ID; validation Target column matches field Construct,1
E01-467,C10,c10.field.467 (BestEffortValueRevision.revisionState),sec7-master-field-inventory,field-bound validation pairing,required,C10,c10.validation.467,sec9-field-bound-validation-registry,validation rule,runtime,RESOLVED,Direct table lookup: field row and validation row share identical numeric ID; validation Target column matches field Construct,1
E01-468,C10,c10.field.468 (BestEffortValueRevision.integrityReference),sec7-master-field-inventory,field-bound validation pairing,required,C10,c10.validation.468,sec9-field-bound-validation-registry,validation rule,runtime,RESOLVED,Direct table lookup: field row and validation row share identical numeric ID; validation Target column matches field Construct,1
E01-469,C10,c10.field.469 (BestEffortValueRevision.historyReference),sec7-master-field-inventory,field-bound validation pairing,required,C10,c10.validation.469,sec9-field-bound-validation-registry,validation rule,runtime,RESOLVED,Direct table lookup: field row and validation row share identical numeric ID; validation Target column matches field Construct,1
E01-500,C10,c10.field.500 (ConfidenceAssertionRecord.recordTypeIdentity),sec7-master-field-inventory,field-bound validation pairing,required,C10,c10.validation.500,sec9-field-bound-validation-registry,validation rule,runtime,RESOLVED,Direct table lookup: field row and validation row share identical numeric ID; validation Target column matches field Construct,1
E01-501,C10,c10.field.501 (ConfidenceAssertionRecord.confidenceAssertionId),sec7-master-field-inventory,field-bound validation pairing,required,C10,c10.validation.501,sec9-field-bound-validation-registry,validation rule,runtime,RESOLVED,Direct table lookup: field row and validation row share identical numeric ID; validation Target column matches field Construct,1
E01-502,C10,c10.field.502 (ConfidenceAssertionRecord.subjectId),sec7-master-field-inventory,field-bound validation pairing,required,C10,c10.validation.502,sec9-field-bound-validation-registry,validation rule,runtime,RESOLVED,Direct table lookup: field row and validation row share identical numeric ID; validation Target column matches field Construct,1
E01-503,C10,c10.field.503 (ConfidenceAssertionRecord.subjectKindIdentity),sec7-master-field-inventory,field-bound validation pairing,required,C10,c10.validation.503,sec9-field-bound-validation-registry,validation rule,runtime,RESOLVED,Direct table lookup: field row and validation row share identical numeric ID; validation Target column matches field Construct,1
E01-504,C10,c10.field.504 (ConfidenceAssertionRecord.stateIdentity),sec7-master-field-inventory,field-bound validation pairing,required,C10,c10.validation.504,sec9-field-bound-validation-registry,validation rule,runtime,RESOLVED,Direct table lookup: field row and validation row share identical numeric ID; validation Target column matches field Construct,1
E01-505,C10,c10.field.505 (ConfidenceAssertionRecord.sourceIdentity),sec7-master-field-inventory,field-bound validation pairing,required,C10,c10.validation.505,sec9-field-bound-validation-registry,validation rule,runtime,RESOLVED,Direct table lookup: field row and validation row share identical numeric ID; validation Target column matches field Construct,1
E01-506,C10,c10.field.506 (ConfidenceAssertionRecord.transformationIdentity),sec7-master-field-inventory,field-bound validation pairing,required,C10,c10.validation.506,sec9-field-bound-validation-registry,validation rule,runtime,RESOLVED,Direct table lookup: field row and validation row share identical numeric ID; validation Target column matches field Construct,1
E01-507,C10,c10.field.507 (ConfidenceAssertionRecord.signalTypeIdentities),sec7-master-field-inventory,field-bound validation pairing,required,C10,c10.validation.507,sec9-field-bound-validation-registry,validation rule,runtime,RESOLVED,Direct table lookup: field row and validation row share identical numeric ID; validation Target column matches field Construct,1
E01-508,C10,c10.field.508 (ConfidenceAssertionRecord.sourceSignalIds),sec7-master-field-inventory,field-bound validation pairing,required,C10,c10.validation.508,sec9-field-bound-validation-registry,validation rule,runtime,RESOLVED,Direct table lookup: field row and validation row share identical numeric ID; validation Target column matches field Construct,1
E01-509,C10,c10.field.509 (ConfidenceAssertionRecord.generationMethodId),sec7-master-field-inventory,field-bound validation pairing,required,C10,c10.validation.509,sec9-field-bound-validation-registry,validation rule,runtime,RESOLVED,Direct table lookup: field row and validation row share identical numeric ID; validation Target column matches field Construct,1
E01-510,C10,c10.field.510 (ConfidenceAssertionRecord.normalizationProfileId),sec7-master-field-inventory,field-bound validation pairing,required,C10,c10.validation.510,sec9-field-bound-validation-registry,validation rule,runtime,RESOLVED,Direct table lookup: field row and validation row share identical numeric ID; validation Target column matches field Construct,1
E01-511,C10,c10.field.511 (ConfidenceAssertionRecord.mappingRuleId),sec7-master-field-inventory,field-bound validation pairing,required,C10,c10.validation.511,sec9-field-bound-validation-registry,validation rule,runtime,RESOLVED,Direct table lookup: field row and validation row share identical numeric ID; validation Target column matches field Construct,1
E01-512,C10,c10.field.512 (ConfidenceAssertionRecord.producerIdentityAndVersions),sec7-master-field-inventory,field-bound validation pairing,required,C10,c10.validation.512,sec9-field-bound-validation-registry,validation rule,runtime,RESOLVED,Direct table lookup: field row and validation row share identical numeric ID; validation Target column matches field Construct,1
E01-513,C10,c10.field.513 (ConfidenceAssertionRecord.operationId),sec7-master-field-inventory,field-bound validation pairing,required,C10,c10.validation.513,sec9-field-bound-validation-registry,validation rule,runtime,RESOLVED,Direct table lookup: field row and validation row share identical numeric ID; validation Target column matches field Construct,1
E01-514,C10,c10.field.514 (ConfidenceAssertionRecord.roomCaseId),sec7-master-field-inventory,field-bound validation pairing,required,C10,c10.validation.514,sec9-field-bound-validation-registry,validation rule,runtime,RESOLVED,Direct table lookup: field row and validation row share identical numeric ID; validation Target column matches field Construct,1
E01-515,C10,c10.field.515 (ConfidenceAssertionRecord.producingStageIdentity),sec7-master-field-inventory,field-bound validation pairing,required,C10,c10.validation.515,sec9-field-bound-validation-registry,validation rule,runtime,RESOLVED,Direct table lookup: field row and validation row share identical numeric ID; validation Target column matches field Construct,1
E01-516,C10,c10.field.516 (ConfidenceAssertionRecord.contractSemanticVersion),sec7-master-field-inventory,field-bound validation pairing,required,C10,c10.validation.516,sec9-field-bound-validation-registry,validation rule,runtime,RESOLVED,Direct table lookup: field row and validation row share identical numeric ID; validation Target column matches field Construct,1
E01-517,C10,c10.field.517 (ConfidenceAssertionRecord.assertionRevisionId),sec7-master-field-inventory,field-bound validation pairing,required,C10,c10.validation.517,sec9-field-bound-validation-registry,validation rule,runtime,RESOLVED,Direct table lookup: field row and validation row share identical numeric ID; validation Target column matches field Construct,1
E01-518,C10,c10.field.518 (ConfidenceAssertionRecord.predecessorAssertionId),sec7-master-field-inventory,field-bound validation pairing,required,C10,c10.validation.518,sec9-field-bound-validation-registry,validation rule,runtime,RESOLVED,Direct table lookup: field row and validation row share identical numeric ID; validation Target column matches field Construct,1
E01-519,C10,c10.field.519 (ConfidenceAssertionRecord.traceReference),sec7-master-field-inventory,field-bound validation pairing,required,C10,c10.validation.519,sec9-field-bound-validation-registry,validation rule,runtime,RESOLVED,Direct table lookup: field row and validation row share identical numeric ID; validation Target column matches field Construct,1
E01-520,C10,c10.field.520 (ConfidenceAssertionRecord.integrityReference),sec7-master-field-inventory,field-bound validation pairing,required,C10,c10.validation.520,sec9-field-bound-validation-registry,validation rule,runtime,RESOLVED,Direct table lookup: field row and validation row share identical numeric ID; validation Target column matches field Construct,1
E01-521,C10,c10.field.521 (ConfidenceAssertionRecord.historyReference),sec7-master-field-inventory,field-bound validation pairing,required,C10,c10.validation.521,sec9-field-bound-validation-registry,validation rule,runtime,RESOLVED,Direct table lookup: field row and validation row share identical numeric ID; validation Target column matches field Construct,1
E01-530,C10,c10.field.530 (ConfidenceSourceSignalRecord.sourceSignalId),sec7-master-field-inventory,field-bound validation pairing,required,C10,c10.validation.530,sec9-field-bound-validation-registry,validation rule,runtime,RESOLVED,Direct table lookup: field row and validation row share identical numeric ID; validation Target column matches field Construct,1
E01-531,C10,c10.field.531 (ConfidenceSourceSignalRecord.sourceIdentity),sec7-master-field-inventory,field-bound validation pairing,required,C10,c10.validation.531,sec9-field-bound-validation-registry,validation rule,runtime,RESOLVED,Direct table lookup: field row and validation row share identical numeric ID; validation Target column matches field Construct,1
E01-532,C10,c10.field.532 (ConfidenceSourceSignalRecord.signalTypeIdentity),sec7-master-field-inventory,field-bound validation pairing,required,C10,c10.validation.532,sec9-field-bound-validation-registry,validation rule,runtime,RESOLVED,Direct table lookup: field row and validation row share identical numeric ID; validation Target column matches field Construct,1
E01-533,C10,c10.field.533 (ConfidenceSourceSignalRecord.generationMethodId),sec7-master-field-inventory,field-bound validation pairing,required,C10,c10.validation.533,sec9-field-bound-validation-registry,validation rule,runtime,RESOLVED,Direct table lookup: field row and validation row share identical numeric ID; validation Target column matches field Construct,1
E01-534,C10,c10.field.534 (ConfidenceSourceSignalRecord.originalRawTypeDomain),sec7-master-field-inventory,field-bound validation pairing,required,C10,c10.validation.534,sec9-field-bound-validation-registry,validation rule,runtime,RESOLVED,Direct table lookup: field row and validation row share identical numeric ID; validation Target column matches field Construct,1
E01-535,C10,c10.field.535 (ConfidenceSourceSignalRecord.rawSignalOrUnavailabilityReason),sec7-master-field-inventory,field-bound validation pairing,required,C10,c10.validation.535,sec9-field-bound-validation-registry,validation rule,runtime,RESOLVED,Direct table lookup: field row and validation row share identical numeric ID; validation Target column matches field Construct,1
E01-536,C10,c10.field.536 (ConfidenceSourceSignalRecord.producerIdentityAndVersions),sec7-master-field-inventory,field-bound validation pairing,required,C10,c10.validation.536,sec9-field-bound-validation-registry,validation rule,runtime,RESOLVED,Direct table lookup: field row and validation row share identical numeric ID; validation Target column matches field Construct,1
E01-537,C10,c10.field.537 (ConfidenceSourceSignalRecord.operationId),sec7-master-field-inventory,field-bound validation pairing,required,C10,c10.validation.537,sec9-field-bound-validation-registry,validation rule,runtime,RESOLVED,Direct table lookup: field row and validation row share identical numeric ID; validation Target column matches field Construct,1
E01-538,C10,c10.field.538 (ConfidenceSourceSignalRecord.roomCaseId),sec7-master-field-inventory,field-bound validation pairing,required,C10,c10.validation.538,sec9-field-bound-validation-registry,validation rule,runtime,RESOLVED,Direct table lookup: field row and validation row share identical numeric ID; validation Target column matches field Construct,1
E01-539,C10,c10.field.539 (ConfidenceSourceSignalRecord.contributingImageAssetIds),sec7-master-field-inventory,field-bound validation pairing,required,C10,c10.validation.539,sec9-field-bound-validation-registry,validation rule,runtime,RESOLVED,Direct table lookup: field row and validation row share identical numeric ID; validation Target column matches field Construct,1
E01-540,C10,c10.field.540 (ConfidenceSourceSignalRecord.producingStageIdentity),sec7-master-field-inventory,field-bound validation pairing,required,C10,c10.validation.540,sec9-field-bound-validation-registry,validation rule,runtime,RESOLVED,Direct table lookup: field row and validation row share identical numeric ID; validation Target column matches field Construct,1
E01-541,C10,c10.field.541 (ConfidenceSourceSignalRecord.integrityReference),sec7-master-field-inventory,field-bound validation pairing,required,C10,c10.validation.541,sec9-field-bound-validation-registry,validation rule,runtime,RESOLVED,Direct table lookup: field row and validation row share identical numeric ID; validation Target column matches field Construct,1
E01-542,C10,c10.field.542 (ConfidenceSourceSignalRecord.revisionId),sec7-master-field-inventory,field-bound validation pairing,required,C10,c10.validation.542,sec9-field-bound-validation-registry,validation rule,runtime,RESOLVED,Direct table lookup: field row and validation row share identical numeric ID; validation Target column matches field Construct,1
E01-600,C10,c10.field.600 (Contract6DeterminabilityPackage.packageId),sec7-master-field-inventory,field-bound validation pairing,required,C10,c10.validation.600,sec9-field-bound-validation-registry,validation rule,runtime,RESOLVED,Direct table lookup: field row and validation row share identical numeric ID; validation Target column matches field Construct,1
E01-601,C10,c10.field.601 (Contract6DeterminabilityPackage.operationId),sec7-master-field-inventory,field-bound validation pairing,required,C10,c10.validation.601,sec9-field-bound-validation-registry,validation rule,runtime,RESOLVED,Direct table lookup: field row and validation row share identical numeric ID; validation Target column matches field Construct,1
E01-602,C10,c10.field.602 (Contract6DeterminabilityPackage.roomCaseId),sec7-master-field-inventory,field-bound validation pairing,required,C10,c10.validation.602,sec9-field-bound-validation-registry,validation rule,runtime,RESOLVED,Direct table lookup: field row and validation row share identical numeric ID; validation Target column matches field Construct,1
E01-603,C10,c10.field.603 (Contract6DeterminabilityPackage.annotationUnits),sec7-master-field-inventory,field-bound validation pairing,required,C10,c10.validation.603,sec9-field-bound-validation-registry,validation rule,runtime,RESOLVED,Direct table lookup: field row and validation row share identical numeric ID; validation Target column matches field Construct,1
E01-604,C10,c10.field.604 (Contract6DeterminabilityPackage.pairingRecords),sec7-master-field-inventory,field-bound validation pairing,required,C10,c10.validation.604,sec9-field-bound-validation-registry,validation rule,runtime,RESOLVED,Direct table lookup: field row and validation row share identical numeric ID; validation Target column matches field Construct,1
E01-605,C10,c10.field.605 (Contract6DeterminabilityPackage.basisLinkRecords),sec7-master-field-inventory,field-bound validation pairing,required,C10,c10.validation.605,sec9-field-bound-validation-registry,validation rule,runtime,RESOLVED,Direct table lookup: field row and validation row share identical numeric ID; validation Target column matches field Construct,1
E01-606,C10,c10.field.606 (Contract6DeterminabilityPackage.outcomeDecisionRecords),sec7-master-field-inventory,field-bound validation pairing,required,C10,c10.validation.606,sec9-field-bound-validation-registry,validation rule,runtime,RESOLVED,Direct table lookup: field row and validation row share identical numeric ID; validation Target column matches field Construct,1
E01-607,C10,c10.field.607 (Contract6DeterminabilityPackage.sealingRecords),sec7-master-field-inventory,field-bound validation pairing,required,C10,c10.validation.607,sec9-field-bound-validation-registry,validation rule,runtime,RESOLVED,Direct table lookup: field row and validation row share identical numeric ID; validation Target column matches field Construct,1
E01-608,C10,c10.field.608 (Contract6DeterminabilityPackage.adjudicationRecords),sec7-master-field-inventory,field-bound validation pairing,required,C10,c10.validation.608,sec9-field-bound-validation-registry,validation rule,runtime,RESOLVED,Direct table lookup: field row and validation row share identical numeric ID; validation Target column matches field Construct,1
E01-609,C10,c10.field.609 (Contract6DeterminabilityPackage.integrityReference),sec7-master-field-inventory,field-bound validation pairing,required,C10,c10.validation.609,sec9-field-bound-validation-registry,validation rule,runtime,RESOLVED,Direct table lookup: field row and validation row share identical numeric ID; validation Target column matches field Construct,1
E01-610,C10,c10.field.610 (AnnotationUnitRecord.annotationUnitId),sec7-master-field-inventory,field-bound validation pairing,required,C10,c10.validation.610,sec9-field-bound-validation-registry,validation rule,runtime,RESOLVED,Direct table lookup: field row and validation row share identical numeric ID; validation Target column matches field Construct,1
E01-611,C10,c10.field.611 (AnnotationUnitRecord.recordTypeIdentity),sec7-master-field-inventory,field-bound validation pairing,required,C10,c10.validation.611,sec9-field-bound-validation-registry,validation rule,runtime,RESOLVED,Direct table lookup: field row and validation row share identical numeric ID; validation Target column matches field Construct,1
E01-612,C10,c10.field.612 (AnnotationUnitRecord.operationId),sec7-master-field-inventory,field-bound validation pairing,required,C10,c10.validation.612,sec9-field-bound-validation-registry,validation rule,runtime,RESOLVED,Direct table lookup: field row and validation row share identical numeric ID; validation Target column matches field Construct,1
E01-613,C10,c10.field.613 (AnnotationUnitRecord.roomCaseId),sec7-master-field-inventory,field-bound validation pairing,required,C10,c10.validation.613,sec9-field-bound-validation-registry,validation rule,runtime,RESOLVED,Direct table lookup: field row and validation row share identical numeric ID; validation Target column matches field Construct,1
E01-614,C10,c10.field.614 (AnnotationUnitRecord.subjectId),sec7-master-field-inventory,field-bound validation pairing,required,C10,c10.validation.614,sec9-field-bound-validation-registry,validation rule,runtime,RESOLVED,Direct table lookup: field row and validation row share identical numeric ID; validation Target column matches field Construct,1
E01-615,C10,c10.field.615 (AnnotationUnitRecord.subjectKindIdentity),sec7-master-field-inventory,field-bound validation pairing,required,C10,c10.validation.615,sec9-field-bound-validation-registry,validation rule,runtime,RESOLVED,Direct table lookup: field row and validation row share identical numeric ID; validation Target column matches field Construct,1
E01-616,C10,c10.field.616 (AnnotationUnitRecord.unitTypeIdentity),sec7-master-field-inventory,field-bound validation pairing,required,C10,c10.validation.616,sec9-field-bound-validation-registry,validation rule,runtime,RESOLVED,Direct table lookup: field row and validation row share identical numeric ID; validation Target column matches field Construct,1
E01-617,C10,c10.field.617 (AnnotationUnitRecord.unitGranularityIdentity),sec7-master-field-inventory,field-bound validation pairing,required,C10,c10.validation.617,sec9-field-bound-validation-registry,validation rule,runtime,RESOLVED,Direct table lookup: field row and validation row share identical numeric ID; validation Target column matches field Construct,1
E01-618,C10,c10.field.618 (AnnotationUnitRecord.viewScopeIdentity),sec7-master-field-inventory,field-bound validation pairing,required,C10,c10.validation.618,sec9-field-bound-validation-registry,validation rule,runtime,RESOLVED,Direct table lookup: field row and validation row share identical numeric ID; validation Target column matches field Construct,1
E01-619,C10,c10.field.619 (AnnotationUnitRecord.importedSemanticIds),sec7-master-field-inventory,field-bound validation pairing,required,C10,c10.validation.619,sec9-field-bound-validation-registry,validation rule,runtime,RESOLVED,Direct table lookup: field row and validation row share identical numeric ID; validation Target column matches field Construct,1
E01-620,C10,c10.field.620 (AnnotationUnitRecord.memberId),sec7-master-field-inventory,field-bound validation pairing,required,C10,c10.validation.620,sec9-field-bound-validation-registry,validation rule,runtime,RESOLVED,Direct table lookup: field row and validation row share identical numeric ID; validation Target column matches field Construct,1
E01-621,C10,c10.field.621 (AnnotationUnitRecord.revisionId),sec7-master-field-inventory,field-bound validation pairing,required,C10,c10.validation.621,sec9-field-bound-validation-registry,validation rule,runtime,RESOLVED,Direct table lookup: field row and validation row share identical numeric ID; validation Target column matches field Construct,1
E01-622,C10,c10.field.622 (AnnotationUnitRecord.predecessorAnnotationUnitId),sec7-master-field-inventory,field-bound validation pairing,required,C10,c10.validation.622,sec9-field-bound-validation-registry,validation rule,runtime,RESOLVED,Direct table lookup: field row and validation row share identical numeric ID; validation Target column matches field Construct,1
E01-623,C10,c10.field.623 (AnnotationUnitRecord.basisLinkRecordId),sec7-master-field-inventory,field-bound validation pairing,required,C10,c10.validation.623,sec9-field-bound-validation-registry,validation rule,runtime,RESOLVED,Direct table lookup: field row and validation row share identical numeric ID; validation Target column matches field Construct,1
E01-624,C10,c10.field.624 (AnnotationUnitRecord.pairingRecordId),sec7-master-field-inventory,field-bound validation pairing,required,C10,c10.validation.624,sec9-field-bound-validation-registry,validation rule,runtime,RESOLVED,Direct table lookup: field row and validation row share identical numeric ID; validation Target column matches field Construct,1
E01-625,C10,c10.field.625 (AnnotationUnitRecord.outcomeDecisionRecordId),sec7-master-field-inventory,field-bound validation pairing,required,C10,c10.validation.625,sec9-field-bound-validation-registry,validation rule,runtime,RESOLVED,Direct table lookup: field row and validation row share identical numeric ID; validation Target column matches field Construct,1
E01-626,C10,c10.field.626 (AnnotationUnitRecord.sealingRecordId),sec7-master-field-inventory,field-bound validation pairing,required,C10,c10.validation.626,sec9-field-bound-validation-registry,validation rule,runtime,RESOLVED,Direct table lookup: field row and validation row share identical numeric ID; validation Target column matches field Construct,1
E01-627,C10,c10.field.627 (AnnotationUnitRecord.adjudicationRecordId),sec7-master-field-inventory,field-bound validation pairing,required,C10,c10.validation.627,sec9-field-bound-validation-registry,validation rule,runtime,RESOLVED,Direct table lookup: field row and validation row share identical numeric ID; validation Target column matches field Construct,1
E01-628,C10,c10.field.628 (AnnotationUnitRecord.traceReference),sec7-master-field-inventory,field-bound validation pairing,required,C10,c10.validation.628,sec9-field-bound-validation-registry,validation rule,runtime,RESOLVED,Direct table lookup: field row and validation row share identical numeric ID; validation Target column matches field Construct,1
E01-629,C10,c10.field.629 (AnnotationUnitRecord.integrityReference),sec7-master-field-inventory,field-bound validation pairing,required,C10,c10.validation.629,sec9-field-bound-validation-registry,validation rule,runtime,RESOLVED,Direct table lookup: field row and validation row share identical numeric ID; validation Target column matches field Construct,1
E01-630,C10,c10.field.630 (AnnotationUnitRecord.historyReference),sec7-master-field-inventory,field-bound validation pairing,required,C10,c10.validation.630,sec9-field-bound-validation-registry,validation rule,runtime,RESOLVED,Direct table lookup: field row and validation row share identical numeric ID; validation Target column matches field Construct,1
E01-640,C10,c10.field.640 (PairingRecord.pairingRecordId),sec7-master-field-inventory,field-bound validation pairing,required,C10,c10.validation.640,sec9-field-bound-validation-registry,validation rule,runtime,RESOLVED,Direct table lookup: field row and validation row share identical numeric ID; validation Target column matches field Construct,1
E01-641,C10,c10.field.641 (PairingRecord.annotationUnitId),sec7-master-field-inventory,field-bound validation pairing,required,C10,c10.validation.641,sec9-field-bound-validation-registry,validation rule,runtime,RESOLVED,Direct table lookup: field row and validation row share identical numeric ID; validation Target column matches field Construct,1
E01-642,C10,c10.field.642 (PairingRecord.pairingRuleIdentity),sec7-master-field-inventory,field-bound validation pairing,required,C10,c10.validation.642,sec9-field-bound-validation-registry,validation rule,runtime,RESOLVED,Direct table lookup: field row and validation row share identical numeric ID; validation Target column matches field Construct,1
E01-643,C10,c10.field.643 (PairingRecord.pairingStateIdentity),sec7-master-field-inventory,field-bound validation pairing,required,C10,c10.validation.643,sec9-field-bound-validation-registry,validation rule,runtime,RESOLVED,Direct table lookup: field row and validation row share identical numeric ID; validation Target column matches field Construct,1
E01-644,C10,c10.field.644 (PairingRecord.participantIds),sec7-master-field-inventory,field-bound validation pairing,required,C10,c10.validation.644,sec9-field-bound-validation-registry,validation rule,runtime,RESOLVED,Direct table lookup: field row and validation row share identical numeric ID; validation Target column matches field Construct,1
E01-645,C10,c10.field.645 (PairingRecord.identityEqualityResults),sec7-master-field-inventory,field-bound validation pairing,required,C10,c10.validation.645,sec9-field-bound-validation-registry,validation rule,runtime,RESOLVED,Direct table lookup: field row and validation row share identical numeric ID; validation Target column matches field Construct,1
E01-646,C10,c10.field.646 (PairingRecord.duplicateNormalizationReferences),sec7-master-field-inventory,field-bound validation pairing,required,C10,c10.validation.646,sec9-field-bound-validation-registry,validation rule,runtime,RESOLVED,Direct table lookup: field row and validation row share identical numeric ID; validation Target column matches field Construct,1
E01-647,C10,c10.field.647 (PairingRecord.conflictReferences),sec7-master-field-inventory,field-bound validation pairing,required,C10,c10.validation.647,sec9-field-bound-validation-registry,validation rule,runtime,RESOLVED,Direct table lookup: field row and validation row share identical numeric ID; validation Target column matches field Construct,1
E01-648,C10,c10.field.648 (PairingRecord.revisionId),sec7-master-field-inventory,field-bound validation pairing,required,C10,c10.validation.648,sec9-field-bound-validation-registry,validation rule,runtime,RESOLVED,Direct table lookup: field row and validation row share identical numeric ID; validation Target column matches field Construct,1
E01-649,C10,c10.field.649 (PairingRecord.predecessorPairingRecordId),sec7-master-field-inventory,field-bound validation pairing,required,C10,c10.validation.649,sec9-field-bound-validation-registry,validation rule,runtime,RESOLVED,Direct table lookup: field row and validation row share identical numeric ID; validation Target column matches field Construct,1
E01-650,C10,c10.field.650 (PairingRecord.traceReference),sec7-master-field-inventory,field-bound validation pairing,required,C10,c10.validation.650,sec9-field-bound-validation-registry,validation rule,runtime,RESOLVED,Direct table lookup: field row and validation row share identical numeric ID; validation Target column matches field Construct,1
E01-651,C10,c10.field.651 (PairingRecord.integrityReference),sec7-master-field-inventory,field-bound validation pairing,required,C10,c10.validation.651,sec9-field-bound-validation-registry,validation rule,runtime,RESOLVED,Direct table lookup: field row and validation row share identical numeric ID; validation Target column matches field Construct,1
E01-652,C10,c10.field.652 (PairingRecord.historyReference),sec7-master-field-inventory,field-bound validation pairing,required,C10,c10.validation.652,sec9-field-bound-validation-registry,validation rule,runtime,RESOLVED,Direct table lookup: field row and validation row share identical numeric ID; validation Target column matches field Construct,1
E01-655,C10,c10.field.655 (Contract6DeterminabilityPackage.schemaVersion),sec7-master-field-inventory,field-bound validation pairing,required,C10,c10.validation.655,sec9-field-bound-validation-registry,validation rule,runtime,RESOLVED,Direct table lookup: field row and validation row share identical numeric ID; validation Target column matches field Construct,1
E01-660,C10,c10.field.660 (BasisLinkRecord.basisLinkRecordId),sec7-master-field-inventory,field-bound validation pairing,required,C10,c10.validation.660,sec9-field-bound-validation-registry,validation rule,runtime,RESOLVED,Direct table lookup: field row and validation row share identical numeric ID; validation Target column matches field Construct,1
E01-661,C10,c10.field.661 (BasisLinkRecord.annotationUnitId),sec7-master-field-inventory,field-bound validation pairing,required,C10,c10.validation.661,sec9-field-bound-validation-registry,validation rule,runtime,RESOLVED,Direct table lookup: field row and validation row share identical numeric ID; validation Target column matches field Construct,1
E01-662,C10,c10.field.662 (BasisLinkRecord.basisIdentities),sec7-master-field-inventory,field-bound validation pairing,required,C10,c10.validation.662,sec9-field-bound-validation-registry,validation rule,runtime,RESOLVED,Direct table lookup: field row and validation row share identical numeric ID; validation Target column matches field Construct,1
E01-663,C10,c10.field.663 (BasisLinkRecord.evidenceReferences),sec7-master-field-inventory,field-bound validation pairing,required,C10,c10.validation.663,sec9-field-bound-validation-registry,validation rule,runtime,RESOLVED,Direct table lookup: field row and validation row share identical numeric ID; validation Target column matches field Construct,1
E01-664,C10,c10.field.664 (BasisLinkRecord.revisionId),sec7-master-field-inventory,field-bound validation pairing,required,C10,c10.validation.664,sec9-field-bound-validation-registry,validation rule,runtime,RESOLVED,Direct table lookup: field row and validation row share identical numeric ID; validation Target column matches field Construct,1
E01-665,C10,c10.field.665 (BasisLinkRecord.traceReference),sec7-master-field-inventory,field-bound validation pairing,required,C10,c10.validation.665,sec9-field-bound-validation-registry,validation rule,runtime,RESOLVED,Direct table lookup: field row and validation row share identical numeric ID; validation Target column matches field Construct,1
E01-666,C10,c10.field.666 (BasisLinkRecord.integrityReference),sec7-master-field-inventory,field-bound validation pairing,required,C10,c10.validation.666,sec9-field-bound-validation-registry,validation rule,runtime,RESOLVED,Direct table lookup: field row and validation row share identical numeric ID; validation Target column matches field Construct,1
E01-667,C10,c10.field.667 (BasisLinkRecord.historyReference),sec7-master-field-inventory,field-bound validation pairing,required,C10,c10.validation.667,sec9-field-bound-validation-registry,validation rule,runtime,RESOLVED,Direct table lookup: field row and validation row share identical numeric ID; validation Target column matches field Construct,1
E01-670,C10,c10.field.670 (OutcomeDecisionRecord.outcomeDecisionRecordId),sec7-master-field-inventory,field-bound validation pairing,required,C10,c10.validation.670,sec9-field-bound-validation-registry,validation rule,runtime,RESOLVED,Direct table lookup: field row and validation row share identical numeric ID; validation Target column matches field Construct,1
E01-671,C10,c10.field.671 (OutcomeDecisionRecord.annotationUnitId),sec7-master-field-inventory,field-bound validation pairing,required,C10,c10.validation.671,sec9-field-bound-validation-registry,validation rule,runtime,RESOLVED,Direct table lookup: field row and validation row share identical numeric ID; validation Target column matches field Construct,1
E01-672,C10,c10.field.672 (OutcomeDecisionRecord.outcomeIdentity),sec7-master-field-inventory,field-bound validation pairing,required,C10,c10.validation.672,sec9-field-bound-validation-registry,validation rule,runtime,RESOLVED,Direct table lookup: field row and validation row share identical numeric ID; validation Target column matches field Construct,1
E01-673,C10,c10.field.673 (OutcomeDecisionRecord.derivationOrAdjudicationBasisReference),sec7-master-field-inventory,field-bound validation pairing,required,C10,c10.validation.673,sec9-field-bound-validation-registry,validation rule,runtime,RESOLVED,Direct table lookup: field row and validation row share identical numeric ID; validation Target column matches field Construct,1
E01-674,C10,c10.field.674 (OutcomeDecisionRecord.revisionId),sec7-master-field-inventory,field-bound validation pairing,required,C10,c10.validation.674,sec9-field-bound-validation-registry,validation rule,runtime,RESOLVED,Direct table lookup: field row and validation row share identical numeric ID; validation Target column matches field Construct,1
E01-675,C10,c10.field.675 (OutcomeDecisionRecord.traceReference),sec7-master-field-inventory,field-bound validation pairing,required,C10,c10.validation.675,sec9-field-bound-validation-registry,validation rule,runtime,RESOLVED,Direct table lookup: field row and validation row share identical numeric ID; validation Target column matches field Construct,1
E01-676,C10,c10.field.676 (OutcomeDecisionRecord.integrityReference),sec7-master-field-inventory,field-bound validation pairing,required,C10,c10.validation.676,sec9-field-bound-validation-registry,validation rule,runtime,RESOLVED,Direct table lookup: field row and validation row share identical numeric ID; validation Target column matches field Construct,1
E01-677,C10,c10.field.677 (OutcomeDecisionRecord.historyReference),sec7-master-field-inventory,field-bound validation pairing,required,C10,c10.validation.677,sec9-field-bound-validation-registry,validation rule,runtime,RESOLVED,Direct table lookup: field row and validation row share identical numeric ID; validation Target column matches field Construct,1
E01-680,C10,c10.field.680 (Contract6SealingRecord.sealingRecordId),sec7-master-field-inventory,field-bound validation pairing,required,C10,c10.validation.680,sec9-field-bound-validation-registry,validation rule,runtime,RESOLVED,Direct table lookup: field row and validation row share identical numeric ID; validation Target column matches field Construct,1
E01-681,C10,c10.field.681 (Contract6SealingRecord.annotationUnitId),sec7-master-field-inventory,field-bound validation pairing,required,C10,c10.validation.681,sec9-field-bound-validation-registry,validation rule,runtime,RESOLVED,Direct table lookup: field row and validation row share identical numeric ID; validation Target column matches field Construct,1
E01-682,C10,c10.field.682 (Contract6SealingRecord.lifecycleTransitionIdentity),sec7-master-field-inventory,field-bound validation pairing,required,C10,c10.validation.682,sec9-field-bound-validation-registry,validation rule,runtime,RESOLVED,Direct table lookup: field row and validation row share identical numeric ID; validation Target column matches field Construct,1
E01-683,C10,c10.field.683 (Contract6SealingRecord.authorityReference),sec7-master-field-inventory,field-bound validation pairing,required,C10,c10.validation.683,sec9-field-bound-validation-registry,validation rule,runtime,RESOLVED,Direct table lookup: field row and validation row share identical numeric ID; validation Target column matches field Construct,1
E01-684,C10,c10.field.684 (Contract6SealingRecord.sealedRevisionId),sec7-master-field-inventory,field-bound validation pairing,required,C10,c10.validation.684,sec9-field-bound-validation-registry,validation rule,runtime,RESOLVED,Direct table lookup: field row and validation row share identical numeric ID; validation Target column matches field Construct,1
E01-685,C10,c10.field.685 (Contract6SealingRecord.predecessorSealingRecordId),sec7-master-field-inventory,field-bound validation pairing,required,C10,c10.validation.685,sec9-field-bound-validation-registry,validation rule,runtime,RESOLVED,Direct table lookup: field row and validation row share identical numeric ID; validation Target column matches field Construct,1
E01-686,C10,c10.field.686 (Contract6SealingRecord.integrityReference),sec7-master-field-inventory,field-bound validation pairing,required,C10,c10.validation.686,sec9-field-bound-validation-registry,validation rule,runtime,RESOLVED,Direct table lookup: field row and validation row share identical numeric ID; validation Target column matches field Construct,1
E01-687,C10,c10.field.687 (Contract6SealingRecord.historyReference),sec7-master-field-inventory,field-bound validation pairing,required,C10,c10.validation.687,sec9-field-bound-validation-registry,validation rule,runtime,RESOLVED,Direct table lookup: field row and validation row share identical numeric ID; validation Target column matches field Construct,1
E01-690,C10,c10.field.690 (AdjudicationRecord.adjudicationRecordId),sec7-master-field-inventory,field-bound validation pairing,required,C10,c10.validation.690,sec9-field-bound-validation-registry,validation rule,runtime,RESOLVED,Direct table lookup: field row and validation row share identical numeric ID; validation Target column matches field Construct,1
E01-691,C10,c10.field.691 (AdjudicationRecord.annotationUnitId),sec7-master-field-inventory,field-bound validation pairing,required,C10,c10.validation.691,sec9-field-bound-validation-registry,validation rule,runtime,RESOLVED,Direct table lookup: field row and validation row share identical numeric ID; validation Target column matches field Construct,1
E01-692,C10,c10.field.692 (AdjudicationRecord.triggerIdentity),sec7-master-field-inventory,field-bound validation pairing,required,C10,c10.validation.692,sec9-field-bound-validation-registry,validation rule,runtime,RESOLVED,Direct table lookup: field row and validation row share identical numeric ID; validation Target column matches field Construct,1
E01-693,C10,c10.field.693 (AdjudicationRecord.retainedBasisReferences),sec7-master-field-inventory,field-bound validation pairing,required,C10,c10.validation.693,sec9-field-bound-validation-registry,validation rule,runtime,RESOLVED,Direct table lookup: field row and validation row share identical numeric ID; validation Target column matches field Construct,1
E01-694,C10,c10.field.694 (AdjudicationRecord.rationaleReference),sec7-master-field-inventory,field-bound validation pairing,required,C10,c10.validation.694,sec9-field-bound-validation-registry,validation rule,runtime,RESOLVED,Direct table lookup: field row and validation row share identical numeric ID; validation Target column matches field Construct,1
E01-695,C10,c10.field.695 (AdjudicationRecord.authorityReference),sec7-master-field-inventory,field-bound validation pairing,required,C10,c10.validation.695,sec9-field-bound-validation-registry,validation rule,runtime,RESOLVED,Direct table lookup: field row and validation row share identical numeric ID; validation Target column matches field Construct,1
E01-696,C10,c10.field.696 (AdjudicationRecord.dispositionIdentity),sec7-master-field-inventory,field-bound validation pairing,required,C10,c10.validation.696,sec9-field-bound-validation-registry,validation rule,runtime,RESOLVED,Direct table lookup: field row and validation row share identical numeric ID; validation Target column matches field Construct,1
E01-697,C10,c10.field.697 (AdjudicationRecord.revisionId),sec7-master-field-inventory,field-bound validation pairing,required,C10,c10.validation.697,sec9-field-bound-validation-registry,validation rule,runtime,RESOLVED,Direct table lookup: field row and validation row share identical numeric ID; validation Target column matches field Construct,1
E01-698,C10,c10.field.698 (AdjudicationRecord.predecessorAdjudicationRecordId),sec7-master-field-inventory,field-bound validation pairing,required,C10,c10.validation.698,sec9-field-bound-validation-registry,validation rule,runtime,RESOLVED,Direct table lookup: field row and validation row share identical numeric ID; validation Target column matches field Construct,1
E01-699,C10,c10.field.699 (AdjudicationRecord.integrityReference),sec7-master-field-inventory,field-bound validation pairing,required,C10,c10.validation.699,sec9-field-bound-validation-registry,validation rule,runtime,RESOLVED,Direct table lookup: field row and validation row share identical numeric ID; validation Target column matches field Construct,1
E01-700,C10,c10.field.700 (AdjudicationRecord.historyReference),sec7-master-field-inventory,field-bound validation pairing,required,C10,c10.validation.700,sec9-field-bound-validation-registry,validation rule,runtime,RESOLVED,Direct table lookup: field row and validation row share identical numeric ID; validation Target column matches field Construct,1
E01-704,C10,c10.field.704 (Contract8EvaluationPackage.packageId),sec7-master-field-inventory,field-bound validation pairing,required,C10,c10.validation.704,sec9-field-bound-validation-registry,validation rule,runtime,RESOLVED,Direct table lookup: field row and validation row share identical numeric ID; validation Target column matches field Construct,1
E01-705,C10,c10.field.705 (Contract8EvaluationPackage.evaluationConfigurationReference),sec7-master-field-inventory,field-bound validation pairing,required,C10,c10.validation.705,sec9-field-bound-validation-registry,validation rule,runtime,RESOLVED,Direct table lookup: field row and validation row share identical numeric ID; validation Target column matches field Construct,1
E01-706,C10,c10.field.706 (Contract8EvaluationPackage.rawAssertions),sec7-master-field-inventory,field-bound validation pairing,required,C10,c10.validation.706,sec9-field-bound-validation-registry,validation rule,runtime,RESOLVED,Direct table lookup: field row and validation row share identical numeric ID; validation Target column matches field Construct,1
E01-707,C10,c10.field.707 (Contract8EvaluationPackage.projectionFacts),sec7-master-field-inventory,field-bound validation pairing,required,C10,c10.validation.707,sec9-field-bound-validation-registry,validation rule,runtime,RESOLVED,Direct table lookup: field row and validation row share identical numeric ID; validation Target column matches field Construct,1
E01-708,C10,c10.field.708 (Contract8EvaluationPackage.records),sec7-master-field-inventory,field-bound validation pairing,required,C10,c10.validation.708,sec9-field-bound-validation-registry,validation rule,runtime,RESOLVED,Direct table lookup: field row and validation row share identical numeric ID; validation Target column matches field Construct,1
E01-709,C10,c10.field.709 (Contract8EvaluationPackage.schemaVersion),sec7-master-field-inventory,field-bound validation pairing,required,C10,c10.validation.709,sec9-field-bound-validation-registry,validation rule,runtime,RESOLVED,Direct table lookup: field row and validation row share identical numeric ID; validation Target column matches field Construct,1
E01-710,C10,c10.field.710 (RawMechanismAssertionArtifact.rawAssertionId),sec7-master-field-inventory,field-bound validation pairing,required,C10,c10.validation.710,sec9-field-bound-validation-registry,validation rule,runtime,RESOLVED,Direct table lookup: field row and validation row share identical numeric ID; validation Target column matches field Construct,1
E01-711,C10,c10.field.711 (RawMechanismAssertionArtifact.untouchedPayloadReference),sec7-master-field-inventory,field-bound validation pairing,required,C10,c10.validation.711,sec9-field-bound-validation-registry,validation rule,runtime,RESOLVED,Direct table lookup: field row and validation row share identical numeric ID; validation Target column matches field Construct,1
E01-712,C10,c10.field.712 (RawMechanismAssertionArtifact.semanticCaseId),sec7-master-field-inventory,field-bound validation pairing,required,C10,c10.validation.712,sec9-field-bound-validation-registry,validation rule,runtime,RESOLVED,Direct table lookup: field row and validation row share identical numeric ID; validation Target column matches field Construct,1
E01-713,C10,c10.field.713 (RawMechanismAssertionArtifact.roomCaseId),sec7-master-field-inventory,field-bound validation pairing,required,C10,c10.validation.713,sec9-field-bound-validation-registry,validation rule,runtime,RESOLVED,Direct table lookup: field row and validation row share identical numeric ID; validation Target column matches field Construct,1
E01-714,C10,c10.field.714 (RawMechanismAssertionArtifact.contributingImageAssetIds),sec7-master-field-inventory,field-bound validation pairing,required,C10,c10.validation.714,sec9-field-bound-validation-registry,validation rule,runtime,RESOLVED,Direct table lookup: field row and validation row share identical numeric ID; validation Target column matches field Construct,1
E01-715,C10,c10.field.715 (RawMechanismAssertionArtifact.rawEmittedCode),sec7-master-field-inventory,field-bound validation pairing,required,C10,c10.validation.715,sec9-field-bound-validation-registry,validation rule,runtime,RESOLVED,Direct table lookup: field row and validation row share identical numeric ID; validation Target column matches field Construct,1
E01-716,C10,c10.field.716 (RawMechanismAssertionArtifact.rawSubject),sec7-master-field-inventory,field-bound validation pairing,required,C10,c10.validation.716,sec9-field-bound-validation-registry,validation rule,runtime,RESOLVED,Direct table lookup: field row and validation row share identical numeric ID; validation Target column matches field Construct,1
E01-717,C10,c10.field.717 (RawMechanismAssertionArtifact.rawTarget),sec7-master-field-inventory,field-bound validation pairing,required,C10,c10.validation.717,sec9-field-bound-validation-registry,validation rule,runtime,RESOLVED,Direct table lookup: field row and validation row share identical numeric ID; validation Target column matches field Construct,1
E01-718,C10,c10.field.718 (RawMechanismAssertionArtifact.rawLocus),sec7-master-field-inventory,field-bound validation pairing,required,C10,c10.validation.718,sec9-field-bound-validation-registry,validation rule,runtime,RESOLVED,Direct table lookup: field row and validation row share identical numeric ID; validation Target column matches field Construct,1
E01-719,C10,c10.field.719 (RawMechanismAssertionArtifact.providerConfigurationReference),sec7-master-field-inventory,field-bound validation pairing,required,C10,c10.validation.719,sec9-field-bound-validation-registry,validation rule,runtime,RESOLVED,Direct table lookup: field row and validation row share identical numeric ID; validation Target column matches field Construct,1
E01-720,C10,c10.field.720 (RawMechanismAssertionArtifact.evaluationConfigurationReference),sec7-master-field-inventory,field-bound validation pairing,required,C10,c10.validation.720,sec9-field-bound-validation-registry,validation rule,runtime,RESOLVED,Direct table lookup: field row and validation row share identical numeric ID; validation Target column matches field Construct,1
E01-721,C10,c10.field.721 (RawMechanismAssertionArtifact.normalizationStatus),sec7-master-field-inventory,field-bound validation pairing,required,C10,c10.validation.721,sec9-field-bound-validation-registry,validation rule,runtime,RESOLVED,Direct table lookup: field row and validation row share identical numeric ID; validation Target column matches field Construct,1
E01-722,C10,c10.field.722 (RawMechanismAssertionArtifact.producedNormalizedClaimLinks),sec7-master-field-inventory,field-bound validation pairing,required,C10,c10.validation.722,sec9-field-bound-validation-registry,validation rule,runtime,RESOLVED,Direct table lookup: field row and validation row share identical numeric ID; validation Target column matches field Construct,1
E01-723,C10,c10.field.723 (RawMechanismAssertionArtifact.rawMalformedComparisonLink),sec7-master-field-inventory,field-bound validation pairing,required,C10,c10.validation.723,sec9-field-bound-validation-registry,validation rule,runtime,RESOLVED,Direct table lookup: field row and validation row share identical numeric ID; validation Target column matches field Construct,1
E01-724,C10,c10.field.724 (RawMechanismAssertionArtifact.assertionProjectionFactId),sec7-master-field-inventory,field-bound validation pairing,required,C10,c10.validation.724,sec9-field-bound-validation-registry,validation rule,runtime,RESOLVED,Direct table lookup: field row and validation row share identical numeric ID; validation Target column matches field Construct,1
E01-725,C10,c10.field.725 (RawMechanismAssertionArtifact.historyReference),sec7-master-field-inventory,field-bound validation pairing,required,C10,c10.validation.725,sec9-field-bound-validation-registry,validation rule,runtime,RESOLVED,Direct table lookup: field row and validation row share identical numeric ID; validation Target column matches field Construct,1
E01-730,C10,c10.field.730 (ETAPAssertionProjectionFact.projectionFactId),sec7-master-field-inventory,field-bound validation pairing,required,C10,c10.validation.730,sec9-field-bound-validation-registry,validation rule,runtime,RESOLVED,Direct table lookup: field row and validation row share identical numeric ID; validation Target column matches field Construct,1
E01-731,C10,c10.field.731 (ETAPAssertionProjectionFact.rawAssertionId),sec7-master-field-inventory,field-bound validation pairing,required,C10,c10.validation.731,sec9-field-bound-validation-registry,validation rule,runtime,RESOLVED,Direct table lookup: field row and validation row share identical numeric ID; validation Target column matches field Construct,1
E01-732,C10,c10.field.732 (ETAPAssertionProjectionFact.normalizedProducedClaimLinks),sec7-master-field-inventory,field-bound validation pairing,required,C10,c10.validation.732,sec9-field-bound-validation-registry,validation rule,runtime,RESOLVED,Direct table lookup: field row and validation row share identical numeric ID; validation Target column matches field Construct,1
E01-733,C10,c10.field.733 (ETAPAssertionProjectionFact.atomicComparisonLinks),sec7-master-field-inventory,field-bound validation pairing,required,C10,c10.validation.733,sec9-field-bound-validation-registry,validation rule,runtime,RESOLVED,Direct table lookup: field row and validation row share identical numeric ID; validation Target column matches field Construct,1
E01-734,C10,c10.field.734 (ETAPAssertionProjectionFact.rawMalformedComparisonLink),sec7-master-field-inventory,field-bound validation pairing,required,C10,c10.validation.734,sec9-field-bound-validation-registry,validation rule,runtime,RESOLVED,Direct table lookup: field row and validation row share identical numeric ID; validation Target column matches field Construct,1
E01-735,C10,c10.field.735 (ETAPAssertionProjectionFact.projectionResult),sec7-master-field-inventory,field-bound validation pairing,required,C10,c10.validation.735,sec9-field-bound-validation-registry,validation rule,runtime,RESOLVED,Direct table lookup: field row and validation row share identical numeric ID; validation Target column matches field Construct,1
E01-736,C10,c10.field.736 (ETAPAssertionProjectionFact.versionConfigurationBundle),sec7-master-field-inventory,field-bound validation pairing,required,C10,c10.validation.736,sec9-field-bound-validation-registry,validation rule,runtime,RESOLVED,Direct table lookup: field row and validation row share identical numeric ID; validation Target column matches field Construct,1
E01-737,C10,c10.field.737 (ETAPAssertionProjectionFact.etapConsumptionState),sec7-master-field-inventory,field-bound validation pairing,required,C10,c10.validation.737,sec9-field-bound-validation-registry,validation rule,runtime,RESOLVED,Direct table lookup: field row and validation row share identical numeric ID; validation Target column matches field Construct,1
E01-740,C10,c10.field.740 (C8EvaluationRecord.recordId),sec7-master-field-inventory,field-bound validation pairing,required,C10,c10.validation.740,sec9-field-bound-validation-registry,validation rule,runtime,RESOLVED,Direct table lookup: field row and validation row share identical numeric ID; validation Target column matches field Construct,1
E01-741,C10,c10.field.741 (C8EvaluationRecord.recordTypeIdentity),sec7-master-field-inventory,field-bound validation pairing,required,C10,c10.validation.741,sec9-field-bound-validation-registry,validation rule,runtime,RESOLVED,Direct table lookup: field row and validation row share identical numeric ID; validation Target column matches field Construct,1
E01-742,C10,c10.field.742 (C8EvaluationRecord.semanticCaseId),sec7-master-field-inventory,field-bound validation pairing,required,C10,c10.validation.742,sec9-field-bound-validation-registry,validation rule,runtime,RESOLVED,Direct table lookup: field row and validation row share identical numeric ID; validation Target column matches field Construct,1
E01-743,C10,c10.field.743 (C8EvaluationRecord.roomCaseId),sec7-master-field-inventory,field-bound validation pairing,required,C10,c10.validation.743,sec9-field-bound-validation-registry,validation rule,runtime,RESOLVED,Direct table lookup: field row and validation row share identical numeric ID; validation Target column matches field Construct,1
E01-744,C10,c10.field.744 (C8EvaluationRecord.claimCodeIdentity),sec7-master-field-inventory,field-bound validation pairing,required,C10,c10.validation.744,sec9-field-bound-validation-registry,validation rule,runtime,RESOLVED,Direct table lookup: field row and validation row share identical numeric ID; validation Target column matches field Construct,1
E01-745,C10,c10.field.745 (C8EvaluationRecord.dispositionIdentity),sec7-master-field-inventory,field-bound validation pairing,required,C10,c10.validation.745,sec9-field-bound-validation-registry,validation rule,runtime,RESOLVED,Direct table lookup: field row and validation row share identical numeric ID; validation Target column matches field Construct,1
E01-746,C10,c10.field.746 (C8EvaluationRecord.requirementLevelIdentity),sec7-master-field-inventory,field-bound validation pairing,required,C10,c10.validation.746,sec9-field-bound-validation-registry,validation rule,runtime,RESOLVED,Direct table lookup: field row and validation row share identical numeric ID; validation Target column matches field Construct,1
E01-747,C10,c10.field.747 (C8EvaluationRecord.assertionScopeIdentity),sec7-master-field-inventory,field-bound validation pairing,required,C10,c10.validation.747,sec9-field-bound-validation-registry,validation rule,runtime,RESOLVED,Direct table lookup: field row and validation row share identical numeric ID; validation Target column matches field Construct,1
E01-748,C10,c10.field.748 (C8EvaluationRecord.subject),sec7-master-field-inventory,field-bound validation pairing,required,C10,c10.validation.748,sec9-field-bound-validation-registry,validation rule,runtime,RESOLVED,Direct table lookup: field row and validation row share identical numeric ID; validation Target column matches field Construct,1
E01-749,C10,c10.field.749 (C8EvaluationRecord.target),sec7-master-field-inventory,field-bound validation pairing,required,C10,c10.validation.749,sec9-field-bound-validation-registry,validation rule,runtime,RESOLVED,Direct table lookup: field row and validation row share identical numeric ID; validation Target column matches field Construct,1
E01-750,C10,c10.field.750 (C8EvaluationRecord.locus),sec7-master-field-inventory,field-bound validation pairing,required,C10,c10.validation.750,sec9-field-bound-validation-registry,validation rule,runtime,RESOLVED,Direct table lookup: field row and validation row share identical numeric ID; validation Target column matches field Construct,1
E01-751,C10,c10.field.751 (C8EvaluationRecord.expectedState),sec7-master-field-inventory,field-bound validation pairing,required,C10,c10.validation.751,sec9-field-bound-validation-registry,validation rule,runtime,RESOLVED,Direct table lookup: field row and validation row share identical numeric ID; validation Target column matches field Construct,1
E01-752,C10,c10.field.752 (C8EvaluationRecord.rawAssertionId),sec7-master-field-inventory,field-bound validation pairing,required,C10,c10.validation.752,sec9-field-bound-validation-registry,validation rule,runtime,RESOLVED,Direct table lookup: field row and validation row share identical numeric ID; validation Target column matches field Construct,1
E01-753,C10,c10.field.753 (C8EvaluationRecord.normalizationTransformationId),sec7-master-field-inventory,field-bound validation pairing,required,C10,c10.validation.753,sec9-field-bound-validation-registry,validation rule,runtime,RESOLVED,Direct table lookup: field row and validation row share identical numeric ID; validation Target column matches field Construct,1
E01-754,C10,c10.field.754 (C8EvaluationRecord.normalizedAtomicInterpretationId),sec7-master-field-inventory,field-bound validation pairing,required,C10,c10.validation.754,sec9-field-bound-validation-registry,validation rule,runtime,RESOLVED,Direct table lookup: field row and validation row share identical numeric ID; validation Target column matches field Construct,1
E01-755,C10,c10.field.755 (C8EvaluationRecord.expectationOrProhibitionRecordId),sec7-master-field-inventory,field-bound validation pairing,required,C10,c10.validation.755,sec9-field-bound-validation-registry,validation rule,runtime,RESOLVED,Direct table lookup: field row and validation row share identical numeric ID; validation Target column matches field Construct,1
E01-756,C10,c10.field.756 (C8EvaluationRecord.matchedProducedRecordId),sec7-master-field-inventory,field-bound validation pairing,required,C10,c10.validation.756,sec9-field-bound-validation-registry,validation rule,runtime,RESOLVED,Direct table lookup: field row and validation row share identical numeric ID; validation Target column matches field Construct,1
E01-757,C10,c10.field.757 (C8EvaluationRecord.rawAssertionDefectLink),sec7-master-field-inventory,field-bound validation pairing,required,C10,c10.validation.757,sec9-field-bound-validation-registry,validation rule,runtime,RESOLVED,Direct table lookup: field row and validation row share identical numeric ID; validation Target column matches field Construct,1
E01-758,C10,c10.field.758 (C8EvaluationRecord.primaryComparisonResultIdentity),sec7-master-field-inventory,field-bound validation pairing,required,C10,c10.validation.758,sec9-field-bound-validation-registry,validation rule,runtime,RESOLVED,Direct table lookup: field row and validation row share identical numeric ID; validation Target column matches field Construct,1
E01-759,C10,c10.field.759 (C8EvaluationRecord.secondaryFailureIdentities),sec7-master-field-inventory,field-bound validation pairing,required,C10,c10.validation.759,sec9-field-bound-validation-registry,validation rule,runtime,RESOLVED,Direct table lookup: field row and validation row share identical numeric ID; validation Target column matches field Construct,1
E01-760,C10,c10.field.760 (C8EvaluationRecord.evidenceReferences),sec7-master-field-inventory,field-bound validation pairing,required,C10,c10.validation.760,sec9-field-bound-validation-registry,validation rule,runtime,RESOLVED,Direct table lookup: field row and validation row share identical numeric ID; validation Target column matches field Construct,1
E01-761,C10,c10.field.761 (C8EvaluationRecord.contributingImageAssetIds),sec7-master-field-inventory,field-bound validation pairing,required,C10,c10.validation.761,sec9-field-bound-validation-registry,validation rule,runtime,RESOLVED,Direct table lookup: field row and validation row share identical numeric ID; validation Target column matches field Construct,1
E01-762,C10,c10.field.762 (C8EvaluationRecord.subsetReference),sec7-master-field-inventory,field-bound validation pairing,required,C10,c10.validation.762,sec9-field-bound-validation-registry,validation rule,runtime,RESOLVED,Direct table lookup: field row and validation row share identical numeric ID; validation Target column matches field Construct,1
E01-763,C10,c10.field.763 (C8EvaluationRecord.lineageReference),sec7-master-field-inventory,field-bound validation pairing,required,C10,c10.validation.763,sec9-field-bound-validation-registry,validation rule,runtime,RESOLVED,Direct table lookup: field row and validation row share identical numeric ID; validation Target column matches field Construct,1
E01-764,C10,c10.field.764 (C8EvaluationRecord.contractSemanticVersionReference),sec7-master-field-inventory,field-bound validation pairing,required,C10,c10.validation.764,sec9-field-bound-validation-registry,validation rule,runtime,RESOLVED,Direct table lookup: field row and validation row share identical numeric ID; validation Target column matches field Construct,1
E01-765,C10,c10.field.765 (C8EvaluationRecord.claimVocabularyVersionReference),sec7-master-field-inventory,field-bound validation pairing,required,C10,c10.validation.765,sec9-field-bound-validation-registry,validation rule,runtime,RESOLVED,Direct table lookup: field row and validation row share identical numeric ID; validation Target column matches field Construct,1
E01-766,C10,c10.field.766 (C8EvaluationRecord.ruleRegistryVersionReference),sec7-master-field-inventory,field-bound validation pairing,required,C10,c10.validation.766,sec9-field-bound-validation-registry,validation rule,runtime,RESOLVED,Direct table lookup: field row and validation row share identical numeric ID; validation Target column matches field Construct,1
E01-767,C10,c10.field.767 (C8EvaluationRecord.validationRegistryVersionReference),sec7-master-field-inventory,field-bound validation pairing,required,C10,c10.validation.767,sec9-field-bound-validation-registry,validation rule,runtime,RESOLVED,Direct table lookup: field row and validation row share identical numeric ID; validation Target column matches field Construct,1
E01-768,C10,c10.field.768 (C8EvaluationRecord.comparisonPolicyVersionReference),sec7-master-field-inventory,field-bound validation pairing,required,C10,c10.validation.768,sec9-field-bound-validation-registry,validation rule,runtime,RESOLVED,Direct table lookup: field row and validation row share identical numeric ID; validation Target column matches field Construct,1
E01-769,C10,c10.field.769 (C8EvaluationRecord.providerConfigurationReference),sec7-master-field-inventory,field-bound validation pairing,required,C10,c10.validation.769,sec9-field-bound-validation-registry,validation rule,runtime,RESOLVED,Direct table lookup: field row and validation row share identical numeric ID; validation Target column matches field Construct,1
E01-770,C10,c10.field.770 (C8EvaluationRecord.evaluationConfigurationReference),sec7-master-field-inventory,field-bound validation pairing,required,C10,c10.validation.770,sec9-field-bound-validation-registry,validation rule,runtime,RESOLVED,Direct table lookup: field row and validation row share identical numeric ID; validation Target column matches field Construct,1
E01-771,C10,c10.field.771 (C8EvaluationRecord.lifecycle),sec7-master-field-inventory,field-bound validation pairing,required,C10,c10.validation.771,sec9-field-bound-validation-registry,validation rule,runtime,RESOLVED,Direct table lookup: field row and validation row share identical numeric ID; validation Target column matches field Construct,1
E01-772,C10,c10.field.772 (C8EvaluationRecord.adjudicationRecordId),sec7-master-field-inventory,field-bound validation pairing,required,C10,c10.validation.772,sec9-field-bound-validation-registry,validation rule,runtime,RESOLVED,Direct table lookup: field row and validation row share identical numeric ID; validation Target column matches field Construct,1
E01-773,C10,c10.field.773 (C8EvaluationRecord.replacementRecordId),sec7-master-field-inventory,field-bound validation pairing,required,C10,c10.validation.773,sec9-field-bound-validation-registry,validation rule,runtime,RESOLVED,Direct table lookup: field row and validation row share identical numeric ID; validation Target column matches field Construct,1
E01-774,C10,c10.field.774 (C8LifecycleBundle.lifecycleStateIdentity),sec7-master-field-inventory,field-bound validation pairing,required,C10,c10.validation.774,sec9-field-bound-validation-registry,validation rule,runtime,RESOLVED,Direct table lookup: field row and validation row share identical numeric ID; validation Target column matches field Construct,1
E01-775,C10,c10.field.775 (C8LifecycleBundle.recordRevisionId),sec7-master-field-inventory,field-bound validation pairing,required,C10,c10.validation.775,sec9-field-bound-validation-registry,validation rule,runtime,RESOLVED,Direct table lookup: field row and validation row share identical numeric ID; validation Target column matches field Construct,1
E01-776,C10,c10.field.776 (C8LifecycleBundle.predecessorRecordId),sec7-master-field-inventory,field-bound validation pairing,required,C10,c10.validation.776,sec9-field-bound-validation-registry,validation rule,runtime,RESOLVED,Direct table lookup: field row and validation row share identical numeric ID; validation Target column matches field Construct,1
E01-777,C10,c10.field.777 (C8LifecycleBundle.successorRecordId),sec7-master-field-inventory,field-bound validation pairing,required,C10,c10.validation.777,sec9-field-bound-validation-registry,validation rule,runtime,RESOLVED,Direct table lookup: field row and validation row share identical numeric ID; validation Target column matches field Construct,1
E01-778,C10,c10.field.778 (C8LifecycleBundle.sealedAt),sec7-master-field-inventory,field-bound validation pairing,required,C10,c10.validation.778,sec9-field-bound-validation-registry,validation rule,runtime,RESOLVED,Direct table lookup: field row and validation row share identical numeric ID; validation Target column matches field Construct,1
E01-779,C10,c10.field.779 (C8LifecycleBundle.sealIntegrityReference),sec7-master-field-inventory,field-bound validation pairing,required,C10,c10.validation.779,sec9-field-bound-validation-registry,validation rule,runtime,RESOLVED,Direct table lookup: field row and validation row share identical numeric ID; validation Target column matches field Construct,1
E01-780,C10,c10.field.780 (C8LifecycleBundle.historyReference),sec7-master-field-inventory,field-bound validation pairing,required,C10,c10.validation.780,sec9-field-bound-validation-registry,validation rule,runtime,RESOLVED,Direct table lookup: field row and validation row share identical numeric ID; validation Target column matches field Construct,1
E01-781,C10,c10.field.781 (C8LifecycleBundle.exclusionReasonIdentity),sec7-master-field-inventory,field-bound validation pairing,required,C10,c10.validation.781,sec9-field-bound-validation-registry,validation rule,runtime,RESOLVED,Direct table lookup: field row and validation row share identical numeric ID; validation Target column matches field Construct,1
E01-782,C10,c10.field.782 (C8LifecycleBundle.invalidationReasonIdentity),sec7-master-field-inventory,field-bound validation pairing,required,C10,c10.validation.782,sec9-field-bound-validation-registry,validation rule,runtime,RESOLVED,Direct table lookup: field row and validation row share identical numeric ID; validation Target column matches field Construct,1
E01-783,C10,c10.field.783 (C8LifecycleBundle.replacementReasonIdentity),sec7-master-field-inventory,field-bound validation pairing,required,C10,c10.validation.783,sec9-field-bound-validation-registry,validation rule,runtime,RESOLVED,Direct table lookup: field row and validation row share identical numeric ID; validation Target column matches field Construct,1
E01-784,C10,c10.field.784 (C8LifecycleBundle.transitionEvents),sec7-master-field-inventory,field-bound validation pairing,required,C10,c10.validation.784,sec9-field-bound-validation-registry,validation rule,runtime,RESOLVED,Direct table lookup: field row and validation row share identical numeric ID; validation Target column matches field Construct,1
E01-785,C10,c10.field.785 (C8LifecycleTransitionEvent.transitionEventId),sec7-master-field-inventory,field-bound validation pairing,required,C10,c10.validation.785,sec9-field-bound-validation-registry,validation rule,runtime,RESOLVED,Direct table lookup: field row and validation row share identical numeric ID; validation Target column matches field Construct,1
E01-786,C10,c10.field.786 (C8LifecycleTransitionEvent.fromStateIdentity),sec7-master-field-inventory,field-bound validation pairing,required,C10,c10.validation.786,sec9-field-bound-validation-registry,validation rule,runtime,RESOLVED,Direct table lookup: field row and validation row share identical numeric ID; validation Target column matches field Construct,1
E01-787,C10,c10.field.787 (C8LifecycleTransitionEvent.toStateIdentity),sec7-master-field-inventory,field-bound validation pairing,required,C10,c10.validation.787,sec9-field-bound-validation-registry,validation rule,runtime,RESOLVED,Direct table lookup: field row and validation row share identical numeric ID; validation Target column matches field Construct,1
E01-788,C10,c10.field.788 (C8LifecycleTransitionEvent.transitionDisposition),sec7-master-field-inventory,field-bound validation pairing,required,C10,c10.validation.788,sec9-field-bound-validation-registry,validation rule,runtime,RESOLVED,Direct table lookup: field row and validation row share identical numeric ID; validation Target column matches field Construct,1
E01-789,C10,c10.field.789 (C8LifecycleTransitionEvent.conditionEvidenceReferences),sec7-master-field-inventory,field-bound validation pairing,required,C10,c10.validation.789,sec9-field-bound-validation-registry,validation rule,runtime,RESOLVED,Direct table lookup: field row and validation row share identical numeric ID; validation Target column matches field Construct,1
E01-790,C10,c10.field.790 (C8LifecycleTransitionEvent.actorRoleReference),sec7-master-field-inventory,field-bound validation pairing,required,C10,c10.validation.790,sec9-field-bound-validation-registry,validation rule,runtime,RESOLVED,Direct table lookup: field row and validation row share identical numeric ID; validation Target column matches field Construct,1
E01-791,C10,c10.field.791 (C8LifecycleTransitionEvent.occurredAt),sec7-master-field-inventory,field-bound validation pairing,required,C10,c10.validation.791,sec9-field-bound-validation-registry,validation rule,runtime,RESOLVED,Direct table lookup: field row and validation row share identical numeric ID; validation Target column matches field Construct,1
E01-792,C10,c10.field.792 (C8LifecycleTransitionEvent.eventIntegrityReference),sec7-master-field-inventory,field-bound validation pairing,required,C10,c10.validation.792,sec9-field-bound-validation-registry,validation rule,runtime,RESOLVED,Direct table lookup: field row and validation row share identical numeric ID; validation Target column matches field Construct,1
E01-800,C10,c10.field.800 (ComparisonOutcome.comparisonId),sec7-master-field-inventory,field-bound validation pairing,required,C10,c10.validation.800,sec9-field-bound-validation-registry,validation rule,runtime,RESOLVED,Direct table lookup: field row and validation row share identical numeric ID; validation Target column matches field Construct,1
E01-801,C10,c10.field.801 (ComparisonOutcome.fixtureId),sec7-master-field-inventory,field-bound validation pairing,required,C10,c10.validation.801,sec9-field-bound-validation-registry,validation rule,runtime,RESOLVED,Direct table lookup: field row and validation row share identical numeric ID; validation Target column matches field Construct,1
E01-802,C10,c10.field.802 (ComparisonOutcome.entryIdentity),sec7-master-field-inventory,field-bound validation pairing,required,C10,c10.validation.802,sec9-field-bound-validation-registry,validation rule,runtime,RESOLVED,Direct table lookup: field row and validation row share identical numeric ID; validation Target column matches field Construct,1
E01-803,C10,c10.field.803 (ComparisonOutcome.observedResultReference),sec7-master-field-inventory,field-bound validation pairing,required,C10,c10.validation.803,sec9-field-bound-validation-registry,validation rule,runtime,RESOLVED,Direct table lookup: field row and validation row share identical numeric ID; validation Target column matches field Construct,1
E01-804,C10,c10.field.804 (ComparisonOutcome.comparisonOutcomeIdentity),sec7-master-field-inventory,field-bound validation pairing,required,C10,c10.validation.804,sec9-field-bound-validation-registry,validation rule,runtime,RESOLVED,Direct table lookup: field row and validation row share identical numeric ID; validation Target column matches field Construct,1
E01-805,C10,c10.field.805 (ComparisonOutcome.primaryFailureIdentity),sec7-master-field-inventory,field-bound validation pairing,required,C10,c10.validation.805,sec9-field-bound-validation-registry,validation rule,runtime,RESOLVED,Direct table lookup: field row and validation row share identical numeric ID; validation Target column matches field Construct,1
E01-806,C10,c10.field.806 (ComparisonOutcome.retryabilityAssessment),sec7-master-field-inventory,field-bound validation pairing,required,C10,c10.validation.806,sec9-field-bound-validation-registry,validation rule,runtime,RESOLVED,Direct table lookup: field row and validation row share identical numeric ID; validation Target column matches field Construct,1
E01-807,C10,c10.field.807 (ComparisonOutcome.subsetRole),sec7-master-field-inventory,field-bound validation pairing,required,C10,c10.validation.807,sec9-field-bound-validation-registry,validation rule,runtime,RESOLVED,Direct table lookup: field row and validation row share identical numeric ID; validation Target column matches field Construct,1
E01-808,C10,c10.field.808 (ComparisonOutcome.sealedAt),sec7-master-field-inventory,field-bound validation pairing,required,C10,c10.validation.808,sec9-field-bound-validation-registry,validation rule,runtime,RESOLVED,Direct table lookup: field row and validation row share identical numeric ID; validation Target column matches field Construct,1
E01-809,C10,c10.field.809 (ComparisonOutcome.sealIntegrityReference),sec7-master-field-inventory,field-bound validation pairing,required,C10,c10.validation.809,sec9-field-bound-validation-registry,validation rule,runtime,RESOLVED,Direct table lookup: field row and validation row share identical numeric ID; validation Target column matches field Construct,1
E01-810,C10,c10.field.810 (ComparisonOutcome.schemaVersion),sec7-master-field-inventory,field-bound validation pairing,required,C10,c10.validation.810,sec9-field-bound-validation-registry,validation rule,runtime,RESOLVED,Direct table lookup: field row and validation row share identical numeric ID; validation Target column matches field Construct,1
E01-811,C10,c10.field.811 (ComparisonOutcome.contractVersionReference),sec7-master-field-inventory,field-bound validation pairing,required,C10,c10.validation.811,sec9-field-bound-validation-registry,validation rule,runtime,RESOLVED,Direct table lookup: field row and validation row share identical numeric ID; validation Target column matches field Construct,1
E01-812,C10,c10.field.812 (ComparisonOutcome.governingSourceIdentityReferences),sec7-master-field-inventory,field-bound validation pairing,required,C10,c10.validation.812,sec9-field-bound-validation-registry,validation rule,runtime,RESOLVED,Direct table lookup: field row and validation row share identical numeric ID; validation Target column matches field Construct,1
E01-813,C10,c10.field.813 (ComparisonOutcome.suiteIdentity),sec7-master-field-inventory,field-bound validation pairing,required,C10,c10.validation.813,sec9-field-bound-validation-registry,validation rule,runtime,RESOLVED,Direct table lookup: field row and validation row share identical numeric ID; validation Target column matches field Construct,1
E01-814,C10,c10.field.814 (ComparisonOutcome.subtypeToken),sec7-master-field-inventory,field-bound validation pairing,required,C10,c10.validation.814,sec9-field-bound-validation-registry,validation rule,runtime,RESOLVED,Direct table lookup: field row and validation row share identical numeric ID; validation Target column matches field Construct,1
E01-815,C10,c10.field.815 (ComparisonOutcome.expectedResultFamily),sec7-master-field-inventory,field-bound validation pairing,required,C10,c10.validation.815,sec9-field-bound-validation-registry,validation rule,runtime,RESOLVED,Direct table lookup: field row and validation row share identical numeric ID; validation Target column matches field Construct,1
E01-816,C10,c10.field.816 (ComparisonOutcome.expectedStage),sec7-master-field-inventory,field-bound validation pairing,required,C10,c10.validation.816,sec9-field-bound-validation-registry,validation rule,runtime,RESOLVED,Direct table lookup: field row and validation row share identical numeric ID; validation Target column matches field Construct,1
E01-817,C10,c10.field.817 (ComparisonOutcome.expectedReasonToken),sec7-master-field-inventory,field-bound validation pairing,required,C10,c10.validation.817,sec9-field-bound-validation-registry,validation rule,runtime,RESOLVED,Direct table lookup: field row and validation row share identical numeric ID; validation Target column matches field Construct,1
E01-818,C10,c10.field.818 (ComparisonOutcome.expectedRetryabilityIdentity),sec7-master-field-inventory,field-bound validation pairing,required,C10,c10.validation.818,sec9-field-bound-validation-registry,validation rule,runtime,RESOLVED,Direct table lookup: field row and validation row share identical numeric ID; validation Target column matches field Construct,1
E01-819,C10,c10.field.819 (ComparisonOutcome.prohibitedOutcomeIdentities),sec7-master-field-inventory,field-bound validation pairing,required,C10,c10.validation.819,sec9-field-bound-validation-registry,validation rule,runtime,RESOLVED,Direct table lookup: field row and validation row share identical numeric ID; validation Target column matches field Construct,1
E01-820,C10,c10.field.820 (ComparisonOutcome.fixtureLineageId),sec7-master-field-inventory,field-bound validation pairing,required,C10,c10.validation.820,sec9-field-bound-validation-registry,validation rule,runtime,RESOLVED,Direct table lookup: field row and validation row share identical numeric ID; validation Target column matches field Construct,1
E01-821,C10,c10.field.821 (ComparisonOutcome.observedResultFamily),sec7-master-field-inventory,field-bound validation pairing,required,C10,c10.validation.821,sec9-field-bound-validation-registry,validation rule,runtime,RESOLVED,Direct table lookup: field row and validation row share identical numeric ID; validation Target column matches field Construct,1
E01-822,C10,c10.field.822 (ComparisonOutcome.observedStage),sec7-master-field-inventory,field-bound validation pairing,required,C10,c10.validation.822,sec9-field-bound-validation-registry,validation rule,runtime,RESOLVED,Direct table lookup: field row and validation row share identical numeric ID; validation Target column matches field Construct,1
E01-823,C10,c10.field.823 (ComparisonOutcome.observedReasonToken),sec7-master-field-inventory,field-bound validation pairing,required,C10,c10.validation.823,sec9-field-bound-validation-registry,validation rule,runtime,RESOLVED,Direct table lookup: field row and validation row share identical numeric ID; validation Target column matches field Construct,1
E01-824,C10,c10.field.824 (ComparisonOutcome.observedRetryabilityIdentity),sec7-master-field-inventory,field-bound validation pairing,required,C10,c10.validation.824,sec9-field-bound-validation-registry,validation rule,runtime,RESOLVED,Direct table lookup: field row and validation row share identical numeric ID; validation Target column matches field Construct,1
E01-825,C10,c10.field.825 (ComparisonOutcome.comparisonValidationIdentity),sec7-master-field-inventory,field-bound validation pairing,required,C10,c10.validation.825,sec9-field-bound-validation-registry,validation rule,runtime,RESOLVED,Direct table lookup: field row and validation row share identical numeric ID; validation Target column matches field Construct,1
E01-826,C10,c10.field.826 (ComparisonOutcome.primaryEscalationIdentity),sec7-master-field-inventory,field-bound validation pairing,required,C10,c10.validation.826,sec9-field-bound-validation-registry,validation rule,runtime,RESOLVED,Direct table lookup: field row and validation row share identical numeric ID; validation Target column matches field Construct,1
E01-827,C10,c10.field.827 (ComparisonOutcome.secondaryFailureIdentities),sec7-master-field-inventory,field-bound validation pairing,required,C10,c10.validation.827,sec9-field-bound-validation-registry,validation rule,runtime,RESOLVED,Direct table lookup: field row and validation row share identical numeric ID; validation Target column matches field Construct,1
E01-828,C10,c10.field.828 (ComparisonOutcome.countConsumptionIdentity),sec7-master-field-inventory,field-bound validation pairing,required,C10,c10.validation.828,sec9-field-bound-validation-registry,validation rule,runtime,RESOLVED,Direct table lookup: field row and validation row share identical numeric ID; validation Target column matches field Construct,1
E01-829,C10,c10.field.829 (ComparisonOutcome.immutableTraceReference),sec7-master-field-inventory,field-bound validation pairing,required,C10,c10.validation.829,sec9-field-bound-validation-registry,validation rule,runtime,RESOLVED,Direct table lookup: field row and validation row share identical numeric ID; validation Target column matches field Construct,1
E01-900,C10,c10.field.900 (ConformanceValidationReport.reportId),sec7-master-field-inventory,field-bound validation pairing,required,C10,c10.validation.900,sec9-field-bound-validation-registry,validation rule,runtime,RESOLVED,Direct table lookup: field row and validation row share identical numeric ID; validation Target column matches field Construct,1
E01-901,C10,c10.field.901 (ConformanceValidationReport.targetArtifactId),sec7-master-field-inventory,field-bound validation pairing,required,C10,c10.validation.901,sec9-field-bound-validation-registry,validation rule,runtime,RESOLVED,Direct table lookup: field row and validation row share identical numeric ID; validation Target column matches field Construct,1
E01-902,C10,c10.field.902 (ConformanceValidationReport.targetArtifactKind),sec7-master-field-inventory,field-bound validation pairing,required,C10,c10.validation.902,sec9-field-bound-validation-registry,validation rule,runtime,RESOLVED,Direct table lookup: field row and validation row share identical numeric ID; validation Target column matches field Construct,1
E01-903,C10,c10.field.903 (ConformanceValidationReport.validationBundleVersion),sec7-master-field-inventory,field-bound validation pairing,required,C10,c10.validation.903,sec9-field-bound-validation-registry,validation rule,runtime,RESOLVED,Direct table lookup: field row and validation row share identical numeric ID; validation Target column matches field Construct,1
E01-904,C10,c10.field.904 (ConformanceValidationReport.findings),sec7-master-field-inventory,field-bound validation pairing,required,C10,c10.validation.904,sec9-field-bound-validation-registry,validation rule,runtime,RESOLVED,Direct table lookup: field row and validation row share identical numeric ID; validation Target column matches field Construct,1
E01-905,C10,c10.field.905 (ConformanceValidationReport.primaryFindingId),sec7-master-field-inventory,field-bound validation pairing,required,C10,c10.validation.905,sec9-field-bound-validation-registry,validation rule,runtime,RESOLVED,Direct table lookup: field row and validation row share identical numeric ID; validation Target column matches field Construct,1
E01-906,C10,c10.field.906 (ConformanceValidationReport.valid),sec7-master-field-inventory,field-bound validation pairing,required,C10,c10.validation.906,sec9-field-bound-validation-registry,validation rule,runtime,RESOLVED,Direct table lookup: field row and validation row share identical numeric ID; validation Target column matches field Construct,1
E01-907,C10,c10.field.907 (ConformanceValidationReport.sealedAt),sec7-master-field-inventory,field-bound validation pairing,required,C10,c10.validation.907,sec9-field-bound-validation-registry,validation rule,runtime,RESOLVED,Direct table lookup: field row and validation row share identical numeric ID; validation Target column matches field Construct,1
E01-908,C10,c10.field.908 (ConformanceValidationReport.sealIntegrityReference),sec7-master-field-inventory,field-bound validation pairing,required,C10,c10.validation.908,sec9-field-bound-validation-registry,validation rule,runtime,RESOLVED,Direct table lookup: field row and validation row share identical numeric ID; validation Target column matches field Construct,1
E01-909,C10,c10.field.909 (ConformanceValidationReport.schemaVersion),sec7-master-field-inventory,field-bound validation pairing,required,C10,c10.validation.909,sec9-field-bound-validation-registry,validation rule,runtime,RESOLVED,Direct table lookup: field row and validation row share identical numeric ID; validation Target column matches field Construct,1
E01-910,C10,c10.field.910 (ConformanceFinding.findingId),sec7-master-field-inventory,field-bound validation pairing,required,C10,c10.validation.910,sec9-field-bound-validation-registry,validation rule,runtime,RESOLVED,Direct table lookup: field row and validation row share identical numeric ID; validation Target column matches field Construct,1
E01-911,C10,c10.field.911 (ConformanceFinding.validationId),sec7-master-field-inventory,field-bound validation pairing,required,C10,c10.validation.911,sec9-field-bound-validation-registry,validation rule,runtime,RESOLVED,Direct table lookup: field row and validation row share identical numeric ID; validation Target column matches field Construct,1
E01-912,C10,c10.field.912 (ConformanceFinding.failureIdentity),sec7-master-field-inventory,field-bound validation pairing,required,C10,c10.validation.912,sec9-field-bound-validation-registry,validation rule,runtime,RESOLVED,Direct table lookup: field row and validation row share identical numeric ID; validation Target column matches field Construct,1
E01-913,C10,c10.field.913 (ConformanceFinding.targetPath),sec7-master-field-inventory,field-bound validation pairing,required,C10,c10.validation.913,sec9-field-bound-validation-registry,validation rule,runtime,RESOLVED,Direct table lookup: field row and validation row share identical numeric ID; validation Target column matches field Construct,1
E01-914,C10,c10.field.914 (ConformanceFinding.dispositionIdentity),sec7-master-field-inventory,field-bound validation pairing,required,C10,c10.validation.914,sec9-field-bound-validation-registry,validation rule,runtime,RESOLVED,Direct table lookup: field row and validation row share identical numeric ID; validation Target column matches field Construct,1
E01-915,C10,c10.field.915 (ConformanceFinding.externalOutcomeToken),sec7-master-field-inventory,field-bound validation pairing,required,C10,c10.validation.915,sec9-field-bound-validation-registry,validation rule,runtime,RESOLVED,Direct table lookup: field row and validation row share identical numeric ID; validation Target column matches field Construct,1
E01-916,C10,c10.field.916 (ConformanceFinding.secondaryEvidenceReferences),sec7-master-field-inventory,field-bound validation pairing,required,C10,c10.validation.916,sec9-field-bound-validation-registry,validation rule,runtime,RESOLVED,Direct table lookup: field row and validation row share identical numeric ID; validation Target column matches field Construct,1
E01-917,C10,c10.field.917 (ConformanceFinding.precedence),sec7-master-field-inventory,field-bound validation pairing,required,C10,c10.validation.917,sec9-field-bound-validation-registry,validation rule,runtime,RESOLVED,Direct table lookup: field row and validation row share identical numeric ID; validation Target column matches field Construct,1
E01-918,C10,c10.field.918 (ConformanceFinding.upstreamFailureIdentities),sec7-master-field-inventory,field-bound validation pairing,required,C10,c10.validation.918,sec9-field-bound-validation-registry,validation rule,runtime,RESOLVED,Direct table lookup: field row and validation row share identical numeric ID; validation Target column matches field Construct,1
E01-920,C10,c10.field.920 (SealVerificationResult.schemaVersion),sec7-master-field-inventory,field-bound validation pairing,required,C10,c10.validation.920,sec9-field-bound-validation-registry,validation rule,runtime,RESOLVED,Direct table lookup: field row and validation row share identical numeric ID; validation Target column matches field Construct,1
E01-921,C10,c10.field.921 (SealVerificationResult.verificationId),sec7-master-field-inventory,field-bound validation pairing,required,C10,c10.validation.921,sec9-field-bound-validation-registry,validation rule,runtime,RESOLVED,Direct table lookup: field row and validation row share identical numeric ID; validation Target column matches field Construct,1
E01-922,C10,c10.field.922 (SealVerificationResult.targetArtifactId),sec7-master-field-inventory,field-bound validation pairing,required,C10,c10.validation.922,sec9-field-bound-validation-registry,validation rule,runtime,RESOLVED,Direct table lookup: field row and validation row share identical numeric ID; validation Target column matches field Construct,1
E01-923,C10,c10.field.923 (SealVerificationResult.targetArtifactKind),sec7-master-field-inventory,field-bound validation pairing,required,C10,c10.validation.923,sec9-field-bound-validation-registry,validation rule,runtime,RESOLVED,Direct table lookup: field row and validation row share identical numeric ID; validation Target column matches field Construct,1
E01-924,C10,c10.field.924 (SealVerificationResult.presentedSealIntegrityReference),sec7-master-field-inventory,field-bound validation pairing,required,C10,c10.validation.924,sec9-field-bound-validation-registry,validation rule,runtime,RESOLVED,Direct table lookup: field row and validation row share identical numeric ID; validation Target column matches field Construct,1
E01-925,C10,c10.field.925 (SealVerificationResult.recomputedSealIntegrityReference),sec7-master-field-inventory,field-bound validation pairing,required,C10,c10.validation.925,sec9-field-bound-validation-registry,validation rule,runtime,RESOLVED,Direct table lookup: field row and validation row share identical numeric ID; validation Target column matches field Construct,1
E01-926,C10,c10.field.926 (SealVerificationResult.valid),sec7-master-field-inventory,field-bound validation pairing,required,C10,c10.validation.926,sec9-field-bound-validation-registry,validation rule,runtime,RESOLVED,Direct table lookup: field row and validation row share identical numeric ID; validation Target column matches field Construct,1
E01-927,C10,c10.field.927 (SealVerificationResult.verifiedAt),sec7-master-field-inventory,field-bound validation pairing,required,C10,c10.validation.927,sec9-field-bound-validation-registry,validation rule,runtime,RESOLVED,Direct table lookup: field row and validation row share identical numeric ID; validation Target column matches field Construct,1
E01-928,C10,c10.field.928 (SealVerificationResult.failureIdentity),sec7-master-field-inventory,field-bound validation pairing,required,C10,c10.validation.928,sec9-field-bound-validation-registry,validation rule,runtime,RESOLVED,Direct table lookup: field row and validation row share identical numeric ID; validation Target column matches field Construct,1
E01-929,C10,c10.field.929 (SealVerificationResult.verificationMethodIdentity),sec7-master-field-inventory,field-bound validation pairing,required,C10,c10.validation.929,sec9-field-bound-validation-registry,validation rule,runtime,RESOLVED,Direct table lookup: field row and validation row share identical numeric ID; validation Target column matches field Construct,1
E01-950,C10,c10.field.950 (PairingRecord.recordTypeIdentity),sec7-master-field-inventory,field-bound validation pairing,required,C10,c10.validation.950,sec9-field-bound-validation-registry,validation rule,runtime,RESOLVED,Direct table lookup: field row and validation row share identical numeric ID; validation Target column matches field Construct,1
E01-951,C10,c10.field.951 (BasisLinkRecord.recordTypeIdentity),sec7-master-field-inventory,field-bound validation pairing,required,C10,c10.validation.951,sec9-field-bound-validation-registry,validation rule,runtime,RESOLVED,Direct table lookup: field row and validation row share identical numeric ID; validation Target column matches field Construct,1
E01-952,C10,c10.field.952 (OutcomeDecisionRecord.recordTypeIdentity),sec7-master-field-inventory,field-bound validation pairing,required,C10,c10.validation.952,sec9-field-bound-validation-registry,validation rule,runtime,RESOLVED,Direct table lookup: field row and validation row share identical numeric ID; validation Target column matches field Construct,1
E01-953,C10,c10.field.953 (Contract6SealingRecord.recordTypeIdentity),sec7-master-field-inventory,field-bound validation pairing,required,C10,c10.validation.953,sec9-field-bound-validation-registry,validation rule,runtime,RESOLVED,Direct table lookup: field row and validation row share identical numeric ID; validation Target column matches field Construct,1
E01-954,C10,c10.field.954 (AdjudicationRecord.recordTypeIdentity),sec7-master-field-inventory,field-bound validation pairing,required,C10,c10.validation.954,sec9-field-bound-validation-registry,validation rule,runtime,RESOLVED,Direct table lookup: field row and validation row share identical numeric ID; validation Target column matches field Construct,1
E01-955,C10,c10.field.955 (ConfidenceSourceSignalRecord.recordTypeIdentity),sec7-master-field-inventory,field-bound validation pairing,required,C10,c10.validation.955,sec9-field-bound-validation-registry,validation rule,runtime,RESOLVED,Direct table lookup: field row and validation row share identical numeric ID; validation Target column matches field Construct,1
E01-956,C10,c10.field.956 (AnnotationUnitRecord.multiViewStateIdentity),sec7-master-field-inventory,field-bound validation pairing,required,C10,c10.validation.956,sec9-field-bound-validation-registry,validation rule,runtime,RESOLVED,Direct table lookup: field row and validation row share identical numeric ID; validation Target column matches field Construct,1
E01-957,C10,c10.field.957 (BasisLinkRecord.operationId),sec7-master-field-inventory,field-bound validation pairing,required,C10,c10.validation.957,sec9-field-bound-validation-registry,validation rule,runtime,RESOLVED,Direct table lookup: field row and validation row share identical numeric ID; validation Target column matches field Construct,1
E01-958,C10,c10.field.958 (BasisLinkRecord.roomCaseId),sec7-master-field-inventory,field-bound validation pairing,required,C10,c10.validation.958,sec9-field-bound-validation-registry,validation rule,runtime,RESOLVED,Direct table lookup: field row and validation row share identical numeric ID; validation Target column matches field Construct,1
E01-959,C10,c10.field.959 (BasisLinkRecord.unitSubjectId),sec7-master-field-inventory,field-bound validation pairing,required,C10,c10.validation.959,sec9-field-bound-validation-registry,validation rule,runtime,RESOLVED,Direct table lookup: field row and validation row share identical numeric ID; validation Target column matches field Construct,1
E01-960,C10,c10.field.960 (BasisLinkRecord.basisApplicabilityRationale),sec7-master-field-inventory,field-bound validation pairing,required,C10,c10.validation.960,sec9-field-bound-validation-registry,validation rule,runtime,RESOLVED,Direct table lookup: field row and validation row share identical numeric ID; validation Target column matches field Construct,1
E01-961,C10,c10.field.961 (BasisLinkRecord.predecessorBasisLinkRecordId),sec7-master-field-inventory,field-bound validation pairing,required,C10,c10.validation.961,sec9-field-bound-validation-registry,validation rule,runtime,RESOLVED,Direct table lookup: field row and validation row share identical numeric ID; validation Target column matches field Construct,1
E01-962,C10,c10.field.962 (AdjudicationRecord.candidateOrMemberIds),sec7-master-field-inventory,field-bound validation pairing,required,C10,c10.validation.962,sec9-field-bound-validation-registry,validation rule,runtime,RESOLVED,Direct table lookup: field row and validation row share identical numeric ID; validation Target column matches field Construct,1
E01-963,C10,c10.field.963 (AdjudicationRecord.traceReference),sec7-master-field-inventory,field-bound validation pairing,required,C10,c10.validation.963,sec9-field-bound-validation-registry,validation rule,runtime,RESOLVED,Direct table lookup: field row and validation row share identical numeric ID; validation Target column matches field Construct,1
E01-964,C10,c10.field.964 (Contract6SealingRecord.traceReference),sec7-master-field-inventory,field-bound validation pairing,required,C10,c10.validation.964,sec9-field-bound-validation-registry,validation rule,runtime,RESOLVED,Direct table lookup: field row and validation row share identical numeric ID; validation Target column matches field Construct,1
E01-965,C10,c10.field.965 (Contract6SealingRecord.revisionId),sec7-master-field-inventory,field-bound validation pairing,required,C10,c10.validation.965,sec9-field-bound-validation-registry,validation rule,runtime,RESOLVED,Direct table lookup: field row and validation row share identical numeric ID; validation Target column matches field Construct,1
E01-966,C10,c10.field.966 (Contract8EvaluationPackage.unseenClaimRecords),sec7-master-field-inventory,field-bound validation pairing,required,C10,c10.validation.966,sec9-field-bound-validation-registry,validation rule,runtime,RESOLVED,Direct table lookup: field row and validation row share identical numeric ID; validation Target column matches field Construct,1
E01-967,C10,c10.field.967 (UnseenClaimRecord.unseenClaimRecordId),sec7-master-field-inventory,field-bound validation pairing,required,C10,c10.validation.967,sec9-field-bound-validation-registry,validation rule,runtime,RESOLVED,Direct table lookup: field row and validation row share identical numeric ID; validation Target column matches field Construct,1
E01-968,C10,c10.field.968 (UnseenClaimRecord.rawAssertionReference),sec7-master-field-inventory,field-bound validation pairing,required,C10,c10.validation.968,sec9-field-bound-validation-registry,validation rule,runtime,RESOLVED,Direct table lookup: field row and validation row share identical numeric ID; validation Target column matches field Construct,1
E01-969,C10,c10.field.969 (UnseenClaimRecord.assertionProjectionReference),sec7-master-field-inventory,field-bound validation pairing,required,C10,c10.validation.969,sec9-field-bound-validation-registry,validation rule,runtime,RESOLVED,Direct table lookup: field row and validation row share identical numeric ID; validation Target column matches field Construct,1
E02-001,C10,c10.validation.001,sec9-field-bound-validation-registry,validation-to-failure citation,required,C10,c10.failure.001,sec11-failure-registry,failure identity,runtime,RESOLVED,Actual 'Primary failure identity' cell value read literally from the table row (not inferred from numbering),1
E02-002,C10,c10.validation.002,sec9-field-bound-validation-registry,validation-to-failure citation,required,C10,c10.failure.002,sec11-failure-registry,failure identity,runtime,RESOLVED,Actual 'Primary failure identity' cell value read literally from the table row (not inferred from numbering),1
E02-003,C10,c10.validation.003,sec9-field-bound-validation-registry,validation-to-failure citation,required,C10,c10.failure.003,sec11-failure-registry,failure identity,runtime,RESOLVED,Actual 'Primary failure identity' cell value read literally from the table row (not inferred from numbering),1
E02-004,C10,c10.validation.004,sec9-field-bound-validation-registry,validation-to-failure citation,required,C10,c10.failure.004,sec11-failure-registry,failure identity,runtime,RESOLVED,Actual 'Primary failure identity' cell value read literally from the table row (not inferred from numbering),1
E02-005,C10,c10.validation.005,sec9-field-bound-validation-registry,validation-to-failure citation,required,C10,c10.failure.005,sec11-failure-registry,failure identity,runtime,RESOLVED,Actual 'Primary failure identity' cell value read literally from the table row (not inferred from numbering),1
E02-006,C10,c10.validation.006,sec9-field-bound-validation-registry,validation-to-failure citation,required,C10,c10.failure.006,sec11-failure-registry,failure identity,runtime,RESOLVED,Actual 'Primary failure identity' cell value read literally from the table row (not inferred from numbering),1
E02-007,C10,c10.validation.007,sec9-field-bound-validation-registry,validation-to-failure citation,required,C10,c10.failure.007,sec11-failure-registry,failure identity,runtime,RESOLVED,Actual 'Primary failure identity' cell value read literally from the table row (not inferred from numbering),1
E02-008,C10,c10.validation.008,sec9-field-bound-validation-registry,validation-to-failure citation,required,C10,c10.failure.008,sec11-failure-registry,failure identity,runtime,RESOLVED,Actual 'Primary failure identity' cell value read literally from the table row (not inferred from numbering),1
E02-009,C10,c10.validation.009,sec9-field-bound-validation-registry,validation-to-failure citation,required,C10,c10.failure.009,sec11-failure-registry,failure identity,runtime,RESOLVED,Actual 'Primary failure identity' cell value read literally from the table row (not inferred from numbering),1
E02-010,C10,c10.validation.010,sec9-field-bound-validation-registry,validation-to-failure citation,required,C10,c10.failure.010,sec11-failure-registry,failure identity,runtime,RESOLVED,Actual 'Primary failure identity' cell value read literally from the table row (not inferred from numbering),1
E02-011,C10,c10.validation.011,sec9-field-bound-validation-registry,validation-to-failure citation,required,C10,c10.failure.011,sec11-failure-registry,failure identity,runtime,RESOLVED,Actual 'Primary failure identity' cell value read literally from the table row (not inferred from numbering),1
E02-012,C10,c10.validation.012,sec9-field-bound-validation-registry,validation-to-failure citation,required,C10,c10.failure.012,sec11-failure-registry,failure identity,runtime,RESOLVED,Actual 'Primary failure identity' cell value read literally from the table row (not inferred from numbering),1
E02-013,C10,c10.validation.013,sec9-field-bound-validation-registry,validation-to-failure citation,required,C10,c10.failure.013,sec11-failure-registry,failure identity,runtime,RESOLVED,Actual 'Primary failure identity' cell value read literally from the table row (not inferred from numbering),1
E02-014,C10,c10.validation.014,sec9-field-bound-validation-registry,validation-to-failure citation,required,C10,c10.failure.014,sec11-failure-registry,failure identity,runtime,RESOLVED,Actual 'Primary failure identity' cell value read literally from the table row (not inferred from numbering),1
E02-015,C10,c10.validation.015,sec9-field-bound-validation-registry,validation-to-failure citation,required,C10,c10.failure.015,sec11-failure-registry,failure identity,runtime,RESOLVED,Actual 'Primary failure identity' cell value read literally from the table row (not inferred from numbering),1
E02-016,C10,c10.validation.016,sec9-field-bound-validation-registry,validation-to-failure citation,required,C10,c10.failure.016,sec11-failure-registry,failure identity,runtime,RESOLVED,Actual 'Primary failure identity' cell value read literally from the table row (not inferred from numbering),1
E02-017,C10,c10.validation.017,sec9-field-bound-validation-registry,validation-to-failure citation,required,C10,c10.failure.017,sec11-failure-registry,failure identity,runtime,RESOLVED,Actual 'Primary failure identity' cell value read literally from the table row (not inferred from numbering),1
E02-018,C10,c10.validation.018,sec9-field-bound-validation-registry,validation-to-failure citation,required,C10,c10.failure.018,sec11-failure-registry,failure identity,runtime,RESOLVED,Actual 'Primary failure identity' cell value read literally from the table row (not inferred from numbering),1
E02-019,C10,c10.validation.019,sec9-field-bound-validation-registry,validation-to-failure citation,required,C10,c10.failure.019,sec11-failure-registry,failure identity,runtime,RESOLVED,Actual 'Primary failure identity' cell value read literally from the table row (not inferred from numbering),1
E02-020,C10,c10.validation.020,sec9-field-bound-validation-registry,validation-to-failure citation,required,C10,c10.failure.020,sec11-failure-registry,failure identity,runtime,RESOLVED,Actual 'Primary failure identity' cell value read literally from the table row (not inferred from numbering),1
E02-021,C10,c10.validation.021,sec9-field-bound-validation-registry,validation-to-failure citation,required,C10,c10.failure.021,sec11-failure-registry,failure identity,runtime,RESOLVED,Actual 'Primary failure identity' cell value read literally from the table row (not inferred from numbering),1
E02-022,C10,c10.validation.022,sec9-field-bound-validation-registry,validation-to-failure citation,required,C10,c10.failure.022,sec11-failure-registry,failure identity,runtime,RESOLVED,Actual 'Primary failure identity' cell value read literally from the table row (not inferred from numbering),1
E02-023,C10,c10.validation.023,sec9-field-bound-validation-registry,validation-to-failure citation,required,C10,c10.failure.023,sec11-failure-registry,failure identity,runtime,RESOLVED,Actual 'Primary failure identity' cell value read literally from the table row (not inferred from numbering),1
E02-024,C10,c10.validation.024,sec9-field-bound-validation-registry,validation-to-failure citation,required,C10,c10.failure.024,sec11-failure-registry,failure identity,runtime,RESOLVED,Actual 'Primary failure identity' cell value read literally from the table row (not inferred from numbering),1
E02-025,C10,c10.validation.025,sec9-field-bound-validation-registry,validation-to-failure citation,required,C10,c10.failure.025,sec11-failure-registry,failure identity,runtime,RESOLVED,Actual 'Primary failure identity' cell value read literally from the table row (not inferred from numbering),1
E02-026,C10,c10.validation.026,sec9-field-bound-validation-registry,validation-to-failure citation,required,C10,c10.failure.026,sec11-failure-registry,failure identity,runtime,RESOLVED,Actual 'Primary failure identity' cell value read literally from the table row (not inferred from numbering),1
E02-027,C10,c10.validation.027,sec9-field-bound-validation-registry,validation-to-failure citation,required,C10,c10.failure.027,sec11-failure-registry,failure identity,runtime,RESOLVED,Actual 'Primary failure identity' cell value read literally from the table row (not inferred from numbering),1
E02-028,C10,c10.validation.028,sec9-field-bound-validation-registry,validation-to-failure citation,required,C10,c10.failure.028,sec11-failure-registry,failure identity,runtime,RESOLVED,Actual 'Primary failure identity' cell value read literally from the table row (not inferred from numbering),1
E02-029,C10,c10.validation.029,sec9-field-bound-validation-registry,validation-to-failure citation,required,C10,c10.failure.029,sec11-failure-registry,failure identity,runtime,RESOLVED,Actual 'Primary failure identity' cell value read literally from the table row (not inferred from numbering),1
E02-030,C10,c10.validation.030,sec9-field-bound-validation-registry,validation-to-failure citation,required,C10,c10.failure.030,sec11-failure-registry,failure identity,runtime,RESOLVED,Actual 'Primary failure identity' cell value read literally from the table row (not inferred from numbering),1
E02-031,C10,c10.validation.031,sec9-field-bound-validation-registry,validation-to-failure citation,required,C10,c10.failure.031,sec11-failure-registry,failure identity,runtime,RESOLVED,Actual 'Primary failure identity' cell value read literally from the table row (not inferred from numbering),1
E02-032,C10,c10.validation.032,sec9-field-bound-validation-registry,validation-to-failure citation,required,C10,c10.failure.032,sec11-failure-registry,failure identity,runtime,RESOLVED,Actual 'Primary failure identity' cell value read literally from the table row (not inferred from numbering),1
E02-033,C10,c10.validation.033,sec9-field-bound-validation-registry,validation-to-failure citation,required,C10,c10.failure.033,sec11-failure-registry,failure identity,runtime,RESOLVED,Actual 'Primary failure identity' cell value read literally from the table row (not inferred from numbering),1
E02-034,C10,c10.validation.034,sec9-field-bound-validation-registry,validation-to-failure citation,required,C10,c10.failure.034,sec11-failure-registry,failure identity,runtime,RESOLVED,Actual 'Primary failure identity' cell value read literally from the table row (not inferred from numbering),1
E02-035,C10,c10.validation.035,sec9-field-bound-validation-registry,validation-to-failure citation,required,C10,c10.failure.035,sec11-failure-registry,failure identity,runtime,RESOLVED,Actual 'Primary failure identity' cell value read literally from the table row (not inferred from numbering),1
E02-036,C10,c10.validation.036,sec9-field-bound-validation-registry,validation-to-failure citation,required,C10,c10.failure.036,sec11-failure-registry,failure identity,runtime,RESOLVED,Actual 'Primary failure identity' cell value read literally from the table row (not inferred from numbering),1
E02-100,C10,c10.validation.100,sec9-field-bound-validation-registry,validation-to-failure citation,required,C10,c10.failure.100,sec11-failure-registry,failure identity,runtime,RESOLVED,Actual 'Primary failure identity' cell value read literally from the table row (not inferred from numbering),1
E02-101,C10,c10.validation.101,sec9-field-bound-validation-registry,validation-to-failure citation,required,C10,c10.failure.101,sec11-failure-registry,failure identity,runtime,RESOLVED,Actual 'Primary failure identity' cell value read literally from the table row (not inferred from numbering),1
E02-102,C10,c10.validation.102,sec9-field-bound-validation-registry,validation-to-failure citation,required,C10,c10.failure.102,sec11-failure-registry,failure identity,runtime,RESOLVED,Actual 'Primary failure identity' cell value read literally from the table row (not inferred from numbering),1
E02-103,C10,c10.validation.103,sec9-field-bound-validation-registry,validation-to-failure citation,required,C10,c10.failure.103,sec11-failure-registry,failure identity,runtime,RESOLVED,Actual 'Primary failure identity' cell value read literally from the table row (not inferred from numbering),1
E02-104,C10,c10.validation.104,sec9-field-bound-validation-registry,validation-to-failure citation,required,C10,c10.failure.104,sec11-failure-registry,failure identity,runtime,RESOLVED,Actual 'Primary failure identity' cell value read literally from the table row (not inferred from numbering),1
E02-105,C10,c10.validation.105,sec9-field-bound-validation-registry,validation-to-failure citation,required,C10,c10.failure.105,sec11-failure-registry,failure identity,runtime,RESOLVED,Actual 'Primary failure identity' cell value read literally from the table row (not inferred from numbering),1
E02-106,C10,c10.validation.106,sec9-field-bound-validation-registry,validation-to-failure citation,required,C10,c10.failure.106,sec11-failure-registry,failure identity,runtime,RESOLVED,Actual 'Primary failure identity' cell value read literally from the table row (not inferred from numbering),1
E02-107,C10,c10.validation.107,sec9-field-bound-validation-registry,validation-to-failure citation,required,C10,c10.failure.107,sec11-failure-registry,failure identity,runtime,RESOLVED,Actual 'Primary failure identity' cell value read literally from the table row (not inferred from numbering),1
E02-108,C10,c10.validation.108,sec9-field-bound-validation-registry,validation-to-failure citation,required,C10,c10.failure.108,sec11-failure-registry,failure identity,runtime,RESOLVED,Actual 'Primary failure identity' cell value read literally from the table row (not inferred from numbering),1
E02-109,C10,c10.validation.109,sec9-field-bound-validation-registry,validation-to-failure citation,required,C10,c10.failure.109,sec11-failure-registry,failure identity,runtime,RESOLVED,Actual 'Primary failure identity' cell value read literally from the table row (not inferred from numbering),1
E02-110,C10,c10.validation.110,sec9-field-bound-validation-registry,validation-to-failure citation,required,C10,c10.failure.110,sec11-failure-registry,failure identity,runtime,RESOLVED,Actual 'Primary failure identity' cell value read literally from the table row (not inferred from numbering),1
E02-111,C10,c10.validation.111,sec9-field-bound-validation-registry,validation-to-failure citation,required,C10,c10.failure.111,sec11-failure-registry,failure identity,runtime,RESOLVED,Actual 'Primary failure identity' cell value read literally from the table row (not inferred from numbering),1
E02-112,C10,c10.validation.112,sec9-field-bound-validation-registry,validation-to-failure citation,required,C10,c10.failure.112,sec11-failure-registry,failure identity,runtime,RESOLVED,Actual 'Primary failure identity' cell value read literally from the table row (not inferred from numbering),1
E02-113,C10,c10.validation.113,sec9-field-bound-validation-registry,validation-to-failure citation,required,C10,c10.failure.113,sec11-failure-registry,failure identity,runtime,RESOLVED,Actual 'Primary failure identity' cell value read literally from the table row (not inferred from numbering),1
E02-114,C10,c10.validation.114,sec9-field-bound-validation-registry,validation-to-failure citation,required,C10,c10.failure.114,sec11-failure-registry,failure identity,runtime,RESOLVED,Actual 'Primary failure identity' cell value read literally from the table row (not inferred from numbering),1
E02-115,C10,c10.validation.115,sec9-field-bound-validation-registry,validation-to-failure citation,required,C10,c10.failure.115,sec11-failure-registry,failure identity,runtime,RESOLVED,Actual 'Primary failure identity' cell value read literally from the table row (not inferred from numbering),1
E02-116,C10,c10.validation.116,sec9-field-bound-validation-registry,validation-to-failure citation,required,C10,c10.failure.116,sec11-failure-registry,failure identity,runtime,RESOLVED,Actual 'Primary failure identity' cell value read literally from the table row (not inferred from numbering),1
E02-120,C10,c10.validation.120,sec9-field-bound-validation-registry,validation-to-failure citation,required,C10,c10.failure.120,sec11-failure-registry,failure identity,runtime,RESOLVED,Actual 'Primary failure identity' cell value read literally from the table row (not inferred from numbering),1
E02-121,C10,c10.validation.121,sec9-field-bound-validation-registry,validation-to-failure citation,required,C10,c10.failure.121,sec11-failure-registry,failure identity,runtime,RESOLVED,Actual 'Primary failure identity' cell value read literally from the table row (not inferred from numbering),1
E02-122,C10,c10.validation.122,sec9-field-bound-validation-registry,validation-to-failure citation,required,C10,c10.failure.122,sec11-failure-registry,failure identity,runtime,RESOLVED,Actual 'Primary failure identity' cell value read literally from the table row (not inferred from numbering),1
E02-123,C10,c10.validation.123,sec9-field-bound-validation-registry,validation-to-failure citation,required,C10,c10.failure.123,sec11-failure-registry,failure identity,runtime,RESOLVED,Actual 'Primary failure identity' cell value read literally from the table row (not inferred from numbering),1
E02-124,C10,c10.validation.124,sec9-field-bound-validation-registry,validation-to-failure citation,required,C10,c10.failure.124,sec11-failure-registry,failure identity,runtime,RESOLVED,Actual 'Primary failure identity' cell value read literally from the table row (not inferred from numbering),1
E02-125,C10,c10.validation.125,sec9-field-bound-validation-registry,validation-to-failure citation,required,C10,c10.failure.125,sec11-failure-registry,failure identity,runtime,RESOLVED,Actual 'Primary failure identity' cell value read literally from the table row (not inferred from numbering),1
E02-126,C10,c10.validation.126,sec9-field-bound-validation-registry,validation-to-failure citation,required,C10,c10.failure.126,sec11-failure-registry,failure identity,runtime,RESOLVED,Actual 'Primary failure identity' cell value read literally from the table row (not inferred from numbering),1
E02-127,C10,c10.validation.127,sec9-field-bound-validation-registry,validation-to-failure citation,required,C10,c10.failure.127,sec11-failure-registry,failure identity,runtime,RESOLVED,Actual 'Primary failure identity' cell value read literally from the table row (not inferred from numbering),1
E02-128,C10,c10.validation.128,sec9-field-bound-validation-registry,validation-to-failure citation,required,C10,c10.failure.128,sec11-failure-registry,failure identity,runtime,RESOLVED,Actual 'Primary failure identity' cell value read literally from the table row (not inferred from numbering),1
E02-129,C10,c10.validation.129,sec9-field-bound-validation-registry,validation-to-failure citation,required,C10,c10.failure.129,sec11-failure-registry,failure identity,runtime,RESOLVED,Actual 'Primary failure identity' cell value read literally from the table row (not inferred from numbering),1
E02-130,C10,c10.validation.130,sec9-field-bound-validation-registry,validation-to-failure citation,required,C10,c10.failure.130,sec11-failure-registry,failure identity,runtime,RESOLVED,Actual 'Primary failure identity' cell value read literally from the table row (not inferred from numbering),1
E02-131,C10,c10.validation.131,sec9-field-bound-validation-registry,validation-to-failure citation,required,C10,c10.failure.131,sec11-failure-registry,failure identity,runtime,RESOLVED,Actual 'Primary failure identity' cell value read literally from the table row (not inferred from numbering),1
E02-132,C10,c10.validation.132,sec9-field-bound-validation-registry,validation-to-failure citation,required,C10,c10.failure.132,sec11-failure-registry,failure identity,runtime,RESOLVED,Actual 'Primary failure identity' cell value read literally from the table row (not inferred from numbering),1
E02-133,C10,c10.validation.133,sec9-field-bound-validation-registry,validation-to-failure citation,required,C10,c10.failure.133,sec11-failure-registry,failure identity,runtime,RESOLVED,Actual 'Primary failure identity' cell value read literally from the table row (not inferred from numbering),1
E02-134,C10,c10.validation.134,sec9-field-bound-validation-registry,validation-to-failure citation,required,C10,c10.failure.134,sec11-failure-registry,failure identity,runtime,RESOLVED,Actual 'Primary failure identity' cell value read literally from the table row (not inferred from numbering),1
E02-135,C10,c10.validation.135,sec9-field-bound-validation-registry,validation-to-failure citation,required,C10,c10.failure.135,sec11-failure-registry,failure identity,runtime,RESOLVED,Actual 'Primary failure identity' cell value read literally from the table row (not inferred from numbering),1
E02-136,C10,c10.validation.136,sec9-field-bound-validation-registry,validation-to-failure citation,required,C10,c10.failure.136,sec11-failure-registry,failure identity,runtime,RESOLVED,Actual 'Primary failure identity' cell value read literally from the table row (not inferred from numbering),1
E02-200,C10,c10.validation.200,sec9-field-bound-validation-registry,validation-to-failure citation,required,C10,c10.failure.200,sec11-failure-registry,failure identity,runtime,RESOLVED,Actual 'Primary failure identity' cell value read literally from the table row (not inferred from numbering),1
E02-201,C10,c10.validation.201,sec9-field-bound-validation-registry,validation-to-failure citation,required,C10,c10.failure.201,sec11-failure-registry,failure identity,runtime,RESOLVED,Actual 'Primary failure identity' cell value read literally from the table row (not inferred from numbering),1
E02-202,C10,c10.validation.202,sec9-field-bound-validation-registry,validation-to-failure citation,required,C10,c10.failure.202,sec11-failure-registry,failure identity,runtime,RESOLVED,Actual 'Primary failure identity' cell value read literally from the table row (not inferred from numbering),1
E02-203,C10,c10.validation.203,sec9-field-bound-validation-registry,validation-to-failure citation,required,C10,c10.failure.203,sec11-failure-registry,failure identity,runtime,RESOLVED,Actual 'Primary failure identity' cell value read literally from the table row (not inferred from numbering),1
E02-204,C10,c10.validation.204,sec9-field-bound-validation-registry,validation-to-failure citation,required,C10,c10.failure.204,sec11-failure-registry,failure identity,runtime,RESOLVED,Actual 'Primary failure identity' cell value read literally from the table row (not inferred from numbering),1
E02-205,C10,c10.validation.205,sec9-field-bound-validation-registry,validation-to-failure citation,required,C10,c10.failure.205,sec11-failure-registry,failure identity,runtime,RESOLVED,Actual 'Primary failure identity' cell value read literally from the table row (not inferred from numbering),1
E02-206,C10,c10.validation.206,sec9-field-bound-validation-registry,validation-to-failure citation,required,C10,c10.failure.206,sec11-failure-registry,failure identity,runtime,RESOLVED,Actual 'Primary failure identity' cell value read literally from the table row (not inferred from numbering),1
E02-207,C10,c10.validation.207,sec9-field-bound-validation-registry,validation-to-failure citation,required,C10,c10.failure.207,sec11-failure-registry,failure identity,runtime,RESOLVED,Actual 'Primary failure identity' cell value read literally from the table row (not inferred from numbering),1
E02-208,C10,c10.validation.208,sec9-field-bound-validation-registry,validation-to-failure citation,required,C10,c10.failure.208,sec11-failure-registry,failure identity,runtime,RESOLVED,Actual 'Primary failure identity' cell value read literally from the table row (not inferred from numbering),1
E02-209,C10,c10.validation.209,sec9-field-bound-validation-registry,validation-to-failure citation,required,C10,c10.failure.209,sec11-failure-registry,failure identity,runtime,RESOLVED,Actual 'Primary failure identity' cell value read literally from the table row (not inferred from numbering),1
E02-210,C10,c10.validation.210,sec9-field-bound-validation-registry,validation-to-failure citation,required,C10,c10.failure.210,sec11-failure-registry,failure identity,runtime,RESOLVED,Actual 'Primary failure identity' cell value read literally from the table row (not inferred from numbering),1
E02-211,C10,c10.validation.211,sec9-field-bound-validation-registry,validation-to-failure citation,required,C10,c10.failure.211,sec11-failure-registry,failure identity,runtime,RESOLVED,Actual 'Primary failure identity' cell value read literally from the table row (not inferred from numbering),1
E02-212,C10,c10.validation.212,sec9-field-bound-validation-registry,validation-to-failure citation,required,C10,c10.failure.212,sec11-failure-registry,failure identity,runtime,RESOLVED,Actual 'Primary failure identity' cell value read literally from the table row (not inferred from numbering),1
E02-213,C10,c10.validation.213,sec9-field-bound-validation-registry,validation-to-failure citation,required,C10,c10.failure.213,sec11-failure-registry,failure identity,runtime,RESOLVED,Actual 'Primary failure identity' cell value read literally from the table row (not inferred from numbering),1
E02-214,C10,c10.validation.214,sec9-field-bound-validation-registry,validation-to-failure citation,required,C10,c10.failure.214,sec11-failure-registry,failure identity,runtime,RESOLVED,Actual 'Primary failure identity' cell value read literally from the table row (not inferred from numbering),1
E02-220,C10,c10.validation.220,sec9-field-bound-validation-registry,validation-to-failure citation,required,C10,c10.failure.220,sec11-failure-registry,failure identity,runtime,RESOLVED,Actual 'Primary failure identity' cell value read literally from the table row (not inferred from numbering),1
E02-221,C10,c10.validation.221,sec9-field-bound-validation-registry,validation-to-failure citation,required,C10,c10.failure.221,sec11-failure-registry,failure identity,runtime,RESOLVED,Actual 'Primary failure identity' cell value read literally from the table row (not inferred from numbering),1
E02-222,C10,c10.validation.222,sec9-field-bound-validation-registry,validation-to-failure citation,required,C10,c10.failure.222,sec11-failure-registry,failure identity,runtime,RESOLVED,Actual 'Primary failure identity' cell value read literally from the table row (not inferred from numbering),1
E02-230,C10,c10.validation.230,sec9-field-bound-validation-registry,validation-to-failure citation,required,C10,c10.failure.230,sec11-failure-registry,failure identity,runtime,RESOLVED,Actual 'Primary failure identity' cell value read literally from the table row (not inferred from numbering),1
E02-231,C10,c10.validation.231,sec9-field-bound-validation-registry,validation-to-failure citation,required,C10,c10.failure.231,sec11-failure-registry,failure identity,runtime,RESOLVED,Actual 'Primary failure identity' cell value read literally from the table row (not inferred from numbering),1
E02-240,C10,c10.validation.240,sec9-field-bound-validation-registry,validation-to-failure citation,required,C10,c10.failure.240,sec11-failure-registry,failure identity,runtime,RESOLVED,Actual 'Primary failure identity' cell value read literally from the table row (not inferred from numbering),1
E02-241,C10,c10.validation.241,sec9-field-bound-validation-registry,validation-to-failure citation,required,C10,c10.failure.241,sec11-failure-registry,failure identity,runtime,RESOLVED,Actual 'Primary failure identity' cell value read literally from the table row (not inferred from numbering),1
E02-250,C10,c10.validation.250,sec9-field-bound-validation-registry,validation-to-failure citation,required,C10,c10.failure.250,sec11-failure-registry,failure identity,runtime,RESOLVED,Actual 'Primary failure identity' cell value read literally from the table row (not inferred from numbering),1
E02-251,C10,c10.validation.251,sec9-field-bound-validation-registry,validation-to-failure citation,required,C10,c10.failure.251,sec11-failure-registry,failure identity,runtime,RESOLVED,Actual 'Primary failure identity' cell value read literally from the table row (not inferred from numbering),1
E02-252,C10,c10.validation.252,sec9-field-bound-validation-registry,validation-to-failure citation,required,C10,c10.failure.252,sec11-failure-registry,failure identity,runtime,RESOLVED,Actual 'Primary failure identity' cell value read literally from the table row (not inferred from numbering),1
E02-253,C10,c10.validation.253,sec9-field-bound-validation-registry,validation-to-failure citation,required,C10,c10.failure.253,sec11-failure-registry,failure identity,runtime,RESOLVED,Actual 'Primary failure identity' cell value read literally from the table row (not inferred from numbering),1
E02-260,C10,c10.validation.260,sec9-field-bound-validation-registry,validation-to-failure citation,required,C10,c10.failure.260,sec11-failure-registry,failure identity,runtime,RESOLVED,Actual 'Primary failure identity' cell value read literally from the table row (not inferred from numbering),1
E02-261,C10,c10.validation.261,sec9-field-bound-validation-registry,validation-to-failure citation,required,C10,c10.failure.261,sec11-failure-registry,failure identity,runtime,RESOLVED,Actual 'Primary failure identity' cell value read literally from the table row (not inferred from numbering),1
E02-262,C10,c10.validation.262,sec9-field-bound-validation-registry,validation-to-failure citation,required,C10,c10.failure.262,sec11-failure-registry,failure identity,runtime,RESOLVED,Actual 'Primary failure identity' cell value read literally from the table row (not inferred from numbering),1
E02-263,C10,c10.validation.263,sec9-field-bound-validation-registry,validation-to-failure citation,required,C10,c10.failure.263,sec11-failure-registry,failure identity,runtime,RESOLVED,Actual 'Primary failure identity' cell value read literally from the table row (not inferred from numbering),1
E02-264,C10,c10.validation.264,sec9-field-bound-validation-registry,validation-to-failure citation,required,C10,c10.failure.264,sec11-failure-registry,failure identity,runtime,RESOLVED,Actual 'Primary failure identity' cell value read literally from the table row (not inferred from numbering),1
E02-265,C10,c10.validation.265,sec9-field-bound-validation-registry,validation-to-failure citation,required,C10,c10.failure.265,sec11-failure-registry,failure identity,runtime,RESOLVED,Actual 'Primary failure identity' cell value read literally from the table row (not inferred from numbering),1
E02-266,C10,c10.validation.266,sec9-field-bound-validation-registry,validation-to-failure citation,required,C10,c10.failure.266,sec11-failure-registry,failure identity,runtime,RESOLVED,Actual 'Primary failure identity' cell value read literally from the table row (not inferred from numbering),1
E02-267,C10,c10.validation.267,sec9-field-bound-validation-registry,validation-to-failure citation,required,C10,c10.failure.267,sec11-failure-registry,failure identity,runtime,RESOLVED,Actual 'Primary failure identity' cell value read literally from the table row (not inferred from numbering),1
E02-268,C10,c10.validation.268,sec9-field-bound-validation-registry,validation-to-failure citation,required,C10,c10.failure.268,sec11-failure-registry,failure identity,runtime,RESOLVED,Actual 'Primary failure identity' cell value read literally from the table row (not inferred from numbering),1
E02-269,C10,c10.validation.269,sec9-field-bound-validation-registry,validation-to-failure citation,required,C10,c10.failure.269,sec11-failure-registry,failure identity,runtime,RESOLVED,Actual 'Primary failure identity' cell value read literally from the table row (not inferred from numbering),1
E02-270,C10,c10.validation.270,sec9-field-bound-validation-registry,validation-to-failure citation,required,C10,c10.failure.270,sec11-failure-registry,failure identity,runtime,RESOLVED,Actual 'Primary failure identity' cell value read literally from the table row (not inferred from numbering),1
E02-271,C10,c10.validation.271,sec9-field-bound-validation-registry,validation-to-failure citation,required,C10,c10.failure.271,sec11-failure-registry,failure identity,runtime,RESOLVED,Actual 'Primary failure identity' cell value read literally from the table row (not inferred from numbering),1
E02-272,C10,c10.validation.272,sec9-field-bound-validation-registry,validation-to-failure citation,required,C10,c10.failure.272,sec11-failure-registry,failure identity,runtime,RESOLVED,Actual 'Primary failure identity' cell value read literally from the table row (not inferred from numbering),1
E02-280,C10,c10.validation.280,sec9-field-bound-validation-registry,validation-to-failure citation,required,C10,c10.failure.280,sec11-failure-registry,failure identity,runtime,RESOLVED,Actual 'Primary failure identity' cell value read literally from the table row (not inferred from numbering),1
E02-281,C10,c10.validation.281,sec9-field-bound-validation-registry,validation-to-failure citation,required,C10,c10.failure.281,sec11-failure-registry,failure identity,runtime,RESOLVED,Actual 'Primary failure identity' cell value read literally from the table row (not inferred from numbering),1
E02-282,C10,c10.validation.282,sec9-field-bound-validation-registry,validation-to-failure citation,required,C10,c10.failure.282,sec11-failure-registry,failure identity,runtime,RESOLVED,Actual 'Primary failure identity' cell value read literally from the table row (not inferred from numbering),1
E02-283,C10,c10.validation.283,sec9-field-bound-validation-registry,validation-to-failure citation,required,C10,c10.failure.283,sec11-failure-registry,failure identity,runtime,RESOLVED,Actual 'Primary failure identity' cell value read literally from the table row (not inferred from numbering),1
E02-284,C10,c10.validation.284,sec9-field-bound-validation-registry,validation-to-failure citation,required,C10,c10.failure.284,sec11-failure-registry,failure identity,runtime,RESOLVED,Actual 'Primary failure identity' cell value read literally from the table row (not inferred from numbering),1
E02-285,C10,c10.validation.285,sec9-field-bound-validation-registry,validation-to-failure citation,required,C10,c10.failure.285,sec11-failure-registry,failure identity,runtime,RESOLVED,Actual 'Primary failure identity' cell value read literally from the table row (not inferred from numbering),1
E02-286,C10,c10.validation.286,sec9-field-bound-validation-registry,validation-to-failure citation,required,C10,c10.failure.286,sec11-failure-registry,failure identity,runtime,RESOLVED,Actual 'Primary failure identity' cell value read literally from the table row (not inferred from numbering),1
E02-287,C10,c10.validation.287,sec9-field-bound-validation-registry,validation-to-failure citation,required,C10,c10.failure.287,sec11-failure-registry,failure identity,runtime,RESOLVED,Actual 'Primary failure identity' cell value read literally from the table row (not inferred from numbering),1
E02-288,C10,c10.validation.288,sec9-field-bound-validation-registry,validation-to-failure citation,required,C10,c10.failure.288,sec11-failure-registry,failure identity,runtime,RESOLVED,Actual 'Primary failure identity' cell value read literally from the table row (not inferred from numbering),1
E02-289,C10,c10.validation.289,sec9-field-bound-validation-registry,validation-to-failure citation,required,C10,c10.failure.289,sec11-failure-registry,failure identity,runtime,RESOLVED,Actual 'Primary failure identity' cell value read literally from the table row (not inferred from numbering),1
E02-290,C10,c10.validation.290,sec9-field-bound-validation-registry,validation-to-failure citation,required,C10,c10.failure.290,sec11-failure-registry,failure identity,runtime,RESOLVED,Actual 'Primary failure identity' cell value read literally from the table row (not inferred from numbering),1
E02-291,C10,c10.validation.291,sec9-field-bound-validation-registry,validation-to-failure citation,required,C10,c10.failure.291,sec11-failure-registry,failure identity,runtime,RESOLVED,Actual 'Primary failure identity' cell value read literally from the table row (not inferred from numbering),1
E02-300,C10,c10.validation.300,sec9-field-bound-validation-registry,validation-to-failure citation,required,C10,c10.failure.300,sec11-failure-registry,failure identity,runtime,RESOLVED,Actual 'Primary failure identity' cell value read literally from the table row (not inferred from numbering),1
E02-301,C10,c10.validation.301,sec9-field-bound-validation-registry,validation-to-failure citation,required,C10,c10.failure.301,sec11-failure-registry,failure identity,runtime,RESOLVED,Actual 'Primary failure identity' cell value read literally from the table row (not inferred from numbering),1
E02-302,C10,c10.validation.302,sec9-field-bound-validation-registry,validation-to-failure citation,required,C10,c10.failure.302,sec11-failure-registry,failure identity,runtime,RESOLVED,Actual 'Primary failure identity' cell value read literally from the table row (not inferred from numbering),1
E02-303,C10,c10.validation.303,sec9-field-bound-validation-registry,validation-to-failure citation,required,C10,c10.failure.303,sec11-failure-registry,failure identity,runtime,RESOLVED,Actual 'Primary failure identity' cell value read literally from the table row (not inferred from numbering),1
E02-304,C10,c10.validation.304,sec9-field-bound-validation-registry,validation-to-failure citation,required,C10,c10.failure.304,sec11-failure-registry,failure identity,runtime,RESOLVED,Actual 'Primary failure identity' cell value read literally from the table row (not inferred from numbering),1
E02-305,C10,c10.validation.305,sec9-field-bound-validation-registry,validation-to-failure citation,required,C10,c10.failure.305,sec11-failure-registry,failure identity,runtime,RESOLVED,Actual 'Primary failure identity' cell value read literally from the table row (not inferred from numbering),1
E02-306,C10,c10.validation.306,sec9-field-bound-validation-registry,validation-to-failure citation,required,C10,c10.failure.306,sec11-failure-registry,failure identity,runtime,RESOLVED,Actual 'Primary failure identity' cell value read literally from the table row (not inferred from numbering),1
E02-307,C10,c10.validation.307,sec9-field-bound-validation-registry,validation-to-failure citation,required,C10,c10.failure.307,sec11-failure-registry,failure identity,runtime,RESOLVED,Actual 'Primary failure identity' cell value read literally from the table row (not inferred from numbering),1
E02-308,C10,c10.validation.308,sec9-field-bound-validation-registry,validation-to-failure citation,required,C10,c10.failure.308,sec11-failure-registry,failure identity,runtime,RESOLVED,Actual 'Primary failure identity' cell value read literally from the table row (not inferred from numbering),1
E02-309,C10,c10.validation.309,sec9-field-bound-validation-registry,validation-to-failure citation,required,C10,c10.failure.309,sec11-failure-registry,failure identity,runtime,RESOLVED,Actual 'Primary failure identity' cell value read literally from the table row (not inferred from numbering),1
E02-310,C10,c10.validation.310,sec9-field-bound-validation-registry,validation-to-failure citation,required,C10,c10.failure.310,sec11-failure-registry,failure identity,runtime,RESOLVED,Actual 'Primary failure identity' cell value read literally from the table row (not inferred from numbering),1
E02-311,C10,c10.validation.311,sec9-field-bound-validation-registry,validation-to-failure citation,required,C10,c10.failure.311,sec11-failure-registry,failure identity,runtime,RESOLVED,Actual 'Primary failure identity' cell value read literally from the table row (not inferred from numbering),1
E02-312,C10,c10.validation.312,sec9-field-bound-validation-registry,validation-to-failure citation,required,C10,c10.failure.312,sec11-failure-registry,failure identity,runtime,RESOLVED,Actual 'Primary failure identity' cell value read literally from the table row (not inferred from numbering),1
E02-313,C10,c10.validation.313,sec9-field-bound-validation-registry,validation-to-failure citation,required,C10,c10.failure.313,sec11-failure-registry,failure identity,runtime,RESOLVED,Actual 'Primary failure identity' cell value read literally from the table row (not inferred from numbering),1
E02-314,C10,c10.validation.314,sec9-field-bound-validation-registry,validation-to-failure citation,required,C10,c10.failure.314,sec11-failure-registry,failure identity,runtime,RESOLVED,Actual 'Primary failure identity' cell value read literally from the table row (not inferred from numbering),1
E02-315,C10,c10.validation.315,sec9-field-bound-validation-registry,validation-to-failure citation,required,C10,c10.failure.315,sec11-failure-registry,failure identity,runtime,RESOLVED,Actual 'Primary failure identity' cell value read literally from the table row (not inferred from numbering),1
E02-316,C10,c10.validation.316,sec9-field-bound-validation-registry,validation-to-failure citation,required,C10,c10.failure.316,sec11-failure-registry,failure identity,runtime,RESOLVED,Actual 'Primary failure identity' cell value read literally from the table row (not inferred from numbering),1
E02-317,C10,c10.validation.317,sec9-field-bound-validation-registry,validation-to-failure citation,required,C10,c10.failure.317,sec11-failure-registry,failure identity,runtime,RESOLVED,Actual 'Primary failure identity' cell value read literally from the table row (not inferred from numbering),1
E02-318,C10,c10.validation.318,sec9-field-bound-validation-registry,validation-to-failure citation,required,C10,c10.failure.318,sec11-failure-registry,failure identity,runtime,RESOLVED,Actual 'Primary failure identity' cell value read literally from the table row (not inferred from numbering),1
E02-319,C10,c10.validation.319,sec9-field-bound-validation-registry,validation-to-failure citation,required,C10,c10.failure.319,sec11-failure-registry,failure identity,runtime,RESOLVED,Actual 'Primary failure identity' cell value read literally from the table row (not inferred from numbering),1
E02-320,C10,c10.validation.320,sec9-field-bound-validation-registry,validation-to-failure citation,required,C10,c10.failure.320,sec11-failure-registry,failure identity,runtime,RESOLVED,Actual 'Primary failure identity' cell value read literally from the table row (not inferred from numbering),1
E02-321,C10,c10.validation.321,sec9-field-bound-validation-registry,validation-to-failure citation,required,C10,c10.failure.321,sec11-failure-registry,failure identity,runtime,RESOLVED,Actual 'Primary failure identity' cell value read literally from the table row (not inferred from numbering),1
E02-322,C10,c10.validation.322,sec9-field-bound-validation-registry,validation-to-failure citation,required,C10,c10.failure.322,sec11-failure-registry,failure identity,runtime,RESOLVED,Actual 'Primary failure identity' cell value read literally from the table row (not inferred from numbering),1
E02-323,C10,c10.validation.323,sec9-field-bound-validation-registry,validation-to-failure citation,required,C10,c10.failure.323,sec11-failure-registry,failure identity,runtime,RESOLVED,Actual 'Primary failure identity' cell value read literally from the table row (not inferred from numbering),1
E02-324,C10,c10.validation.324,sec9-field-bound-validation-registry,validation-to-failure citation,required,C10,c10.failure.324,sec11-failure-registry,failure identity,runtime,RESOLVED,Actual 'Primary failure identity' cell value read literally from the table row (not inferred from numbering),1
E02-325,C10,c10.validation.325,sec9-field-bound-validation-registry,validation-to-failure citation,required,C10,c10.failure.325,sec11-failure-registry,failure identity,runtime,RESOLVED,Actual 'Primary failure identity' cell value read literally from the table row (not inferred from numbering),1
E02-326,C10,c10.validation.326,sec9-field-bound-validation-registry,validation-to-failure citation,required,C10,c10.failure.326,sec11-failure-registry,failure identity,runtime,RESOLVED,Actual 'Primary failure identity' cell value read literally from the table row (not inferred from numbering),1
E02-327,C10,c10.validation.327,sec9-field-bound-validation-registry,validation-to-failure citation,required,C10,c10.failure.327,sec11-failure-registry,failure identity,runtime,RESOLVED,Actual 'Primary failure identity' cell value read literally from the table row (not inferred from numbering),1
E02-330,C10,c10.validation.330,sec9-field-bound-validation-registry,validation-to-failure citation,required,C10,c10.failure.330,sec11-failure-registry,failure identity,runtime,RESOLVED,Actual 'Primary failure identity' cell value read literally from the table row (not inferred from numbering),1
E02-331,C10,c10.validation.331,sec9-field-bound-validation-registry,validation-to-failure citation,required,C10,c10.failure.331,sec11-failure-registry,failure identity,runtime,RESOLVED,Actual 'Primary failure identity' cell value read literally from the table row (not inferred from numbering),1
E02-332,C10,c10.validation.332,sec9-field-bound-validation-registry,validation-to-failure citation,required,C10,c10.failure.332,sec11-failure-registry,failure identity,runtime,RESOLVED,Actual 'Primary failure identity' cell value read literally from the table row (not inferred from numbering),1
E02-333,C10,c10.validation.333,sec9-field-bound-validation-registry,validation-to-failure citation,required,C10,c10.failure.333,sec11-failure-registry,failure identity,runtime,RESOLVED,Actual 'Primary failure identity' cell value read literally from the table row (not inferred from numbering),1
E02-334,C10,c10.validation.334,sec9-field-bound-validation-registry,validation-to-failure citation,required,C10,c10.failure.334,sec11-failure-registry,failure identity,runtime,RESOLVED,Actual 'Primary failure identity' cell value read literally from the table row (not inferred from numbering),1
E02-335,C10,c10.validation.335,sec9-field-bound-validation-registry,validation-to-failure citation,required,C10,c10.failure.335,sec11-failure-registry,failure identity,runtime,RESOLVED,Actual 'Primary failure identity' cell value read literally from the table row (not inferred from numbering),1
E02-336,C10,c10.validation.336,sec9-field-bound-validation-registry,validation-to-failure citation,required,C10,c10.failure.336,sec11-failure-registry,failure identity,runtime,RESOLVED,Actual 'Primary failure identity' cell value read literally from the table row (not inferred from numbering),1
E02-337,C10,c10.validation.337,sec9-field-bound-validation-registry,validation-to-failure citation,required,C10,c10.failure.337,sec11-failure-registry,failure identity,runtime,RESOLVED,Actual 'Primary failure identity' cell value read literally from the table row (not inferred from numbering),1
E02-338,C10,c10.validation.338,sec9-field-bound-validation-registry,validation-to-failure citation,required,C10,c10.failure.338,sec11-failure-registry,failure identity,runtime,RESOLVED,Actual 'Primary failure identity' cell value read literally from the table row (not inferred from numbering),1
E02-339,C10,c10.validation.339,sec9-field-bound-validation-registry,validation-to-failure citation,required,C10,c10.failure.339,sec11-failure-registry,failure identity,runtime,RESOLVED,Actual 'Primary failure identity' cell value read literally from the table row (not inferred from numbering),1
E02-340,C10,c10.validation.340,sec9-field-bound-validation-registry,validation-to-failure citation,required,C10,c10.failure.340,sec11-failure-registry,failure identity,runtime,RESOLVED,Actual 'Primary failure identity' cell value read literally from the table row (not inferred from numbering),1
E02-341,C10,c10.validation.341,sec9-field-bound-validation-registry,validation-to-failure citation,required,C10,c10.failure.341,sec11-failure-registry,failure identity,runtime,RESOLVED,Actual 'Primary failure identity' cell value read literally from the table row (not inferred from numbering),1
E02-350,C10,c10.validation.350,sec9-field-bound-validation-registry,validation-to-failure citation,required,C10,c10.failure.350,sec11-failure-registry,failure identity,runtime,RESOLVED,Actual 'Primary failure identity' cell value read literally from the table row (not inferred from numbering),1
E02-351,C10,c10.validation.351,sec9-field-bound-validation-registry,validation-to-failure citation,required,C10,c10.failure.351,sec11-failure-registry,failure identity,runtime,RESOLVED,Actual 'Primary failure identity' cell value read literally from the table row (not inferred from numbering),1
E02-352,C10,c10.validation.352,sec9-field-bound-validation-registry,validation-to-failure citation,required,C10,c10.failure.352,sec11-failure-registry,failure identity,runtime,RESOLVED,Actual 'Primary failure identity' cell value read literally from the table row (not inferred from numbering),1
E02-353,C10,c10.validation.353,sec9-field-bound-validation-registry,validation-to-failure citation,required,C10,c10.failure.353,sec11-failure-registry,failure identity,runtime,RESOLVED,Actual 'Primary failure identity' cell value read literally from the table row (not inferred from numbering),1
E02-354,C10,c10.validation.354,sec9-field-bound-validation-registry,validation-to-failure citation,required,C10,c10.failure.354,sec11-failure-registry,failure identity,runtime,RESOLVED,Actual 'Primary failure identity' cell value read literally from the table row (not inferred from numbering),1
E02-355,C10,c10.validation.355,sec9-field-bound-validation-registry,validation-to-failure citation,required,C10,c10.failure.355,sec11-failure-registry,failure identity,runtime,RESOLVED,Actual 'Primary failure identity' cell value read literally from the table row (not inferred from numbering),1
E02-356,C10,c10.validation.356,sec9-field-bound-validation-registry,validation-to-failure citation,required,C10,c10.failure.356,sec11-failure-registry,failure identity,runtime,RESOLVED,Actual 'Primary failure identity' cell value read literally from the table row (not inferred from numbering),1
E02-357,C10,c10.validation.357,sec9-field-bound-validation-registry,validation-to-failure citation,required,C10,c10.failure.357,sec11-failure-registry,failure identity,runtime,RESOLVED,Actual 'Primary failure identity' cell value read literally from the table row (not inferred from numbering),1
E02-358,C10,c10.validation.358,sec9-field-bound-validation-registry,validation-to-failure citation,required,C10,c10.failure.358,sec11-failure-registry,failure identity,runtime,RESOLVED,Actual 'Primary failure identity' cell value read literally from the table row (not inferred from numbering),1
E02-359,C10,c10.validation.359,sec9-field-bound-validation-registry,validation-to-failure citation,required,C10,c10.failure.359,sec11-failure-registry,failure identity,runtime,RESOLVED,Actual 'Primary failure identity' cell value read literally from the table row (not inferred from numbering),1
E02-360,C10,c10.validation.360,sec9-field-bound-validation-registry,validation-to-failure citation,required,C10,c10.failure.360,sec11-failure-registry,failure identity,runtime,RESOLVED,Actual 'Primary failure identity' cell value read literally from the table row (not inferred from numbering),1
E02-361,C10,c10.validation.361,sec9-field-bound-validation-registry,validation-to-failure citation,required,C10,c10.failure.361,sec11-failure-registry,failure identity,runtime,RESOLVED,Actual 'Primary failure identity' cell value read literally from the table row (not inferred from numbering),1
E02-362,C10,c10.validation.362,sec9-field-bound-validation-registry,validation-to-failure citation,required,C10,c10.failure.362,sec11-failure-registry,failure identity,runtime,RESOLVED,Actual 'Primary failure identity' cell value read literally from the table row (not inferred from numbering),1
E02-370,C10,c10.validation.370,sec9-field-bound-validation-registry,validation-to-failure citation,required,C10,c10.failure.370,sec11-failure-registry,failure identity,runtime,RESOLVED,Actual 'Primary failure identity' cell value read literally from the table row (not inferred from numbering),1
E02-371,C10,c10.validation.371,sec9-field-bound-validation-registry,validation-to-failure citation,required,C10,c10.failure.371,sec11-failure-registry,failure identity,runtime,RESOLVED,Actual 'Primary failure identity' cell value read literally from the table row (not inferred from numbering),1
E02-372,C10,c10.validation.372,sec9-field-bound-validation-registry,validation-to-failure citation,required,C10,c10.failure.372,sec11-failure-registry,failure identity,runtime,RESOLVED,Actual 'Primary failure identity' cell value read literally from the table row (not inferred from numbering),1
E02-373,C10,c10.validation.373,sec9-field-bound-validation-registry,validation-to-failure citation,required,C10,c10.failure.373,sec11-failure-registry,failure identity,runtime,RESOLVED,Actual 'Primary failure identity' cell value read literally from the table row (not inferred from numbering),1
E02-374,C10,c10.validation.374,sec9-field-bound-validation-registry,validation-to-failure citation,required,C10,c10.failure.374,sec11-failure-registry,failure identity,runtime,RESOLVED,Actual 'Primary failure identity' cell value read literally from the table row (not inferred from numbering),1
E02-375,C10,c10.validation.375,sec9-field-bound-validation-registry,validation-to-failure citation,required,C10,c10.failure.375,sec11-failure-registry,failure identity,runtime,RESOLVED,Actual 'Primary failure identity' cell value read literally from the table row (not inferred from numbering),1
E02-376,C10,c10.validation.376,sec9-field-bound-validation-registry,validation-to-failure citation,required,C10,c10.failure.376,sec11-failure-registry,failure identity,runtime,RESOLVED,Actual 'Primary failure identity' cell value read literally from the table row (not inferred from numbering),1
E02-377,C10,c10.validation.377,sec9-field-bound-validation-registry,validation-to-failure citation,required,C10,c10.failure.377,sec11-failure-registry,failure identity,runtime,RESOLVED,Actual 'Primary failure identity' cell value read literally from the table row (not inferred from numbering),1
E02-378,C10,c10.validation.378,sec9-field-bound-validation-registry,validation-to-failure citation,required,C10,c10.failure.378,sec11-failure-registry,failure identity,runtime,RESOLVED,Actual 'Primary failure identity' cell value read literally from the table row (not inferred from numbering),1
E02-379,C10,c10.validation.379,sec9-field-bound-validation-registry,validation-to-failure citation,required,C10,c10.failure.379,sec11-failure-registry,failure identity,runtime,RESOLVED,Actual 'Primary failure identity' cell value read literally from the table row (not inferred from numbering),1
E02-380,C10,c10.validation.380,sec9-field-bound-validation-registry,validation-to-failure citation,required,C10,c10.failure.380,sec11-failure-registry,failure identity,runtime,RESOLVED,Actual 'Primary failure identity' cell value read literally from the table row (not inferred from numbering),1
E02-381,C10,c10.validation.381,sec9-field-bound-validation-registry,validation-to-failure citation,required,C10,c10.failure.381,sec11-failure-registry,failure identity,runtime,RESOLVED,Actual 'Primary failure identity' cell value read literally from the table row (not inferred from numbering),1
E02-382,C10,c10.validation.382,sec9-field-bound-validation-registry,validation-to-failure citation,required,C10,c10.failure.382,sec11-failure-registry,failure identity,runtime,RESOLVED,Actual 'Primary failure identity' cell value read literally from the table row (not inferred from numbering),1
E02-383,C10,c10.validation.383,sec9-field-bound-validation-registry,validation-to-failure citation,required,C10,c10.failure.383,sec11-failure-registry,failure identity,runtime,RESOLVED,Actual 'Primary failure identity' cell value read literally from the table row (not inferred from numbering),1
E02-384,C10,c10.validation.384,sec9-field-bound-validation-registry,validation-to-failure citation,required,C10,c10.failure.384,sec11-failure-registry,failure identity,runtime,RESOLVED,Actual 'Primary failure identity' cell value read literally from the table row (not inferred from numbering),1
E02-385,C10,c10.validation.385,sec9-field-bound-validation-registry,validation-to-failure citation,required,C10,c10.failure.385,sec11-failure-registry,failure identity,runtime,RESOLVED,Actual 'Primary failure identity' cell value read literally from the table row (not inferred from numbering),1
E02-386,C10,c10.validation.386,sec9-field-bound-validation-registry,validation-to-failure citation,required,C10,c10.failure.386,sec11-failure-registry,failure identity,runtime,RESOLVED,Actual 'Primary failure identity' cell value read literally from the table row (not inferred from numbering),1
E02-387,C10,c10.validation.387,sec9-field-bound-validation-registry,validation-to-failure citation,required,C10,c10.failure.387,sec11-failure-registry,failure identity,runtime,RESOLVED,Actual 'Primary failure identity' cell value read literally from the table row (not inferred from numbering),1
E02-388,C10,c10.validation.388,sec9-field-bound-validation-registry,validation-to-failure citation,required,C10,c10.failure.388,sec11-failure-registry,failure identity,runtime,RESOLVED,Actual 'Primary failure identity' cell value read literally from the table row (not inferred from numbering),1
E02-389,C10,c10.validation.389,sec9-field-bound-validation-registry,validation-to-failure citation,required,C10,c10.failure.389,sec11-failure-registry,failure identity,runtime,RESOLVED,Actual 'Primary failure identity' cell value read literally from the table row (not inferred from numbering),1
E02-390,C10,c10.validation.390,sec9-field-bound-validation-registry,validation-to-failure citation,required,C10,c10.failure.390,sec11-failure-registry,failure identity,runtime,RESOLVED,Actual 'Primary failure identity' cell value read literally from the table row (not inferred from numbering),1
E02-391,C10,c10.validation.391,sec9-field-bound-validation-registry,validation-to-failure citation,required,C10,c10.failure.391,sec11-failure-registry,failure identity,runtime,RESOLVED,Actual 'Primary failure identity' cell value read literally from the table row (not inferred from numbering),1
E02-392,C10,c10.validation.392,sec9-field-bound-validation-registry,validation-to-failure citation,required,C10,c10.failure.392,sec11-failure-registry,failure identity,runtime,RESOLVED,Actual 'Primary failure identity' cell value read literally from the table row (not inferred from numbering),1
E02-393,C10,c10.validation.393,sec9-field-bound-validation-registry,validation-to-failure citation,required,C10,c10.failure.393,sec11-failure-registry,failure identity,runtime,RESOLVED,Actual 'Primary failure identity' cell value read literally from the table row (not inferred from numbering),1
E02-394,C10,c10.validation.394,sec9-field-bound-validation-registry,validation-to-failure citation,required,C10,c10.failure.394,sec11-failure-registry,failure identity,runtime,RESOLVED,Actual 'Primary failure identity' cell value read literally from the table row (not inferred from numbering),1
E02-395,C10,c10.validation.395,sec9-field-bound-validation-registry,validation-to-failure citation,required,C10,c10.failure.395,sec11-failure-registry,failure identity,runtime,RESOLVED,Actual 'Primary failure identity' cell value read literally from the table row (not inferred from numbering),1
E02-400,C10,c10.validation.400,sec9-field-bound-validation-registry,validation-to-failure citation,required,C10,c10.failure.400,sec11-failure-registry,failure identity,runtime,RESOLVED,Actual 'Primary failure identity' cell value read literally from the table row (not inferred from numbering),1
E02-401,C10,c10.validation.401,sec9-field-bound-validation-registry,validation-to-failure citation,required,C10,c10.failure.401,sec11-failure-registry,failure identity,runtime,RESOLVED,Actual 'Primary failure identity' cell value read literally from the table row (not inferred from numbering),1
E02-402,C10,c10.validation.402,sec9-field-bound-validation-registry,validation-to-failure citation,required,C10,c10.failure.402,sec11-failure-registry,failure identity,runtime,RESOLVED,Actual 'Primary failure identity' cell value read literally from the table row (not inferred from numbering),1
E02-403,C10,c10.validation.403,sec9-field-bound-validation-registry,validation-to-failure citation,required,C10,c10.failure.403,sec11-failure-registry,failure identity,runtime,RESOLVED,Actual 'Primary failure identity' cell value read literally from the table row (not inferred from numbering),1
E02-404,C10,c10.validation.404,sec9-field-bound-validation-registry,validation-to-failure citation,required,C10,c10.failure.404,sec11-failure-registry,failure identity,runtime,RESOLVED,Actual 'Primary failure identity' cell value read literally from the table row (not inferred from numbering),1
E02-405,C10,c10.validation.405,sec9-field-bound-validation-registry,validation-to-failure citation,required,C10,c10.failure.405,sec11-failure-registry,failure identity,runtime,RESOLVED,Actual 'Primary failure identity' cell value read literally from the table row (not inferred from numbering),1
E02-406,C10,c10.validation.406,sec9-field-bound-validation-registry,validation-to-failure citation,required,C10,c10.failure.406,sec11-failure-registry,failure identity,runtime,RESOLVED,Actual 'Primary failure identity' cell value read literally from the table row (not inferred from numbering),1
E02-407,C10,c10.validation.407,sec9-field-bound-validation-registry,validation-to-failure citation,required,C10,c10.failure.407,sec11-failure-registry,failure identity,runtime,RESOLVED,Actual 'Primary failure identity' cell value read literally from the table row (not inferred from numbering),1
E02-410,C10,c10.validation.410,sec9-field-bound-validation-registry,validation-to-failure citation,required,C10,c10.failure.410,sec11-failure-registry,failure identity,runtime,RESOLVED,Actual 'Primary failure identity' cell value read literally from the table row (not inferred from numbering),1
E02-411,C10,c10.validation.411,sec9-field-bound-validation-registry,validation-to-failure citation,required,C10,c10.failure.411,sec11-failure-registry,failure identity,runtime,RESOLVED,Actual 'Primary failure identity' cell value read literally from the table row (not inferred from numbering),1
E02-412,C10,c10.validation.412,sec9-field-bound-validation-registry,validation-to-failure citation,required,C10,c10.failure.412,sec11-failure-registry,failure identity,runtime,RESOLVED,Actual 'Primary failure identity' cell value read literally from the table row (not inferred from numbering),1
E02-413,C10,c10.validation.413,sec9-field-bound-validation-registry,validation-to-failure citation,required,C10,c10.failure.413,sec11-failure-registry,failure identity,runtime,RESOLVED,Actual 'Primary failure identity' cell value read literally from the table row (not inferred from numbering),1
E02-414,C10,c10.validation.414,sec9-field-bound-validation-registry,validation-to-failure citation,required,C10,c10.failure.414,sec11-failure-registry,failure identity,runtime,RESOLVED,Actual 'Primary failure identity' cell value read literally from the table row (not inferred from numbering),1
E02-415,C10,c10.validation.415,sec9-field-bound-validation-registry,validation-to-failure citation,required,C10,c10.failure.415,sec11-failure-registry,failure identity,runtime,RESOLVED,Actual 'Primary failure identity' cell value read literally from the table row (not inferred from numbering),1
E02-416,C10,c10.validation.416,sec9-field-bound-validation-registry,validation-to-failure citation,required,C10,c10.failure.416,sec11-failure-registry,failure identity,runtime,RESOLVED,Actual 'Primary failure identity' cell value read literally from the table row (not inferred from numbering),1
E02-417,C10,c10.validation.417,sec9-field-bound-validation-registry,validation-to-failure citation,required,C10,c10.failure.417,sec11-failure-registry,failure identity,runtime,RESOLVED,Actual 'Primary failure identity' cell value read literally from the table row (not inferred from numbering),1
E02-418,C10,c10.validation.418,sec9-field-bound-validation-registry,validation-to-failure citation,required,C10,c10.failure.418,sec11-failure-registry,failure identity,runtime,RESOLVED,Actual 'Primary failure identity' cell value read literally from the table row (not inferred from numbering),1
E02-419,C10,c10.validation.419,sec9-field-bound-validation-registry,validation-to-failure citation,required,C10,c10.failure.419,sec11-failure-registry,failure identity,runtime,RESOLVED,Actual 'Primary failure identity' cell value read literally from the table row (not inferred from numbering),1
E02-420,C10,c10.validation.420,sec9-field-bound-validation-registry,validation-to-failure citation,required,C10,c10.failure.420,sec11-failure-registry,failure identity,runtime,RESOLVED,Actual 'Primary failure identity' cell value read literally from the table row (not inferred from numbering),1
E02-421,C10,c10.validation.421,sec9-field-bound-validation-registry,validation-to-failure citation,required,C10,c10.failure.421,sec11-failure-registry,failure identity,runtime,RESOLVED,Actual 'Primary failure identity' cell value read literally from the table row (not inferred from numbering),1
E02-422,C10,c10.validation.422,sec9-field-bound-validation-registry,validation-to-failure citation,required,C10,c10.failure.422,sec11-failure-registry,failure identity,runtime,RESOLVED,Actual 'Primary failure identity' cell value read literally from the table row (not inferred from numbering),1
E02-423,C10,c10.validation.423,sec9-field-bound-validation-registry,validation-to-failure citation,required,C10,c10.failure.423,sec11-failure-registry,failure identity,runtime,RESOLVED,Actual 'Primary failure identity' cell value read literally from the table row (not inferred from numbering),1
E02-430,C10,c10.validation.430,sec9-field-bound-validation-registry,validation-to-failure citation,required,C10,c10.failure.430,sec11-failure-registry,failure identity,runtime,RESOLVED,Actual 'Primary failure identity' cell value read literally from the table row (not inferred from numbering),1
E02-431,C10,c10.validation.431,sec9-field-bound-validation-registry,validation-to-failure citation,required,C10,c10.failure.431,sec11-failure-registry,failure identity,runtime,RESOLVED,Actual 'Primary failure identity' cell value read literally from the table row (not inferred from numbering),1
E02-432,C10,c10.validation.432,sec9-field-bound-validation-registry,validation-to-failure citation,required,C10,c10.failure.432,sec11-failure-registry,failure identity,runtime,RESOLVED,Actual 'Primary failure identity' cell value read literally from the table row (not inferred from numbering),1
E02-433,C10,c10.validation.433,sec9-field-bound-validation-registry,validation-to-failure citation,required,C10,c10.failure.433,sec11-failure-registry,failure identity,runtime,RESOLVED,Actual 'Primary failure identity' cell value read literally from the table row (not inferred from numbering),1
E02-434,C10,c10.validation.434,sec9-field-bound-validation-registry,validation-to-failure citation,required,C10,c10.failure.434,sec11-failure-registry,failure identity,runtime,RESOLVED,Actual 'Primary failure identity' cell value read literally from the table row (not inferred from numbering),1
E02-435,C10,c10.validation.435,sec9-field-bound-validation-registry,validation-to-failure citation,required,C10,c10.failure.435,sec11-failure-registry,failure identity,runtime,RESOLVED,Actual 'Primary failure identity' cell value read literally from the table row (not inferred from numbering),1
E02-436,C10,c10.validation.436,sec9-field-bound-validation-registry,validation-to-failure citation,required,C10,c10.failure.436,sec11-failure-registry,failure identity,runtime,RESOLVED,Actual 'Primary failure identity' cell value read literally from the table row (not inferred from numbering),1
E02-437,C10,c10.validation.437,sec9-field-bound-validation-registry,validation-to-failure citation,required,C10,c10.failure.437,sec11-failure-registry,failure identity,runtime,RESOLVED,Actual 'Primary failure identity' cell value read literally from the table row (not inferred from numbering),1
E02-438,C10,c10.validation.438,sec9-field-bound-validation-registry,validation-to-failure citation,required,C10,c10.failure.438,sec11-failure-registry,failure identity,runtime,RESOLVED,Actual 'Primary failure identity' cell value read literally from the table row (not inferred from numbering),1
E02-439,C10,c10.validation.439,sec9-field-bound-validation-registry,validation-to-failure citation,required,C10,c10.failure.439,sec11-failure-registry,failure identity,runtime,RESOLVED,Actual 'Primary failure identity' cell value read literally from the table row (not inferred from numbering),1
E02-440,C10,c10.validation.440,sec9-field-bound-validation-registry,validation-to-failure citation,required,C10,c10.failure.440,sec11-failure-registry,failure identity,runtime,RESOLVED,Actual 'Primary failure identity' cell value read literally from the table row (not inferred from numbering),1
E02-441,C10,c10.validation.441,sec9-field-bound-validation-registry,validation-to-failure citation,required,C10,c10.failure.441,sec11-failure-registry,failure identity,runtime,RESOLVED,Actual 'Primary failure identity' cell value read literally from the table row (not inferred from numbering),1
E02-450,C10,c10.validation.450,sec9-field-bound-validation-registry,validation-to-failure citation,required,C10,c10.failure.450,sec11-failure-registry,failure identity,runtime,RESOLVED,Actual 'Primary failure identity' cell value read literally from the table row (not inferred from numbering),1
E02-451,C10,c10.validation.451,sec9-field-bound-validation-registry,validation-to-failure citation,required,C10,c10.failure.451,sec11-failure-registry,failure identity,runtime,RESOLVED,Actual 'Primary failure identity' cell value read literally from the table row (not inferred from numbering),1
E02-452,C10,c10.validation.452,sec9-field-bound-validation-registry,validation-to-failure citation,required,C10,c10.failure.452,sec11-failure-registry,failure identity,runtime,RESOLVED,Actual 'Primary failure identity' cell value read literally from the table row (not inferred from numbering),1
E02-453,C10,c10.validation.453,sec9-field-bound-validation-registry,validation-to-failure citation,required,C10,c10.failure.453,sec11-failure-registry,failure identity,runtime,RESOLVED,Actual 'Primary failure identity' cell value read literally from the table row (not inferred from numbering),1
E02-454,C10,c10.validation.454,sec9-field-bound-validation-registry,validation-to-failure citation,required,C10,c10.failure.454,sec11-failure-registry,failure identity,runtime,RESOLVED,Actual 'Primary failure identity' cell value read literally from the table row (not inferred from numbering),1
E02-455,C10,c10.validation.455,sec9-field-bound-validation-registry,validation-to-failure citation,required,C10,c10.failure.455,sec11-failure-registry,failure identity,runtime,RESOLVED,Actual 'Primary failure identity' cell value read literally from the table row (not inferred from numbering),1
E02-456,C10,c10.validation.456,sec9-field-bound-validation-registry,validation-to-failure citation,required,C10,c10.failure.456,sec11-failure-registry,failure identity,runtime,RESOLVED,Actual 'Primary failure identity' cell value read literally from the table row (not inferred from numbering),1
E02-457,C10,c10.validation.457,sec9-field-bound-validation-registry,validation-to-failure citation,required,C10,c10.failure.457,sec11-failure-registry,failure identity,runtime,RESOLVED,Actual 'Primary failure identity' cell value read literally from the table row (not inferred from numbering),1
E02-458,C10,c10.validation.458,sec9-field-bound-validation-registry,validation-to-failure citation,required,C10,c10.failure.458,sec11-failure-registry,failure identity,runtime,RESOLVED,Actual 'Primary failure identity' cell value read literally from the table row (not inferred from numbering),1
E02-459,C10,c10.validation.459,sec9-field-bound-validation-registry,validation-to-failure citation,required,C10,c10.failure.459,sec11-failure-registry,failure identity,runtime,RESOLVED,Actual 'Primary failure identity' cell value read literally from the table row (not inferred from numbering),1
E02-460,C10,c10.validation.460,sec9-field-bound-validation-registry,validation-to-failure citation,required,C10,c10.failure.460,sec11-failure-registry,failure identity,runtime,RESOLVED,Actual 'Primary failure identity' cell value read literally from the table row (not inferred from numbering),1
E02-461,C10,c10.validation.461,sec9-field-bound-validation-registry,validation-to-failure citation,required,C10,c10.failure.461,sec11-failure-registry,failure identity,runtime,RESOLVED,Actual 'Primary failure identity' cell value read literally from the table row (not inferred from numbering),1
E02-462,C10,c10.validation.462,sec9-field-bound-validation-registry,validation-to-failure citation,required,C10,c10.failure.462,sec11-failure-registry,failure identity,runtime,RESOLVED,Actual 'Primary failure identity' cell value read literally from the table row (not inferred from numbering),1
E02-463,C10,c10.validation.463,sec9-field-bound-validation-registry,validation-to-failure citation,required,C10,c10.failure.463,sec11-failure-registry,failure identity,runtime,RESOLVED,Actual 'Primary failure identity' cell value read literally from the table row (not inferred from numbering),1
E02-464,C10,c10.validation.464,sec9-field-bound-validation-registry,validation-to-failure citation,required,C10,c10.failure.464,sec11-failure-registry,failure identity,runtime,RESOLVED,Actual 'Primary failure identity' cell value read literally from the table row (not inferred from numbering),1
E02-465,C10,c10.validation.465,sec9-field-bound-validation-registry,validation-to-failure citation,required,C10,c10.failure.465,sec11-failure-registry,failure identity,runtime,RESOLVED,Actual 'Primary failure identity' cell value read literally from the table row (not inferred from numbering),1
E02-466,C10,c10.validation.466,sec9-field-bound-validation-registry,validation-to-failure citation,required,C10,c10.failure.466,sec11-failure-registry,failure identity,runtime,RESOLVED,Actual 'Primary failure identity' cell value read literally from the table row (not inferred from numbering),1
E02-467,C10,c10.validation.467,sec9-field-bound-validation-registry,validation-to-failure citation,required,C10,c10.failure.467,sec11-failure-registry,failure identity,runtime,RESOLVED,Actual 'Primary failure identity' cell value read literally from the table row (not inferred from numbering),1
E02-468,C10,c10.validation.468,sec9-field-bound-validation-registry,validation-to-failure citation,required,C10,c10.failure.468,sec11-failure-registry,failure identity,runtime,RESOLVED,Actual 'Primary failure identity' cell value read literally from the table row (not inferred from numbering),1
E02-469,C10,c10.validation.469,sec9-field-bound-validation-registry,validation-to-failure citation,required,C10,c10.failure.469,sec11-failure-registry,failure identity,runtime,RESOLVED,Actual 'Primary failure identity' cell value read literally from the table row (not inferred from numbering),1
E02-500,C10,c10.validation.500,sec9-field-bound-validation-registry,validation-to-failure citation,required,C10,c10.failure.500,sec11-failure-registry,failure identity,runtime,RESOLVED,Actual 'Primary failure identity' cell value read literally from the table row (not inferred from numbering),1
E02-501,C10,c10.validation.501,sec9-field-bound-validation-registry,validation-to-failure citation,required,C10,c10.failure.501,sec11-failure-registry,failure identity,runtime,RESOLVED,Actual 'Primary failure identity' cell value read literally from the table row (not inferred from numbering),1
E02-502,C10,c10.validation.502,sec9-field-bound-validation-registry,validation-to-failure citation,required,C10,c10.failure.502,sec11-failure-registry,failure identity,runtime,RESOLVED,Actual 'Primary failure identity' cell value read literally from the table row (not inferred from numbering),1
E02-503,C10,c10.validation.503,sec9-field-bound-validation-registry,validation-to-failure citation,required,C10,c10.failure.503,sec11-failure-registry,failure identity,runtime,RESOLVED,Actual 'Primary failure identity' cell value read literally from the table row (not inferred from numbering),1
E02-504,C10,c10.validation.504,sec9-field-bound-validation-registry,validation-to-failure citation,required,C10,c10.failure.504,sec11-failure-registry,failure identity,runtime,RESOLVED,Actual 'Primary failure identity' cell value read literally from the table row (not inferred from numbering),1
E02-505,C10,c10.validation.505,sec9-field-bound-validation-registry,validation-to-failure citation,required,C10,c10.failure.505,sec11-failure-registry,failure identity,runtime,RESOLVED,Actual 'Primary failure identity' cell value read literally from the table row (not inferred from numbering),1
E02-506,C10,c10.validation.506,sec9-field-bound-validation-registry,validation-to-failure citation,required,C10,c10.failure.506,sec11-failure-registry,failure identity,runtime,RESOLVED,Actual 'Primary failure identity' cell value read literally from the table row (not inferred from numbering),1
E02-507,C10,c10.validation.507,sec9-field-bound-validation-registry,validation-to-failure citation,required,C10,c10.failure.507,sec11-failure-registry,failure identity,runtime,RESOLVED,Actual 'Primary failure identity' cell value read literally from the table row (not inferred from numbering),1
E02-508,C10,c10.validation.508,sec9-field-bound-validation-registry,validation-to-failure citation,required,C10,c10.failure.508,sec11-failure-registry,failure identity,runtime,RESOLVED,Actual 'Primary failure identity' cell value read literally from the table row (not inferred from numbering),1
E02-509,C10,c10.validation.509,sec9-field-bound-validation-registry,validation-to-failure citation,required,C10,c10.failure.509,sec11-failure-registry,failure identity,runtime,RESOLVED,Actual 'Primary failure identity' cell value read literally from the table row (not inferred from numbering),1
E02-510,C10,c10.validation.510,sec9-field-bound-validation-registry,validation-to-failure citation,required,C10,c10.failure.510,sec11-failure-registry,failure identity,runtime,RESOLVED,Actual 'Primary failure identity' cell value read literally from the table row (not inferred from numbering),1
E02-511,C10,c10.validation.511,sec9-field-bound-validation-registry,validation-to-failure citation,required,C10,c10.failure.511,sec11-failure-registry,failure identity,runtime,RESOLVED,Actual 'Primary failure identity' cell value read literally from the table row (not inferred from numbering),1
E02-512,C10,c10.validation.512,sec9-field-bound-validation-registry,validation-to-failure citation,required,C10,c10.failure.512,sec11-failure-registry,failure identity,runtime,RESOLVED,Actual 'Primary failure identity' cell value read literally from the table row (not inferred from numbering),1
E02-513,C10,c10.validation.513,sec9-field-bound-validation-registry,validation-to-failure citation,required,C10,c10.failure.513,sec11-failure-registry,failure identity,runtime,RESOLVED,Actual 'Primary failure identity' cell value read literally from the table row (not inferred from numbering),1
E02-514,C10,c10.validation.514,sec9-field-bound-validation-registry,validation-to-failure citation,required,C10,c10.failure.514,sec11-failure-registry,failure identity,runtime,RESOLVED,Actual 'Primary failure identity' cell value read literally from the table row (not inferred from numbering),1
E02-515,C10,c10.validation.515,sec9-field-bound-validation-registry,validation-to-failure citation,required,C10,c10.failure.515,sec11-failure-registry,failure identity,runtime,RESOLVED,Actual 'Primary failure identity' cell value read literally from the table row (not inferred from numbering),1
E02-516,C10,c10.validation.516,sec9-field-bound-validation-registry,validation-to-failure citation,required,C10,c10.failure.516,sec11-failure-registry,failure identity,runtime,RESOLVED,Actual 'Primary failure identity' cell value read literally from the table row (not inferred from numbering),1
E02-517,C10,c10.validation.517,sec9-field-bound-validation-registry,validation-to-failure citation,required,C10,c10.failure.517,sec11-failure-registry,failure identity,runtime,RESOLVED,Actual 'Primary failure identity' cell value read literally from the table row (not inferred from numbering),1
E02-518,C10,c10.validation.518,sec9-field-bound-validation-registry,validation-to-failure citation,required,C10,c10.failure.518,sec11-failure-registry,failure identity,runtime,RESOLVED,Actual 'Primary failure identity' cell value read literally from the table row (not inferred from numbering),1
E02-519,C10,c10.validation.519,sec9-field-bound-validation-registry,validation-to-failure citation,required,C10,c10.failure.519,sec11-failure-registry,failure identity,runtime,RESOLVED,Actual 'Primary failure identity' cell value read literally from the table row (not inferred from numbering),1
E02-520,C10,c10.validation.520,sec9-field-bound-validation-registry,validation-to-failure citation,required,C10,c10.failure.520,sec11-failure-registry,failure identity,runtime,RESOLVED,Actual 'Primary failure identity' cell value read literally from the table row (not inferred from numbering),1
E02-521,C10,c10.validation.521,sec9-field-bound-validation-registry,validation-to-failure citation,required,C10,c10.failure.521,sec11-failure-registry,failure identity,runtime,RESOLVED,Actual 'Primary failure identity' cell value read literally from the table row (not inferred from numbering),1
E02-530,C10,c10.validation.530,sec9-field-bound-validation-registry,validation-to-failure citation,required,C10,c10.failure.530,sec11-failure-registry,failure identity,runtime,RESOLVED,Actual 'Primary failure identity' cell value read literally from the table row (not inferred from numbering),1
E02-531,C10,c10.validation.531,sec9-field-bound-validation-registry,validation-to-failure citation,required,C10,c10.failure.531,sec11-failure-registry,failure identity,runtime,RESOLVED,Actual 'Primary failure identity' cell value read literally from the table row (not inferred from numbering),1
E02-532,C10,c10.validation.532,sec9-field-bound-validation-registry,validation-to-failure citation,required,C10,c10.failure.532,sec11-failure-registry,failure identity,runtime,RESOLVED,Actual 'Primary failure identity' cell value read literally from the table row (not inferred from numbering),1
E02-533,C10,c10.validation.533,sec9-field-bound-validation-registry,validation-to-failure citation,required,C10,c10.failure.533,sec11-failure-registry,failure identity,runtime,RESOLVED,Actual 'Primary failure identity' cell value read literally from the table row (not inferred from numbering),1
E02-534,C10,c10.validation.534,sec9-field-bound-validation-registry,validation-to-failure citation,required,C10,c10.failure.534,sec11-failure-registry,failure identity,runtime,RESOLVED,Actual 'Primary failure identity' cell value read literally from the table row (not inferred from numbering),1
E02-535,C10,c10.validation.535,sec9-field-bound-validation-registry,validation-to-failure citation,required,C10,c10.failure.535,sec11-failure-registry,failure identity,runtime,RESOLVED,Actual 'Primary failure identity' cell value read literally from the table row (not inferred from numbering),1
E02-536,C10,c10.validation.536,sec9-field-bound-validation-registry,validation-to-failure citation,required,C10,c10.failure.536,sec11-failure-registry,failure identity,runtime,RESOLVED,Actual 'Primary failure identity' cell value read literally from the table row (not inferred from numbering),1
E02-537,C10,c10.validation.537,sec9-field-bound-validation-registry,validation-to-failure citation,required,C10,c10.failure.537,sec11-failure-registry,failure identity,runtime,RESOLVED,Actual 'Primary failure identity' cell value read literally from the table row (not inferred from numbering),1
E02-538,C10,c10.validation.538,sec9-field-bound-validation-registry,validation-to-failure citation,required,C10,c10.failure.538,sec11-failure-registry,failure identity,runtime,RESOLVED,Actual 'Primary failure identity' cell value read literally from the table row (not inferred from numbering),1
E02-539,C10,c10.validation.539,sec9-field-bound-validation-registry,validation-to-failure citation,required,C10,c10.failure.539,sec11-failure-registry,failure identity,runtime,RESOLVED,Actual 'Primary failure identity' cell value read literally from the table row (not inferred from numbering),1
E02-540,C10,c10.validation.540,sec9-field-bound-validation-registry,validation-to-failure citation,required,C10,c10.failure.540,sec11-failure-registry,failure identity,runtime,RESOLVED,Actual 'Primary failure identity' cell value read literally from the table row (not inferred from numbering),1
E02-541,C10,c10.validation.541,sec9-field-bound-validation-registry,validation-to-failure citation,required,C10,c10.failure.541,sec11-failure-registry,failure identity,runtime,RESOLVED,Actual 'Primary failure identity' cell value read literally from the table row (not inferred from numbering),1
E02-542,C10,c10.validation.542,sec9-field-bound-validation-registry,validation-to-failure citation,required,C10,c10.failure.542,sec11-failure-registry,failure identity,runtime,RESOLVED,Actual 'Primary failure identity' cell value read literally from the table row (not inferred from numbering),1
E02-600,C10,c10.validation.600,sec9-field-bound-validation-registry,validation-to-failure citation,required,C10,c10.failure.600,sec11-failure-registry,failure identity,runtime,RESOLVED,Actual 'Primary failure identity' cell value read literally from the table row (not inferred from numbering),1
E02-601,C10,c10.validation.601,sec9-field-bound-validation-registry,validation-to-failure citation,required,C10,c10.failure.601,sec11-failure-registry,failure identity,runtime,RESOLVED,Actual 'Primary failure identity' cell value read literally from the table row (not inferred from numbering),1
E02-602,C10,c10.validation.602,sec9-field-bound-validation-registry,validation-to-failure citation,required,C10,c10.failure.602,sec11-failure-registry,failure identity,runtime,RESOLVED,Actual 'Primary failure identity' cell value read literally from the table row (not inferred from numbering),1
E02-603,C10,c10.validation.603,sec9-field-bound-validation-registry,validation-to-failure citation,required,C10,c10.failure.603,sec11-failure-registry,failure identity,runtime,RESOLVED,Actual 'Primary failure identity' cell value read literally from the table row (not inferred from numbering),1
E02-604,C10,c10.validation.604,sec9-field-bound-validation-registry,validation-to-failure citation,required,C10,c10.failure.604,sec11-failure-registry,failure identity,runtime,RESOLVED,Actual 'Primary failure identity' cell value read literally from the table row (not inferred from numbering),1
E02-605,C10,c10.validation.605,sec9-field-bound-validation-registry,validation-to-failure citation,required,C10,c10.failure.605,sec11-failure-registry,failure identity,runtime,RESOLVED,Actual 'Primary failure identity' cell value read literally from the table row (not inferred from numbering),1
E02-606,C10,c10.validation.606,sec9-field-bound-validation-registry,validation-to-failure citation,required,C10,c10.failure.606,sec11-failure-registry,failure identity,runtime,RESOLVED,Actual 'Primary failure identity' cell value read literally from the table row (not inferred from numbering),1
E02-607,C10,c10.validation.607,sec9-field-bound-validation-registry,validation-to-failure citation,required,C10,c10.failure.607,sec11-failure-registry,failure identity,runtime,RESOLVED,Actual 'Primary failure identity' cell value read literally from the table row (not inferred from numbering),1
E02-608,C10,c10.validation.608,sec9-field-bound-validation-registry,validation-to-failure citation,required,C10,c10.failure.608,sec11-failure-registry,failure identity,runtime,RESOLVED,Actual 'Primary failure identity' cell value read literally from the table row (not inferred from numbering),1
E02-609,C10,c10.validation.609,sec9-field-bound-validation-registry,validation-to-failure citation,required,C10,c10.failure.609,sec11-failure-registry,failure identity,runtime,RESOLVED,Actual 'Primary failure identity' cell value read literally from the table row (not inferred from numbering),1
E02-610,C10,c10.validation.610,sec9-field-bound-validation-registry,validation-to-failure citation,required,C10,c10.failure.610,sec11-failure-registry,failure identity,runtime,RESOLVED,Actual 'Primary failure identity' cell value read literally from the table row (not inferred from numbering),1
E02-611,C10,c10.validation.611,sec9-field-bound-validation-registry,validation-to-failure citation,required,C10,c10.failure.611,sec11-failure-registry,failure identity,runtime,RESOLVED,Actual 'Primary failure identity' cell value read literally from the table row (not inferred from numbering),1
E02-612,C10,c10.validation.612,sec9-field-bound-validation-registry,validation-to-failure citation,required,C10,c10.failure.612,sec11-failure-registry,failure identity,runtime,RESOLVED,Actual 'Primary failure identity' cell value read literally from the table row (not inferred from numbering),1
E02-613,C10,c10.validation.613,sec9-field-bound-validation-registry,validation-to-failure citation,required,C10,c10.failure.613,sec11-failure-registry,failure identity,runtime,RESOLVED,Actual 'Primary failure identity' cell value read literally from the table row (not inferred from numbering),1
E02-614,C10,c10.validation.614,sec9-field-bound-validation-registry,validation-to-failure citation,required,C10,c10.failure.614,sec11-failure-registry,failure identity,runtime,RESOLVED,Actual 'Primary failure identity' cell value read literally from the table row (not inferred from numbering),1
E02-615,C10,c10.validation.615,sec9-field-bound-validation-registry,validation-to-failure citation,required,C10,c10.failure.615,sec11-failure-registry,failure identity,runtime,RESOLVED,Actual 'Primary failure identity' cell value read literally from the table row (not inferred from numbering),1
E02-616,C10,c10.validation.616,sec9-field-bound-validation-registry,validation-to-failure citation,required,C10,c10.failure.616,sec11-failure-registry,failure identity,runtime,RESOLVED,Actual 'Primary failure identity' cell value read literally from the table row (not inferred from numbering),1
E02-617,C10,c10.validation.617,sec9-field-bound-validation-registry,validation-to-failure citation,required,C10,c10.failure.617,sec11-failure-registry,failure identity,runtime,RESOLVED,Actual 'Primary failure identity' cell value read literally from the table row (not inferred from numbering),1
E02-618,C10,c10.validation.618,sec9-field-bound-validation-registry,validation-to-failure citation,required,C10,c10.failure.618,sec11-failure-registry,failure identity,runtime,RESOLVED,Actual 'Primary failure identity' cell value read literally from the table row (not inferred from numbering),1
E02-619,C10,c10.validation.619,sec9-field-bound-validation-registry,validation-to-failure citation,required,C10,c10.failure.619,sec11-failure-registry,failure identity,runtime,RESOLVED,Actual 'Primary failure identity' cell value read literally from the table row (not inferred from numbering),1
E02-620,C10,c10.validation.620,sec9-field-bound-validation-registry,validation-to-failure citation,required,C10,c10.failure.620,sec11-failure-registry,failure identity,runtime,RESOLVED,Actual 'Primary failure identity' cell value read literally from the table row (not inferred from numbering),1
E02-621,C10,c10.validation.621,sec9-field-bound-validation-registry,validation-to-failure citation,required,C10,c10.failure.621,sec11-failure-registry,failure identity,runtime,RESOLVED,Actual 'Primary failure identity' cell value read literally from the table row (not inferred from numbering),1
E02-622,C10,c10.validation.622,sec9-field-bound-validation-registry,validation-to-failure citation,required,C10,c10.failure.622,sec11-failure-registry,failure identity,runtime,RESOLVED,Actual 'Primary failure identity' cell value read literally from the table row (not inferred from numbering),1
E02-623,C10,c10.validation.623,sec9-field-bound-validation-registry,validation-to-failure citation,required,C10,c10.failure.623,sec11-failure-registry,failure identity,runtime,RESOLVED,Actual 'Primary failure identity' cell value read literally from the table row (not inferred from numbering),1
E02-624,C10,c10.validation.624,sec9-field-bound-validation-registry,validation-to-failure citation,required,C10,c10.failure.624,sec11-failure-registry,failure identity,runtime,RESOLVED,Actual 'Primary failure identity' cell value read literally from the table row (not inferred from numbering),1
E02-625,C10,c10.validation.625,sec9-field-bound-validation-registry,validation-to-failure citation,required,C10,c10.failure.625,sec11-failure-registry,failure identity,runtime,RESOLVED,Actual 'Primary failure identity' cell value read literally from the table row (not inferred from numbering),1
E02-626,C10,c10.validation.626,sec9-field-bound-validation-registry,validation-to-failure citation,required,C10,c10.failure.626,sec11-failure-registry,failure identity,runtime,RESOLVED,Actual 'Primary failure identity' cell value read literally from the table row (not inferred from numbering),1
E02-627,C10,c10.validation.627,sec9-field-bound-validation-registry,validation-to-failure citation,required,C10,c10.failure.627,sec11-failure-registry,failure identity,runtime,RESOLVED,Actual 'Primary failure identity' cell value read literally from the table row (not inferred from numbering),1
E02-628,C10,c10.validation.628,sec9-field-bound-validation-registry,validation-to-failure citation,required,C10,c10.failure.628,sec11-failure-registry,failure identity,runtime,RESOLVED,Actual 'Primary failure identity' cell value read literally from the table row (not inferred from numbering),1
E02-629,C10,c10.validation.629,sec9-field-bound-validation-registry,validation-to-failure citation,required,C10,c10.failure.629,sec11-failure-registry,failure identity,runtime,RESOLVED,Actual 'Primary failure identity' cell value read literally from the table row (not inferred from numbering),1
E02-630,C10,c10.validation.630,sec9-field-bound-validation-registry,validation-to-failure citation,required,C10,c10.failure.630,sec11-failure-registry,failure identity,runtime,RESOLVED,Actual 'Primary failure identity' cell value read literally from the table row (not inferred from numbering),1
E02-640,C10,c10.validation.640,sec9-field-bound-validation-registry,validation-to-failure citation,required,C10,c10.failure.640,sec11-failure-registry,failure identity,runtime,RESOLVED,Actual 'Primary failure identity' cell value read literally from the table row (not inferred from numbering),1
E02-641,C10,c10.validation.641,sec9-field-bound-validation-registry,validation-to-failure citation,required,C10,c10.failure.641,sec11-failure-registry,failure identity,runtime,RESOLVED,Actual 'Primary failure identity' cell value read literally from the table row (not inferred from numbering),1
E02-642,C10,c10.validation.642,sec9-field-bound-validation-registry,validation-to-failure citation,required,C10,c10.failure.642,sec11-failure-registry,failure identity,runtime,RESOLVED,Actual 'Primary failure identity' cell value read literally from the table row (not inferred from numbering),1
E02-643,C10,c10.validation.643,sec9-field-bound-validation-registry,validation-to-failure citation,required,C10,c10.failure.643,sec11-failure-registry,failure identity,runtime,RESOLVED,Actual 'Primary failure identity' cell value read literally from the table row (not inferred from numbering),1
E02-644,C10,c10.validation.644,sec9-field-bound-validation-registry,validation-to-failure citation,required,C10,c10.failure.644,sec11-failure-registry,failure identity,runtime,RESOLVED,Actual 'Primary failure identity' cell value read literally from the table row (not inferred from numbering),1
E02-645,C10,c10.validation.645,sec9-field-bound-validation-registry,validation-to-failure citation,required,C10,c10.failure.645,sec11-failure-registry,failure identity,runtime,RESOLVED,Actual 'Primary failure identity' cell value read literally from the table row (not inferred from numbering),1
E02-646,C10,c10.validation.646,sec9-field-bound-validation-registry,validation-to-failure citation,required,C10,c10.failure.646,sec11-failure-registry,failure identity,runtime,RESOLVED,Actual 'Primary failure identity' cell value read literally from the table row (not inferred from numbering),1
E02-647,C10,c10.validation.647,sec9-field-bound-validation-registry,validation-to-failure citation,required,C10,c10.failure.647,sec11-failure-registry,failure identity,runtime,RESOLVED,Actual 'Primary failure identity' cell value read literally from the table row (not inferred from numbering),1
E02-648,C10,c10.validation.648,sec9-field-bound-validation-registry,validation-to-failure citation,required,C10,c10.failure.648,sec11-failure-registry,failure identity,runtime,RESOLVED,Actual 'Primary failure identity' cell value read literally from the table row (not inferred from numbering),1
E02-649,C10,c10.validation.649,sec9-field-bound-validation-registry,validation-to-failure citation,required,C10,c10.failure.649,sec11-failure-registry,failure identity,runtime,RESOLVED,Actual 'Primary failure identity' cell value read literally from the table row (not inferred from numbering),1
E02-650,C10,c10.validation.650,sec9-field-bound-validation-registry,validation-to-failure citation,required,C10,c10.failure.650,sec11-failure-registry,failure identity,runtime,RESOLVED,Actual 'Primary failure identity' cell value read literally from the table row (not inferred from numbering),1
E02-651,C10,c10.validation.651,sec9-field-bound-validation-registry,validation-to-failure citation,required,C10,c10.failure.651,sec11-failure-registry,failure identity,runtime,RESOLVED,Actual 'Primary failure identity' cell value read literally from the table row (not inferred from numbering),1
E02-652,C10,c10.validation.652,sec9-field-bound-validation-registry,validation-to-failure citation,required,C10,c10.failure.652,sec11-failure-registry,failure identity,runtime,RESOLVED,Actual 'Primary failure identity' cell value read literally from the table row (not inferred from numbering),1
E02-655,C10,c10.validation.655,sec9-field-bound-validation-registry,validation-to-failure citation,required,C10,c10.failure.655,sec11-failure-registry,failure identity,runtime,RESOLVED,Actual 'Primary failure identity' cell value read literally from the table row (not inferred from numbering),1
E02-660,C10,c10.validation.660,sec9-field-bound-validation-registry,validation-to-failure citation,required,C10,c10.failure.660,sec11-failure-registry,failure identity,runtime,RESOLVED,Actual 'Primary failure identity' cell value read literally from the table row (not inferred from numbering),1
E02-661,C10,c10.validation.661,sec9-field-bound-validation-registry,validation-to-failure citation,required,C10,c10.failure.661,sec11-failure-registry,failure identity,runtime,RESOLVED,Actual 'Primary failure identity' cell value read literally from the table row (not inferred from numbering),1
E02-662,C10,c10.validation.662,sec9-field-bound-validation-registry,validation-to-failure citation,required,C10,c10.failure.662,sec11-failure-registry,failure identity,runtime,RESOLVED,Actual 'Primary failure identity' cell value read literally from the table row (not inferred from numbering),1
E02-663,C10,c10.validation.663,sec9-field-bound-validation-registry,validation-to-failure citation,required,C10,c10.failure.663,sec11-failure-registry,failure identity,runtime,RESOLVED,Actual 'Primary failure identity' cell value read literally from the table row (not inferred from numbering),1
E02-664,C10,c10.validation.664,sec9-field-bound-validation-registry,validation-to-failure citation,required,C10,c10.failure.664,sec11-failure-registry,failure identity,runtime,RESOLVED,Actual 'Primary failure identity' cell value read literally from the table row (not inferred from numbering),1
E02-665,C10,c10.validation.665,sec9-field-bound-validation-registry,validation-to-failure citation,required,C10,c10.failure.665,sec11-failure-registry,failure identity,runtime,RESOLVED,Actual 'Primary failure identity' cell value read literally from the table row (not inferred from numbering),1
E02-666,C10,c10.validation.666,sec9-field-bound-validation-registry,validation-to-failure citation,required,C10,c10.failure.666,sec11-failure-registry,failure identity,runtime,RESOLVED,Actual 'Primary failure identity' cell value read literally from the table row (not inferred from numbering),1
E02-667,C10,c10.validation.667,sec9-field-bound-validation-registry,validation-to-failure citation,required,C10,c10.failure.667,sec11-failure-registry,failure identity,runtime,RESOLVED,Actual 'Primary failure identity' cell value read literally from the table row (not inferred from numbering),1
E02-670,C10,c10.validation.670,sec9-field-bound-validation-registry,validation-to-failure citation,required,C10,c10.failure.670,sec11-failure-registry,failure identity,runtime,RESOLVED,Actual 'Primary failure identity' cell value read literally from the table row (not inferred from numbering),1
E02-671,C10,c10.validation.671,sec9-field-bound-validation-registry,validation-to-failure citation,required,C10,c10.failure.671,sec11-failure-registry,failure identity,runtime,RESOLVED,Actual 'Primary failure identity' cell value read literally from the table row (not inferred from numbering),1
E02-672,C10,c10.validation.672,sec9-field-bound-validation-registry,validation-to-failure citation,required,C10,c10.failure.672,sec11-failure-registry,failure identity,runtime,RESOLVED,Actual 'Primary failure identity' cell value read literally from the table row (not inferred from numbering),1
E02-673,C10,c10.validation.673,sec9-field-bound-validation-registry,validation-to-failure citation,required,C10,c10.failure.673,sec11-failure-registry,failure identity,runtime,RESOLVED,Actual 'Primary failure identity' cell value read literally from the table row (not inferred from numbering),1
E02-674,C10,c10.validation.674,sec9-field-bound-validation-registry,validation-to-failure citation,required,C10,c10.failure.674,sec11-failure-registry,failure identity,runtime,RESOLVED,Actual 'Primary failure identity' cell value read literally from the table row (not inferred from numbering),1
E02-675,C10,c10.validation.675,sec9-field-bound-validation-registry,validation-to-failure citation,required,C10,c10.failure.675,sec11-failure-registry,failure identity,runtime,RESOLVED,Actual 'Primary failure identity' cell value read literally from the table row (not inferred from numbering),1
E02-676,C10,c10.validation.676,sec9-field-bound-validation-registry,validation-to-failure citation,required,C10,c10.failure.676,sec11-failure-registry,failure identity,runtime,RESOLVED,Actual 'Primary failure identity' cell value read literally from the table row (not inferred from numbering),1
E02-677,C10,c10.validation.677,sec9-field-bound-validation-registry,validation-to-failure citation,required,C10,c10.failure.677,sec11-failure-registry,failure identity,runtime,RESOLVED,Actual 'Primary failure identity' cell value read literally from the table row (not inferred from numbering),1
E02-680,C10,c10.validation.680,sec9-field-bound-validation-registry,validation-to-failure citation,required,C10,c10.failure.680,sec11-failure-registry,failure identity,runtime,RESOLVED,Actual 'Primary failure identity' cell value read literally from the table row (not inferred from numbering),1
E02-681,C10,c10.validation.681,sec9-field-bound-validation-registry,validation-to-failure citation,required,C10,c10.failure.681,sec11-failure-registry,failure identity,runtime,RESOLVED,Actual 'Primary failure identity' cell value read literally from the table row (not inferred from numbering),1
E02-682,C10,c10.validation.682,sec9-field-bound-validation-registry,validation-to-failure citation,required,C10,c10.failure.682,sec11-failure-registry,failure identity,runtime,RESOLVED,Actual 'Primary failure identity' cell value read literally from the table row (not inferred from numbering),1
E02-683,C10,c10.validation.683,sec9-field-bound-validation-registry,validation-to-failure citation,required,C10,c10.failure.683,sec11-failure-registry,failure identity,runtime,RESOLVED,Actual 'Primary failure identity' cell value read literally from the table row (not inferred from numbering),1
E02-684,C10,c10.validation.684,sec9-field-bound-validation-registry,validation-to-failure citation,required,C10,c10.failure.684,sec11-failure-registry,failure identity,runtime,RESOLVED,Actual 'Primary failure identity' cell value read literally from the table row (not inferred from numbering),1
E02-685,C10,c10.validation.685,sec9-field-bound-validation-registry,validation-to-failure citation,required,C10,c10.failure.685,sec11-failure-registry,failure identity,runtime,RESOLVED,Actual 'Primary failure identity' cell value read literally from the table row (not inferred from numbering),1
E02-686,C10,c10.validation.686,sec9-field-bound-validation-registry,validation-to-failure citation,required,C10,c10.failure.686,sec11-failure-registry,failure identity,runtime,RESOLVED,Actual 'Primary failure identity' cell value read literally from the table row (not inferred from numbering),1
E02-687,C10,c10.validation.687,sec9-field-bound-validation-registry,validation-to-failure citation,required,C10,c10.failure.687,sec11-failure-registry,failure identity,runtime,RESOLVED,Actual 'Primary failure identity' cell value read literally from the table row (not inferred from numbering),1
E02-690,C10,c10.validation.690,sec9-field-bound-validation-registry,validation-to-failure citation,required,C10,c10.failure.690,sec11-failure-registry,failure identity,runtime,RESOLVED,Actual 'Primary failure identity' cell value read literally from the table row (not inferred from numbering),1
E02-691,C10,c10.validation.691,sec9-field-bound-validation-registry,validation-to-failure citation,required,C10,c10.failure.691,sec11-failure-registry,failure identity,runtime,RESOLVED,Actual 'Primary failure identity' cell value read literally from the table row (not inferred from numbering),1
E02-692,C10,c10.validation.692,sec9-field-bound-validation-registry,validation-to-failure citation,required,C10,c10.failure.692,sec11-failure-registry,failure identity,runtime,RESOLVED,Actual 'Primary failure identity' cell value read literally from the table row (not inferred from numbering),1
E02-693,C10,c10.validation.693,sec9-field-bound-validation-registry,validation-to-failure citation,required,C10,c10.failure.693,sec11-failure-registry,failure identity,runtime,RESOLVED,Actual 'Primary failure identity' cell value read literally from the table row (not inferred from numbering),1
E02-694,C10,c10.validation.694,sec9-field-bound-validation-registry,validation-to-failure citation,required,C10,c10.failure.694,sec11-failure-registry,failure identity,runtime,RESOLVED,Actual 'Primary failure identity' cell value read literally from the table row (not inferred from numbering),1
E02-695,C10,c10.validation.695,sec9-field-bound-validation-registry,validation-to-failure citation,required,C10,c10.failure.695,sec11-failure-registry,failure identity,runtime,RESOLVED,Actual 'Primary failure identity' cell value read literally from the table row (not inferred from numbering),1
E02-696,C10,c10.validation.696,sec9-field-bound-validation-registry,validation-to-failure citation,required,C10,c10.failure.696,sec11-failure-registry,failure identity,runtime,RESOLVED,Actual 'Primary failure identity' cell value read literally from the table row (not inferred from numbering),1
E02-697,C10,c10.validation.697,sec9-field-bound-validation-registry,validation-to-failure citation,required,C10,c10.failure.697,sec11-failure-registry,failure identity,runtime,RESOLVED,Actual 'Primary failure identity' cell value read literally from the table row (not inferred from numbering),1
E02-698,C10,c10.validation.698,sec9-field-bound-validation-registry,validation-to-failure citation,required,C10,c10.failure.698,sec11-failure-registry,failure identity,runtime,RESOLVED,Actual 'Primary failure identity' cell value read literally from the table row (not inferred from numbering),1
E02-699,C10,c10.validation.699,sec9-field-bound-validation-registry,validation-to-failure citation,required,C10,c10.failure.699,sec11-failure-registry,failure identity,runtime,RESOLVED,Actual 'Primary failure identity' cell value read literally from the table row (not inferred from numbering),1
E02-700,C10,c10.validation.700,sec9-field-bound-validation-registry,validation-to-failure citation,required,C10,c10.failure.700,sec11-failure-registry,failure identity,runtime,RESOLVED,Actual 'Primary failure identity' cell value read literally from the table row (not inferred from numbering),1
E02-704,C10,c10.validation.704,sec9-field-bound-validation-registry,validation-to-failure citation,required,C10,c10.failure.704,sec11-failure-registry,failure identity,runtime,RESOLVED,Actual 'Primary failure identity' cell value read literally from the table row (not inferred from numbering),1
E02-705,C10,c10.validation.705,sec9-field-bound-validation-registry,validation-to-failure citation,required,C10,c10.failure.705,sec11-failure-registry,failure identity,runtime,RESOLVED,Actual 'Primary failure identity' cell value read literally from the table row (not inferred from numbering),1
E02-706,C10,c10.validation.706,sec9-field-bound-validation-registry,validation-to-failure citation,required,C10,c10.failure.706,sec11-failure-registry,failure identity,runtime,RESOLVED,Actual 'Primary failure identity' cell value read literally from the table row (not inferred from numbering),1
E02-707,C10,c10.validation.707,sec9-field-bound-validation-registry,validation-to-failure citation,required,C10,c10.failure.707,sec11-failure-registry,failure identity,runtime,RESOLVED,Actual 'Primary failure identity' cell value read literally from the table row (not inferred from numbering),1
E02-708,C10,c10.validation.708,sec9-field-bound-validation-registry,validation-to-failure citation,required,C10,c10.failure.708,sec11-failure-registry,failure identity,runtime,RESOLVED,Actual 'Primary failure identity' cell value read literally from the table row (not inferred from numbering),1
E02-709,C10,c10.validation.709,sec9-field-bound-validation-registry,validation-to-failure citation,required,C10,c10.failure.709,sec11-failure-registry,failure identity,runtime,RESOLVED,Actual 'Primary failure identity' cell value read literally from the table row (not inferred from numbering),1
E02-710,C10,c10.validation.710,sec9-field-bound-validation-registry,validation-to-failure citation,required,C10,c10.failure.710,sec11-failure-registry,failure identity,runtime,RESOLVED,Actual 'Primary failure identity' cell value read literally from the table row (not inferred from numbering),1
E02-711,C10,c10.validation.711,sec9-field-bound-validation-registry,validation-to-failure citation,required,C10,c10.failure.711,sec11-failure-registry,failure identity,runtime,RESOLVED,Actual 'Primary failure identity' cell value read literally from the table row (not inferred from numbering),1
E02-712,C10,c10.validation.712,sec9-field-bound-validation-registry,validation-to-failure citation,required,C10,c10.failure.712,sec11-failure-registry,failure identity,runtime,RESOLVED,Actual 'Primary failure identity' cell value read literally from the table row (not inferred from numbering),1
E02-713,C10,c10.validation.713,sec9-field-bound-validation-registry,validation-to-failure citation,required,C10,c10.failure.713,sec11-failure-registry,failure identity,runtime,RESOLVED,Actual 'Primary failure identity' cell value read literally from the table row (not inferred from numbering),1
E02-714,C10,c10.validation.714,sec9-field-bound-validation-registry,validation-to-failure citation,required,C10,c10.failure.714,sec11-failure-registry,failure identity,runtime,RESOLVED,Actual 'Primary failure identity' cell value read literally from the table row (not inferred from numbering),1
E02-715,C10,c10.validation.715,sec9-field-bound-validation-registry,validation-to-failure citation,required,C10,c10.failure.715,sec11-failure-registry,failure identity,runtime,RESOLVED,Actual 'Primary failure identity' cell value read literally from the table row (not inferred from numbering),1
E02-716,C10,c10.validation.716,sec9-field-bound-validation-registry,validation-to-failure citation,required,C10,c10.failure.716,sec11-failure-registry,failure identity,runtime,RESOLVED,Actual 'Primary failure identity' cell value read literally from the table row (not inferred from numbering),1
E02-717,C10,c10.validation.717,sec9-field-bound-validation-registry,validation-to-failure citation,required,C10,c10.failure.717,sec11-failure-registry,failure identity,runtime,RESOLVED,Actual 'Primary failure identity' cell value read literally from the table row (not inferred from numbering),1
E02-718,C10,c10.validation.718,sec9-field-bound-validation-registry,validation-to-failure citation,required,C10,c10.failure.718,sec11-failure-registry,failure identity,runtime,RESOLVED,Actual 'Primary failure identity' cell value read literally from the table row (not inferred from numbering),1
E02-719,C10,c10.validation.719,sec9-field-bound-validation-registry,validation-to-failure citation,required,C10,c10.failure.719,sec11-failure-registry,failure identity,runtime,RESOLVED,Actual 'Primary failure identity' cell value read literally from the table row (not inferred from numbering),1
E02-720,C10,c10.validation.720,sec9-field-bound-validation-registry,validation-to-failure citation,required,C10,c10.failure.720,sec11-failure-registry,failure identity,runtime,RESOLVED,Actual 'Primary failure identity' cell value read literally from the table row (not inferred from numbering),1
E02-721,C10,c10.validation.721,sec9-field-bound-validation-registry,validation-to-failure citation,required,C10,c10.failure.721,sec11-failure-registry,failure identity,runtime,RESOLVED,Actual 'Primary failure identity' cell value read literally from the table row (not inferred from numbering),1
E02-722,C10,c10.validation.722,sec9-field-bound-validation-registry,validation-to-failure citation,required,C10,c10.failure.722,sec11-failure-registry,failure identity,runtime,RESOLVED,Actual 'Primary failure identity' cell value read literally from the table row (not inferred from numbering),1
E02-723,C10,c10.validation.723,sec9-field-bound-validation-registry,validation-to-failure citation,required,C10,c10.failure.723,sec11-failure-registry,failure identity,runtime,RESOLVED,Actual 'Primary failure identity' cell value read literally from the table row (not inferred from numbering),1
E02-724,C10,c10.validation.724,sec9-field-bound-validation-registry,validation-to-failure citation,required,C10,c10.failure.724,sec11-failure-registry,failure identity,runtime,RESOLVED,Actual 'Primary failure identity' cell value read literally from the table row (not inferred from numbering),1
E02-725,C10,c10.validation.725,sec9-field-bound-validation-registry,validation-to-failure citation,required,C10,c10.failure.725,sec11-failure-registry,failure identity,runtime,RESOLVED,Actual 'Primary failure identity' cell value read literally from the table row (not inferred from numbering),1
E02-730,C10,c10.validation.730,sec9-field-bound-validation-registry,validation-to-failure citation,required,C10,c10.failure.730,sec11-failure-registry,failure identity,runtime,RESOLVED,Actual 'Primary failure identity' cell value read literally from the table row (not inferred from numbering),1
E02-731,C10,c10.validation.731,sec9-field-bound-validation-registry,validation-to-failure citation,required,C10,c10.failure.731,sec11-failure-registry,failure identity,runtime,RESOLVED,Actual 'Primary failure identity' cell value read literally from the table row (not inferred from numbering),1
E02-732,C10,c10.validation.732,sec9-field-bound-validation-registry,validation-to-failure citation,required,C10,c10.failure.732,sec11-failure-registry,failure identity,runtime,RESOLVED,Actual 'Primary failure identity' cell value read literally from the table row (not inferred from numbering),1
E02-733,C10,c10.validation.733,sec9-field-bound-validation-registry,validation-to-failure citation,required,C10,c10.failure.733,sec11-failure-registry,failure identity,runtime,RESOLVED,Actual 'Primary failure identity' cell value read literally from the table row (not inferred from numbering),1
E02-734,C10,c10.validation.734,sec9-field-bound-validation-registry,validation-to-failure citation,required,C10,c10.failure.734,sec11-failure-registry,failure identity,runtime,RESOLVED,Actual 'Primary failure identity' cell value read literally from the table row (not inferred from numbering),1
E02-735,C10,c10.validation.735,sec9-field-bound-validation-registry,validation-to-failure citation,required,C10,c10.failure.735,sec11-failure-registry,failure identity,runtime,RESOLVED,Actual 'Primary failure identity' cell value read literally from the table row (not inferred from numbering),1
E02-736,C10,c10.validation.736,sec9-field-bound-validation-registry,validation-to-failure citation,required,C10,c10.failure.736,sec11-failure-registry,failure identity,runtime,RESOLVED,Actual 'Primary failure identity' cell value read literally from the table row (not inferred from numbering),1
E02-737,C10,c10.validation.737,sec9-field-bound-validation-registry,validation-to-failure citation,required,C10,c10.failure.737,sec11-failure-registry,failure identity,runtime,RESOLVED,Actual 'Primary failure identity' cell value read literally from the table row (not inferred from numbering),1
E02-740,C10,c10.validation.740,sec9-field-bound-validation-registry,validation-to-failure citation,required,C10,c10.failure.740,sec11-failure-registry,failure identity,runtime,RESOLVED,Actual 'Primary failure identity' cell value read literally from the table row (not inferred from numbering),1
E02-741,C10,c10.validation.741,sec9-field-bound-validation-registry,validation-to-failure citation,required,C10,c10.failure.741,sec11-failure-registry,failure identity,runtime,RESOLVED,Actual 'Primary failure identity' cell value read literally from the table row (not inferred from numbering),1
E02-742,C10,c10.validation.742,sec9-field-bound-validation-registry,validation-to-failure citation,required,C10,c10.failure.742,sec11-failure-registry,failure identity,runtime,RESOLVED,Actual 'Primary failure identity' cell value read literally from the table row (not inferred from numbering),1
E02-743,C10,c10.validation.743,sec9-field-bound-validation-registry,validation-to-failure citation,required,C10,c10.failure.743,sec11-failure-registry,failure identity,runtime,RESOLVED,Actual 'Primary failure identity' cell value read literally from the table row (not inferred from numbering),1
E02-744,C10,c10.validation.744,sec9-field-bound-validation-registry,validation-to-failure citation,required,C10,c10.failure.744,sec11-failure-registry,failure identity,runtime,RESOLVED,Actual 'Primary failure identity' cell value read literally from the table row (not inferred from numbering),1
E02-745,C10,c10.validation.745,sec9-field-bound-validation-registry,validation-to-failure citation,required,C10,c10.failure.745,sec11-failure-registry,failure identity,runtime,RESOLVED,Actual 'Primary failure identity' cell value read literally from the table row (not inferred from numbering),1
E02-746,C10,c10.validation.746,sec9-field-bound-validation-registry,validation-to-failure citation,required,C10,c10.failure.746,sec11-failure-registry,failure identity,runtime,RESOLVED,Actual 'Primary failure identity' cell value read literally from the table row (not inferred from numbering),1
E02-747,C10,c10.validation.747,sec9-field-bound-validation-registry,validation-to-failure citation,required,C10,c10.failure.747,sec11-failure-registry,failure identity,runtime,RESOLVED,Actual 'Primary failure identity' cell value read literally from the table row (not inferred from numbering),1
E02-748,C10,c10.validation.748,sec9-field-bound-validation-registry,validation-to-failure citation,required,C10,c10.failure.748,sec11-failure-registry,failure identity,runtime,RESOLVED,Actual 'Primary failure identity' cell value read literally from the table row (not inferred from numbering),1
E02-749,C10,c10.validation.749,sec9-field-bound-validation-registry,validation-to-failure citation,required,C10,c10.failure.749,sec11-failure-registry,failure identity,runtime,RESOLVED,Actual 'Primary failure identity' cell value read literally from the table row (not inferred from numbering),1
E02-750,C10,c10.validation.750,sec9-field-bound-validation-registry,validation-to-failure citation,required,C10,c10.failure.750,sec11-failure-registry,failure identity,runtime,RESOLVED,Actual 'Primary failure identity' cell value read literally from the table row (not inferred from numbering),1
E02-751,C10,c10.validation.751,sec9-field-bound-validation-registry,validation-to-failure citation,required,C10,c10.failure.751,sec11-failure-registry,failure identity,runtime,RESOLVED,Actual 'Primary failure identity' cell value read literally from the table row (not inferred from numbering),1
E02-752,C10,c10.validation.752,sec9-field-bound-validation-registry,validation-to-failure citation,required,C10,c10.failure.752,sec11-failure-registry,failure identity,runtime,RESOLVED,Actual 'Primary failure identity' cell value read literally from the table row (not inferred from numbering),1
E02-753,C10,c10.validation.753,sec9-field-bound-validation-registry,validation-to-failure citation,required,C10,c10.failure.753,sec11-failure-registry,failure identity,runtime,RESOLVED,Actual 'Primary failure identity' cell value read literally from the table row (not inferred from numbering),1
E02-754,C10,c10.validation.754,sec9-field-bound-validation-registry,validation-to-failure citation,required,C10,c10.failure.754,sec11-failure-registry,failure identity,runtime,RESOLVED,Actual 'Primary failure identity' cell value read literally from the table row (not inferred from numbering),1
E02-755,C10,c10.validation.755,sec9-field-bound-validation-registry,validation-to-failure citation,required,C10,c10.failure.755,sec11-failure-registry,failure identity,runtime,RESOLVED,Actual 'Primary failure identity' cell value read literally from the table row (not inferred from numbering),1
E02-756,C10,c10.validation.756,sec9-field-bound-validation-registry,validation-to-failure citation,required,C10,c10.failure.756,sec11-failure-registry,failure identity,runtime,RESOLVED,Actual 'Primary failure identity' cell value read literally from the table row (not inferred from numbering),1
E02-757,C10,c10.validation.757,sec9-field-bound-validation-registry,validation-to-failure citation,required,C10,c10.failure.757,sec11-failure-registry,failure identity,runtime,RESOLVED,Actual 'Primary failure identity' cell value read literally from the table row (not inferred from numbering),1
E02-758,C10,c10.validation.758,sec9-field-bound-validation-registry,validation-to-failure citation,required,C10,c10.failure.758,sec11-failure-registry,failure identity,runtime,RESOLVED,Actual 'Primary failure identity' cell value read literally from the table row (not inferred from numbering),1
E02-759,C10,c10.validation.759,sec9-field-bound-validation-registry,validation-to-failure citation,required,C10,c10.failure.759,sec11-failure-registry,failure identity,runtime,RESOLVED,Actual 'Primary failure identity' cell value read literally from the table row (not inferred from numbering),1
E02-760,C10,c10.validation.760,sec9-field-bound-validation-registry,validation-to-failure citation,required,C10,c10.failure.760,sec11-failure-registry,failure identity,runtime,RESOLVED,Actual 'Primary failure identity' cell value read literally from the table row (not inferred from numbering),1
E02-761,C10,c10.validation.761,sec9-field-bound-validation-registry,validation-to-failure citation,required,C10,c10.failure.761,sec11-failure-registry,failure identity,runtime,RESOLVED,Actual 'Primary failure identity' cell value read literally from the table row (not inferred from numbering),1
E02-762,C10,c10.validation.762,sec9-field-bound-validation-registry,validation-to-failure citation,required,C10,c10.failure.762,sec11-failure-registry,failure identity,runtime,RESOLVED,Actual 'Primary failure identity' cell value read literally from the table row (not inferred from numbering),1
E02-763,C10,c10.validation.763,sec9-field-bound-validation-registry,validation-to-failure citation,required,C10,c10.failure.763,sec11-failure-registry,failure identity,runtime,RESOLVED,Actual 'Primary failure identity' cell value read literally from the table row (not inferred from numbering),1
E02-764,C10,c10.validation.764,sec9-field-bound-validation-registry,validation-to-failure citation,required,C10,c10.failure.764,sec11-failure-registry,failure identity,runtime,RESOLVED,Actual 'Primary failure identity' cell value read literally from the table row (not inferred from numbering),1
E02-765,C10,c10.validation.765,sec9-field-bound-validation-registry,validation-to-failure citation,required,C10,c10.failure.765,sec11-failure-registry,failure identity,runtime,RESOLVED,Actual 'Primary failure identity' cell value read literally from the table row (not inferred from numbering),1
E02-766,C10,c10.validation.766,sec9-field-bound-validation-registry,validation-to-failure citation,required,C10,c10.failure.766,sec11-failure-registry,failure identity,runtime,RESOLVED,Actual 'Primary failure identity' cell value read literally from the table row (not inferred from numbering),1
E02-767,C10,c10.validation.767,sec9-field-bound-validation-registry,validation-to-failure citation,required,C10,c10.failure.767,sec11-failure-registry,failure identity,runtime,RESOLVED,Actual 'Primary failure identity' cell value read literally from the table row (not inferred from numbering),1
E02-768,C10,c10.validation.768,sec9-field-bound-validation-registry,validation-to-failure citation,required,C10,c10.failure.768,sec11-failure-registry,failure identity,runtime,RESOLVED,Actual 'Primary failure identity' cell value read literally from the table row (not inferred from numbering),1
E02-769,C10,c10.validation.769,sec9-field-bound-validation-registry,validation-to-failure citation,required,C10,c10.failure.769,sec11-failure-registry,failure identity,runtime,RESOLVED,Actual 'Primary failure identity' cell value read literally from the table row (not inferred from numbering),1
E02-770,C10,c10.validation.770,sec9-field-bound-validation-registry,validation-to-failure citation,required,C10,c10.failure.770,sec11-failure-registry,failure identity,runtime,RESOLVED,Actual 'Primary failure identity' cell value read literally from the table row (not inferred from numbering),1
E02-771,C10,c10.validation.771,sec9-field-bound-validation-registry,validation-to-failure citation,required,C10,c10.failure.771,sec11-failure-registry,failure identity,runtime,RESOLVED,Actual 'Primary failure identity' cell value read literally from the table row (not inferred from numbering),1
E02-772,C10,c10.validation.772,sec9-field-bound-validation-registry,validation-to-failure citation,required,C10,c10.failure.772,sec11-failure-registry,failure identity,runtime,RESOLVED,Actual 'Primary failure identity' cell value read literally from the table row (not inferred from numbering),1
E02-773,C10,c10.validation.773,sec9-field-bound-validation-registry,validation-to-failure citation,required,C10,c10.failure.773,sec11-failure-registry,failure identity,runtime,RESOLVED,Actual 'Primary failure identity' cell value read literally from the table row (not inferred from numbering),1
E02-774,C10,c10.validation.774,sec9-field-bound-validation-registry,validation-to-failure citation,required,C10,c10.failure.774,sec11-failure-registry,failure identity,runtime,RESOLVED,Actual 'Primary failure identity' cell value read literally from the table row (not inferred from numbering),1
E02-775,C10,c10.validation.775,sec9-field-bound-validation-registry,validation-to-failure citation,required,C10,c10.failure.775,sec11-failure-registry,failure identity,runtime,RESOLVED,Actual 'Primary failure identity' cell value read literally from the table row (not inferred from numbering),1
E02-776,C10,c10.validation.776,sec9-field-bound-validation-registry,validation-to-failure citation,required,C10,c10.failure.776,sec11-failure-registry,failure identity,runtime,RESOLVED,Actual 'Primary failure identity' cell value read literally from the table row (not inferred from numbering),1
E02-777,C10,c10.validation.777,sec9-field-bound-validation-registry,validation-to-failure citation,required,C10,c10.failure.777,sec11-failure-registry,failure identity,runtime,RESOLVED,Actual 'Primary failure identity' cell value read literally from the table row (not inferred from numbering),1
E02-778,C10,c10.validation.778,sec9-field-bound-validation-registry,validation-to-failure citation,required,C10,c10.failure.778,sec11-failure-registry,failure identity,runtime,RESOLVED,Actual 'Primary failure identity' cell value read literally from the table row (not inferred from numbering),1
E02-779,C10,c10.validation.779,sec9-field-bound-validation-registry,validation-to-failure citation,required,C10,c10.failure.779,sec11-failure-registry,failure identity,runtime,RESOLVED,Actual 'Primary failure identity' cell value read literally from the table row (not inferred from numbering),1
E02-780,C10,c10.validation.780,sec9-field-bound-validation-registry,validation-to-failure citation,required,C10,c10.failure.780,sec11-failure-registry,failure identity,runtime,RESOLVED,Actual 'Primary failure identity' cell value read literally from the table row (not inferred from numbering),1
E02-781,C10,c10.validation.781,sec9-field-bound-validation-registry,validation-to-failure citation,required,C10,c10.failure.781,sec11-failure-registry,failure identity,runtime,RESOLVED,Actual 'Primary failure identity' cell value read literally from the table row (not inferred from numbering),1
E02-782,C10,c10.validation.782,sec9-field-bound-validation-registry,validation-to-failure citation,required,C10,c10.failure.782,sec11-failure-registry,failure identity,runtime,RESOLVED,Actual 'Primary failure identity' cell value read literally from the table row (not inferred from numbering),1
E02-783,C10,c10.validation.783,sec9-field-bound-validation-registry,validation-to-failure citation,required,C10,c10.failure.783,sec11-failure-registry,failure identity,runtime,RESOLVED,Actual 'Primary failure identity' cell value read literally from the table row (not inferred from numbering),1
E02-784,C10,c10.validation.784,sec9-field-bound-validation-registry,validation-to-failure citation,required,C10,c10.failure.784,sec11-failure-registry,failure identity,runtime,RESOLVED,Actual 'Primary failure identity' cell value read literally from the table row (not inferred from numbering),1
E02-785,C10,c10.validation.785,sec9-field-bound-validation-registry,validation-to-failure citation,required,C10,c10.failure.785,sec11-failure-registry,failure identity,runtime,RESOLVED,Actual 'Primary failure identity' cell value read literally from the table row (not inferred from numbering),1
E02-786,C10,c10.validation.786,sec9-field-bound-validation-registry,validation-to-failure citation,required,C10,c10.failure.786,sec11-failure-registry,failure identity,runtime,RESOLVED,Actual 'Primary failure identity' cell value read literally from the table row (not inferred from numbering),1
E02-787,C10,c10.validation.787,sec9-field-bound-validation-registry,validation-to-failure citation,required,C10,c10.failure.787,sec11-failure-registry,failure identity,runtime,RESOLVED,Actual 'Primary failure identity' cell value read literally from the table row (not inferred from numbering),1
E02-788,C10,c10.validation.788,sec9-field-bound-validation-registry,validation-to-failure citation,required,C10,c10.failure.788,sec11-failure-registry,failure identity,runtime,RESOLVED,Actual 'Primary failure identity' cell value read literally from the table row (not inferred from numbering),1
E02-789,C10,c10.validation.789,sec9-field-bound-validation-registry,validation-to-failure citation,required,C10,c10.failure.789,sec11-failure-registry,failure identity,runtime,RESOLVED,Actual 'Primary failure identity' cell value read literally from the table row (not inferred from numbering),1
E02-790,C10,c10.validation.790,sec9-field-bound-validation-registry,validation-to-failure citation,required,C10,c10.failure.790,sec11-failure-registry,failure identity,runtime,RESOLVED,Actual 'Primary failure identity' cell value read literally from the table row (not inferred from numbering),1
E02-791,C10,c10.validation.791,sec9-field-bound-validation-registry,validation-to-failure citation,required,C10,c10.failure.791,sec11-failure-registry,failure identity,runtime,RESOLVED,Actual 'Primary failure identity' cell value read literally from the table row (not inferred from numbering),1
E02-792,C10,c10.validation.792,sec9-field-bound-validation-registry,validation-to-failure citation,required,C10,c10.failure.792,sec11-failure-registry,failure identity,runtime,RESOLVED,Actual 'Primary failure identity' cell value read literally from the table row (not inferred from numbering),1
E02-800,C10,c10.validation.800,sec9-field-bound-validation-registry,validation-to-failure citation,required,C10,c10.failure.800,sec11-failure-registry,failure identity,runtime,RESOLVED,Actual 'Primary failure identity' cell value read literally from the table row (not inferred from numbering),1
E02-801,C10,c10.validation.801,sec9-field-bound-validation-registry,validation-to-failure citation,required,C10,c10.failure.801,sec11-failure-registry,failure identity,runtime,RESOLVED,Actual 'Primary failure identity' cell value read literally from the table row (not inferred from numbering),1
E02-802,C10,c10.validation.802,sec9-field-bound-validation-registry,validation-to-failure citation,required,C10,c10.failure.802,sec11-failure-registry,failure identity,runtime,RESOLVED,Actual 'Primary failure identity' cell value read literally from the table row (not inferred from numbering),1
E02-803,C10,c10.validation.803,sec9-field-bound-validation-registry,validation-to-failure citation,required,C10,c10.failure.803,sec11-failure-registry,failure identity,runtime,RESOLVED,Actual 'Primary failure identity' cell value read literally from the table row (not inferred from numbering),1
E02-804,C10,c10.validation.804,sec9-field-bound-validation-registry,validation-to-failure citation,required,C10,c10.failure.804,sec11-failure-registry,failure identity,runtime,RESOLVED,Actual 'Primary failure identity' cell value read literally from the table row (not inferred from numbering),1
E02-805,C10,c10.validation.805,sec9-field-bound-validation-registry,validation-to-failure citation,required,C10,c10.failure.805,sec11-failure-registry,failure identity,runtime,RESOLVED,Actual 'Primary failure identity' cell value read literally from the table row (not inferred from numbering),1
E02-806,C10,c10.validation.806,sec9-field-bound-validation-registry,validation-to-failure citation,required,C10,c10.failure.806,sec11-failure-registry,failure identity,runtime,RESOLVED,Actual 'Primary failure identity' cell value read literally from the table row (not inferred from numbering),1
E02-807,C10,c10.validation.807,sec9-field-bound-validation-registry,validation-to-failure citation,required,C10,c10.failure.807,sec11-failure-registry,failure identity,runtime,RESOLVED,Actual 'Primary failure identity' cell value read literally from the table row (not inferred from numbering),1
E02-808,C10,c10.validation.808,sec9-field-bound-validation-registry,validation-to-failure citation,required,C10,c10.failure.808,sec11-failure-registry,failure identity,runtime,RESOLVED,Actual 'Primary failure identity' cell value read literally from the table row (not inferred from numbering),1
E02-809,C10,c10.validation.809,sec9-field-bound-validation-registry,validation-to-failure citation,required,C10,c10.failure.809,sec11-failure-registry,failure identity,runtime,RESOLVED,Actual 'Primary failure identity' cell value read literally from the table row (not inferred from numbering),1
E02-810,C10,c10.validation.810,sec9-field-bound-validation-registry,validation-to-failure citation,required,C10,c10.failure.810,sec11-failure-registry,failure identity,runtime,RESOLVED,Actual 'Primary failure identity' cell value read literally from the table row (not inferred from numbering),1
E02-811,C10,c10.validation.811,sec9-field-bound-validation-registry,validation-to-failure citation,required,C10,c10.failure.811,sec11-failure-registry,failure identity,runtime,RESOLVED,Actual 'Primary failure identity' cell value read literally from the table row (not inferred from numbering),1
E02-812,C10,c10.validation.812,sec9-field-bound-validation-registry,validation-to-failure citation,required,C10,c10.failure.812,sec11-failure-registry,failure identity,runtime,RESOLVED,Actual 'Primary failure identity' cell value read literally from the table row (not inferred from numbering),1
E02-813,C10,c10.validation.813,sec9-field-bound-validation-registry,validation-to-failure citation,required,C10,c10.failure.813,sec11-failure-registry,failure identity,runtime,RESOLVED,Actual 'Primary failure identity' cell value read literally from the table row (not inferred from numbering),1
E02-814,C10,c10.validation.814,sec9-field-bound-validation-registry,validation-to-failure citation,required,C10,c10.failure.814,sec11-failure-registry,failure identity,runtime,RESOLVED,Actual 'Primary failure identity' cell value read literally from the table row (not inferred from numbering),1
E02-815,C10,c10.validation.815,sec9-field-bound-validation-registry,validation-to-failure citation,required,C10,c10.failure.815,sec11-failure-registry,failure identity,runtime,RESOLVED,Actual 'Primary failure identity' cell value read literally from the table row (not inferred from numbering),1
E02-816,C10,c10.validation.816,sec9-field-bound-validation-registry,validation-to-failure citation,required,C10,c10.failure.816,sec11-failure-registry,failure identity,runtime,RESOLVED,Actual 'Primary failure identity' cell value read literally from the table row (not inferred from numbering),1
E02-817,C10,c10.validation.817,sec9-field-bound-validation-registry,validation-to-failure citation,required,C10,c10.failure.817,sec11-failure-registry,failure identity,runtime,RESOLVED,Actual 'Primary failure identity' cell value read literally from the table row (not inferred from numbering),1
E02-818,C10,c10.validation.818,sec9-field-bound-validation-registry,validation-to-failure citation,required,C10,c10.failure.818,sec11-failure-registry,failure identity,runtime,RESOLVED,Actual 'Primary failure identity' cell value read literally from the table row (not inferred from numbering),1
E02-819,C10,c10.validation.819,sec9-field-bound-validation-registry,validation-to-failure citation,required,C10,c10.failure.819,sec11-failure-registry,failure identity,runtime,RESOLVED,Actual 'Primary failure identity' cell value read literally from the table row (not inferred from numbering),1
E02-820,C10,c10.validation.820,sec9-field-bound-validation-registry,validation-to-failure citation,required,C10,c10.failure.820,sec11-failure-registry,failure identity,runtime,RESOLVED,Actual 'Primary failure identity' cell value read literally from the table row (not inferred from numbering),1
E02-821,C10,c10.validation.821,sec9-field-bound-validation-registry,validation-to-failure citation,required,C10,c10.failure.821,sec11-failure-registry,failure identity,runtime,RESOLVED,Actual 'Primary failure identity' cell value read literally from the table row (not inferred from numbering),1
E02-822,C10,c10.validation.822,sec9-field-bound-validation-registry,validation-to-failure citation,required,C10,c10.failure.822,sec11-failure-registry,failure identity,runtime,RESOLVED,Actual 'Primary failure identity' cell value read literally from the table row (not inferred from numbering),1
E02-823,C10,c10.validation.823,sec9-field-bound-validation-registry,validation-to-failure citation,required,C10,c10.failure.823,sec11-failure-registry,failure identity,runtime,RESOLVED,Actual 'Primary failure identity' cell value read literally from the table row (not inferred from numbering),1
E02-824,C10,c10.validation.824,sec9-field-bound-validation-registry,validation-to-failure citation,required,C10,c10.failure.824,sec11-failure-registry,failure identity,runtime,RESOLVED,Actual 'Primary failure identity' cell value read literally from the table row (not inferred from numbering),1
E02-825,C10,c10.validation.825,sec9-field-bound-validation-registry,validation-to-failure citation,required,C10,c10.failure.825,sec11-failure-registry,failure identity,runtime,RESOLVED,Actual 'Primary failure identity' cell value read literally from the table row (not inferred from numbering),1
E02-826,C10,c10.validation.826,sec9-field-bound-validation-registry,validation-to-failure citation,required,C10,c10.failure.826,sec11-failure-registry,failure identity,runtime,RESOLVED,Actual 'Primary failure identity' cell value read literally from the table row (not inferred from numbering),1
E02-827,C10,c10.validation.827,sec9-field-bound-validation-registry,validation-to-failure citation,required,C10,c10.failure.827,sec11-failure-registry,failure identity,runtime,RESOLVED,Actual 'Primary failure identity' cell value read literally from the table row (not inferred from numbering),1
E02-828,C10,c10.validation.828,sec9-field-bound-validation-registry,validation-to-failure citation,required,C10,c10.failure.828,sec11-failure-registry,failure identity,runtime,RESOLVED,Actual 'Primary failure identity' cell value read literally from the table row (not inferred from numbering),1
E02-829,C10,c10.validation.829,sec9-field-bound-validation-registry,validation-to-failure citation,required,C10,c10.failure.829,sec11-failure-registry,failure identity,runtime,RESOLVED,Actual 'Primary failure identity' cell value read literally from the table row (not inferred from numbering),1
E02-900,C10,c10.validation.900,sec9-field-bound-validation-registry,validation-to-failure citation,required,C10,c10.failure.900,sec11-failure-registry,failure identity,runtime,RESOLVED,Actual 'Primary failure identity' cell value read literally from the table row (not inferred from numbering),1
E02-901,C10,c10.validation.901,sec9-field-bound-validation-registry,validation-to-failure citation,required,C10,c10.failure.901,sec11-failure-registry,failure identity,runtime,RESOLVED,Actual 'Primary failure identity' cell value read literally from the table row (not inferred from numbering),1
E02-902,C10,c10.validation.902,sec9-field-bound-validation-registry,validation-to-failure citation,required,C10,c10.failure.902,sec11-failure-registry,failure identity,runtime,RESOLVED,Actual 'Primary failure identity' cell value read literally from the table row (not inferred from numbering),1
E02-903,C10,c10.validation.903,sec9-field-bound-validation-registry,validation-to-failure citation,required,C10,c10.failure.903,sec11-failure-registry,failure identity,runtime,RESOLVED,Actual 'Primary failure identity' cell value read literally from the table row (not inferred from numbering),1
E02-904,C10,c10.validation.904,sec9-field-bound-validation-registry,validation-to-failure citation,required,C10,c10.failure.904,sec11-failure-registry,failure identity,runtime,RESOLVED,Actual 'Primary failure identity' cell value read literally from the table row (not inferred from numbering),1
E02-905,C10,c10.validation.905,sec9-field-bound-validation-registry,validation-to-failure citation,required,C10,c10.failure.905,sec11-failure-registry,failure identity,runtime,RESOLVED,Actual 'Primary failure identity' cell value read literally from the table row (not inferred from numbering),1
E02-906,C10,c10.validation.906,sec9-field-bound-validation-registry,validation-to-failure citation,required,C10,c10.failure.906,sec11-failure-registry,failure identity,runtime,RESOLVED,Actual 'Primary failure identity' cell value read literally from the table row (not inferred from numbering),1
E02-907,C10,c10.validation.907,sec9-field-bound-validation-registry,validation-to-failure citation,required,C10,c10.failure.907,sec11-failure-registry,failure identity,runtime,RESOLVED,Actual 'Primary failure identity' cell value read literally from the table row (not inferred from numbering),1
E02-908,C10,c10.validation.908,sec9-field-bound-validation-registry,validation-to-failure citation,required,C10,c10.failure.908,sec11-failure-registry,failure identity,runtime,RESOLVED,Actual 'Primary failure identity' cell value read literally from the table row (not inferred from numbering),1
E02-909,C10,c10.validation.909,sec9-field-bound-validation-registry,validation-to-failure citation,required,C10,c10.failure.909,sec11-failure-registry,failure identity,runtime,RESOLVED,Actual 'Primary failure identity' cell value read literally from the table row (not inferred from numbering),1
E02-910,C10,c10.validation.910,sec9-field-bound-validation-registry,validation-to-failure citation,required,C10,c10.failure.910,sec11-failure-registry,failure identity,runtime,RESOLVED,Actual 'Primary failure identity' cell value read literally from the table row (not inferred from numbering),1
E02-911,C10,c10.validation.911,sec9-field-bound-validation-registry,validation-to-failure citation,required,C10,c10.failure.911,sec11-failure-registry,failure identity,runtime,RESOLVED,Actual 'Primary failure identity' cell value read literally from the table row (not inferred from numbering),1
E02-912,C10,c10.validation.912,sec9-field-bound-validation-registry,validation-to-failure citation,required,C10,c10.failure.912,sec11-failure-registry,failure identity,runtime,RESOLVED,Actual 'Primary failure identity' cell value read literally from the table row (not inferred from numbering),1
E02-913,C10,c10.validation.913,sec9-field-bound-validation-registry,validation-to-failure citation,required,C10,c10.failure.913,sec11-failure-registry,failure identity,runtime,RESOLVED,Actual 'Primary failure identity' cell value read literally from the table row (not inferred from numbering),1
E02-914,C10,c10.validation.914,sec9-field-bound-validation-registry,validation-to-failure citation,required,C10,c10.failure.914,sec11-failure-registry,failure identity,runtime,RESOLVED,Actual 'Primary failure identity' cell value read literally from the table row (not inferred from numbering),1
E02-915,C10,c10.validation.915,sec9-field-bound-validation-registry,validation-to-failure citation,required,C10,c10.failure.915,sec11-failure-registry,failure identity,runtime,RESOLVED,Actual 'Primary failure identity' cell value read literally from the table row (not inferred from numbering),1
E02-916,C10,c10.validation.916,sec9-field-bound-validation-registry,validation-to-failure citation,required,C10,c10.failure.916,sec11-failure-registry,failure identity,runtime,RESOLVED,Actual 'Primary failure identity' cell value read literally from the table row (not inferred from numbering),1
E02-917,C10,c10.validation.917,sec9-field-bound-validation-registry,validation-to-failure citation,required,C10,c10.failure.917,sec11-failure-registry,failure identity,runtime,RESOLVED,Actual 'Primary failure identity' cell value read literally from the table row (not inferred from numbering),1
E02-918,C10,c10.validation.918,sec9-field-bound-validation-registry,validation-to-failure citation,required,C10,c10.failure.918,sec11-failure-registry,failure identity,runtime,RESOLVED,Actual 'Primary failure identity' cell value read literally from the table row (not inferred from numbering),1
E02-920,C10,c10.validation.920,sec9-field-bound-validation-registry,validation-to-failure citation,required,C10,c10.failure.920,sec11-failure-registry,failure identity,runtime,RESOLVED,Actual 'Primary failure identity' cell value read literally from the table row (not inferred from numbering),1
E02-921,C10,c10.validation.921,sec9-field-bound-validation-registry,validation-to-failure citation,required,C10,c10.failure.921,sec11-failure-registry,failure identity,runtime,RESOLVED,Actual 'Primary failure identity' cell value read literally from the table row (not inferred from numbering),1
E02-922,C10,c10.validation.922,sec9-field-bound-validation-registry,validation-to-failure citation,required,C10,c10.failure.922,sec11-failure-registry,failure identity,runtime,RESOLVED,Actual 'Primary failure identity' cell value read literally from the table row (not inferred from numbering),1
E02-923,C10,c10.validation.923,sec9-field-bound-validation-registry,validation-to-failure citation,required,C10,c10.failure.923,sec11-failure-registry,failure identity,runtime,RESOLVED,Actual 'Primary failure identity' cell value read literally from the table row (not inferred from numbering),1
E02-924,C10,c10.validation.924,sec9-field-bound-validation-registry,validation-to-failure citation,required,C10,c10.failure.924,sec11-failure-registry,failure identity,runtime,RESOLVED,Actual 'Primary failure identity' cell value read literally from the table row (not inferred from numbering),1
E02-925,C10,c10.validation.925,sec9-field-bound-validation-registry,validation-to-failure citation,required,C10,c10.failure.925,sec11-failure-registry,failure identity,runtime,RESOLVED,Actual 'Primary failure identity' cell value read literally from the table row (not inferred from numbering),1
E02-926,C10,c10.validation.926,sec9-field-bound-validation-registry,validation-to-failure citation,required,C10,c10.failure.926,sec11-failure-registry,failure identity,runtime,RESOLVED,Actual 'Primary failure identity' cell value read literally from the table row (not inferred from numbering),1
E02-927,C10,c10.validation.927,sec9-field-bound-validation-registry,validation-to-failure citation,required,C10,c10.failure.927,sec11-failure-registry,failure identity,runtime,RESOLVED,Actual 'Primary failure identity' cell value read literally from the table row (not inferred from numbering),1
E02-928,C10,c10.validation.928,sec9-field-bound-validation-registry,validation-to-failure citation,required,C10,c10.failure.928,sec11-failure-registry,failure identity,runtime,RESOLVED,Actual 'Primary failure identity' cell value read literally from the table row (not inferred from numbering),1
E02-929,C10,c10.validation.929,sec9-field-bound-validation-registry,validation-to-failure citation,required,C10,c10.failure.929,sec11-failure-registry,failure identity,runtime,RESOLVED,Actual 'Primary failure identity' cell value read literally from the table row (not inferred from numbering),1
E02-950,C10,c10.validation.950,sec9-field-bound-validation-registry,validation-to-failure citation,required,C10,c10.failure.950,sec11-failure-registry,failure identity,runtime,RESOLVED,Actual 'Primary failure identity' cell value read literally from the table row (not inferred from numbering),1
E02-951,C10,c10.validation.951,sec9-field-bound-validation-registry,validation-to-failure citation,required,C10,c10.failure.951,sec11-failure-registry,failure identity,runtime,RESOLVED,Actual 'Primary failure identity' cell value read literally from the table row (not inferred from numbering),1
E02-952,C10,c10.validation.952,sec9-field-bound-validation-registry,validation-to-failure citation,required,C10,c10.failure.952,sec11-failure-registry,failure identity,runtime,RESOLVED,Actual 'Primary failure identity' cell value read literally from the table row (not inferred from numbering),1
E02-953,C10,c10.validation.953,sec9-field-bound-validation-registry,validation-to-failure citation,required,C10,c10.failure.953,sec11-failure-registry,failure identity,runtime,RESOLVED,Actual 'Primary failure identity' cell value read literally from the table row (not inferred from numbering),1
E02-954,C10,c10.validation.954,sec9-field-bound-validation-registry,validation-to-failure citation,required,C10,c10.failure.954,sec11-failure-registry,failure identity,runtime,RESOLVED,Actual 'Primary failure identity' cell value read literally from the table row (not inferred from numbering),1
E02-955,C10,c10.validation.955,sec9-field-bound-validation-registry,validation-to-failure citation,required,C10,c10.failure.955,sec11-failure-registry,failure identity,runtime,RESOLVED,Actual 'Primary failure identity' cell value read literally from the table row (not inferred from numbering),1
E02-956,C10,c10.validation.956,sec9-field-bound-validation-registry,validation-to-failure citation,required,C10,c10.failure.956,sec11-failure-registry,failure identity,runtime,RESOLVED,Actual 'Primary failure identity' cell value read literally from the table row (not inferred from numbering),1
E02-957,C10,c10.validation.957,sec9-field-bound-validation-registry,validation-to-failure citation,required,C10,c10.failure.957,sec11-failure-registry,failure identity,runtime,RESOLVED,Actual 'Primary failure identity' cell value read literally from the table row (not inferred from numbering),1
E02-958,C10,c10.validation.958,sec9-field-bound-validation-registry,validation-to-failure citation,required,C10,c10.failure.958,sec11-failure-registry,failure identity,runtime,RESOLVED,Actual 'Primary failure identity' cell value read literally from the table row (not inferred from numbering),1
E02-959,C10,c10.validation.959,sec9-field-bound-validation-registry,validation-to-failure citation,required,C10,c10.failure.959,sec11-failure-registry,failure identity,runtime,RESOLVED,Actual 'Primary failure identity' cell value read literally from the table row (not inferred from numbering),1
E02-960,C10,c10.validation.960,sec9-field-bound-validation-registry,validation-to-failure citation,required,C10,c10.failure.960,sec11-failure-registry,failure identity,runtime,RESOLVED,Actual 'Primary failure identity' cell value read literally from the table row (not inferred from numbering),1
E02-961,C10,c10.validation.961,sec9-field-bound-validation-registry,validation-to-failure citation,required,C10,c10.failure.961,sec11-failure-registry,failure identity,runtime,RESOLVED,Actual 'Primary failure identity' cell value read literally from the table row (not inferred from numbering),1
E02-962,C10,c10.validation.962,sec9-field-bound-validation-registry,validation-to-failure citation,required,C10,c10.failure.962,sec11-failure-registry,failure identity,runtime,RESOLVED,Actual 'Primary failure identity' cell value read literally from the table row (not inferred from numbering),1
E02-963,C10,c10.validation.963,sec9-field-bound-validation-registry,validation-to-failure citation,required,C10,c10.failure.963,sec11-failure-registry,failure identity,runtime,RESOLVED,Actual 'Primary failure identity' cell value read literally from the table row (not inferred from numbering),1
E02-964,C10,c10.validation.964,sec9-field-bound-validation-registry,validation-to-failure citation,required,C10,c10.failure.964,sec11-failure-registry,failure identity,runtime,RESOLVED,Actual 'Primary failure identity' cell value read literally from the table row (not inferred from numbering),1
E02-965,C10,c10.validation.965,sec9-field-bound-validation-registry,validation-to-failure citation,required,C10,c10.failure.965,sec11-failure-registry,failure identity,runtime,RESOLVED,Actual 'Primary failure identity' cell value read literally from the table row (not inferred from numbering),1
E02-966,C10,c10.validation.966,sec9-field-bound-validation-registry,validation-to-failure citation,required,C10,c10.failure.966,sec11-failure-registry,failure identity,runtime,RESOLVED,Actual 'Primary failure identity' cell value read literally from the table row (not inferred from numbering),1
E02-967,C10,c10.validation.967,sec9-field-bound-validation-registry,validation-to-failure citation,required,C10,c10.failure.967,sec11-failure-registry,failure identity,runtime,RESOLVED,Actual 'Primary failure identity' cell value read literally from the table row (not inferred from numbering),1
E02-968,C10,c10.validation.968,sec9-field-bound-validation-registry,validation-to-failure citation,required,C10,c10.failure.968,sec11-failure-registry,failure identity,runtime,RESOLVED,Actual 'Primary failure identity' cell value read literally from the table row (not inferred from numbering),1
E02-969,C10,c10.validation.969,sec9-field-bound-validation-registry,validation-to-failure citation,required,C10,c10.failure.969,sec11-failure-registry,failure identity,runtime,RESOLVED,Actual 'Primary failure identity' cell value read literally from the table row (not inferred from numbering),1
E02-S001,C10,c10.validation.S001,sec10-cross-field-lifecycle-validation-registry,standalone-validation-to-failure citation,required,C10,c10.failure.S001,sec11-failure-registry,failure identity,runtime,RESOLVED,Actual cell value read literally,1
E02-S002,C10,c10.validation.S002,sec10-cross-field-lifecycle-validation-registry,standalone-validation-to-failure citation,required,C10,c10.failure.S002,sec11-failure-registry,failure identity,runtime,RESOLVED,Actual cell value read literally,1
E02-S003,C10,c10.validation.S003,sec10-cross-field-lifecycle-validation-registry,standalone-validation-to-failure citation,required,C10,c10.failure.S003,sec11-failure-registry,failure identity,runtime,RESOLVED,Actual cell value read literally,1
E02-S004,C10,c10.validation.S004,sec10-cross-field-lifecycle-validation-registry,standalone-validation-to-failure citation,required,C10,c10.failure.S004,sec11-failure-registry,failure identity,runtime,RESOLVED,Actual cell value read literally,1
E02-S005,C10,c10.validation.S005,sec10-cross-field-lifecycle-validation-registry,standalone-validation-to-failure citation,required,C10,c10.failure.S005,sec11-failure-registry,failure identity,runtime,RESOLVED,Actual cell value read literally,1
E02-S006,C10,c10.validation.S006,sec10-cross-field-lifecycle-validation-registry,standalone-validation-to-failure citation,required,C10,c10.failure.S006,sec11-failure-registry,failure identity,runtime,RESOLVED,Actual cell value read literally,1
E02-S007,C10,c10.validation.S007,sec10-cross-field-lifecycle-validation-registry,standalone-validation-to-failure citation,required,C10,c10.failure.S007,sec11-failure-registry,failure identity,runtime,RESOLVED,Actual cell value read literally,1
E02-S008,C10,c10.validation.S008,sec10-cross-field-lifecycle-validation-registry,standalone-validation-to-failure citation,required,C10,c10.failure.S008,sec11-failure-registry,failure identity,runtime,RESOLVED,Actual cell value read literally,1
E02-S009,C10,c10.validation.S009,sec10-cross-field-lifecycle-validation-registry,standalone-validation-to-failure citation,required,C10,c10.failure.S009,sec11-failure-registry,failure identity,runtime,RESOLVED,Actual cell value read literally,1
E02-S010,C10,c10.validation.S010,sec10-cross-field-lifecycle-validation-registry,standalone-validation-to-failure citation,required,C10,c10.failure.S010,sec11-failure-registry,failure identity,runtime,RESOLVED,Actual cell value read literally,1
E02-S011,C10,c10.validation.S011,sec10-cross-field-lifecycle-validation-registry,standalone-validation-to-failure citation,required,C10,c10.failure.S011,sec11-failure-registry,failure identity,runtime,RESOLVED,Actual cell value read literally,1
E02-S012,C10,c10.validation.S012,sec10-cross-field-lifecycle-validation-registry,standalone-validation-to-failure citation,required,C10,c10.failure.S012,sec11-failure-registry,failure identity,runtime,RESOLVED,Actual cell value read literally,1
E02-S013,C10,c10.validation.S013,sec10-cross-field-lifecycle-validation-registry,standalone-validation-to-failure citation,required,C10,c10.failure.S013,sec11-failure-registry,failure identity,runtime,RESOLVED,Actual cell value read literally,1
E02-S014,C10,c10.validation.S014,sec10-cross-field-lifecycle-validation-registry,standalone-validation-to-failure citation,required,C10,c10.failure.S014,sec11-failure-registry,failure identity,runtime,RESOLVED,Actual cell value read literally,1
E02-S015,C10,c10.validation.S015,sec10-cross-field-lifecycle-validation-registry,standalone-validation-to-failure citation,required,C10,c10.failure.S015,sec11-failure-registry,failure identity,runtime,RESOLVED,Actual cell value read literally,1
E02-S016,C10,c10.validation.S016,sec10-cross-field-lifecycle-validation-registry,standalone-validation-to-failure citation,required,C10,c10.failure.S016,sec11-failure-registry,failure identity,runtime,RESOLVED,Actual cell value read literally,1
E02-S017,C10,c10.validation.S017,sec10-cross-field-lifecycle-validation-registry,standalone-validation-to-failure citation,required,C10,c10.failure.S017,sec11-failure-registry,failure identity,runtime,RESOLVED,Actual cell value read literally,1
E02-S018,C10,c10.validation.S018,sec10-cross-field-lifecycle-validation-registry,standalone-validation-to-failure citation,required,C10,c10.failure.S018,sec11-failure-registry,failure identity,runtime,RESOLVED,Actual cell value read literally,1
E02-S019,C10,c10.validation.S019,sec10-cross-field-lifecycle-validation-registry,standalone-validation-to-failure citation,required,C10,c10.failure.S019,sec11-failure-registry,failure identity,runtime,RESOLVED,Actual cell value read literally,1
E02-S020,C10,c10.validation.S020,sec10-cross-field-lifecycle-validation-registry,standalone-validation-to-failure citation,required,C10,c10.failure.S020,sec11-failure-registry,failure identity,runtime,RESOLVED,Actual cell value read literally,1
E02-S021,C10,c10.validation.S021,sec10-cross-field-lifecycle-validation-registry,standalone-validation-to-failure citation,required,C10,c10.failure.S021,sec11-failure-registry,failure identity,runtime,RESOLVED,Actual cell value read literally,1
E02-S022,C10,c10.validation.S022,sec10-cross-field-lifecycle-validation-registry,standalone-validation-to-failure citation,required,C10,c10.failure.S022,sec11-failure-registry,failure identity,runtime,RESOLVED,Actual cell value read literally,1
E02-S023,C10,c10.validation.S023,sec10-cross-field-lifecycle-validation-registry,standalone-validation-to-failure citation,required,C10,c10.failure.S023,sec11-failure-registry,failure identity,runtime,RESOLVED,Actual cell value read literally,1
E02-S024,C10,c10.validation.S024,sec10-cross-field-lifecycle-validation-registry,standalone-validation-to-failure citation,required,C10,c10.failure.S024,sec11-failure-registry,failure identity,runtime,RESOLVED,Actual cell value read literally,1
E02-S025,C10,c10.validation.S025,sec10-cross-field-lifecycle-validation-registry,standalone-validation-to-failure citation,required,C10,c10.failure.S025,sec11-failure-registry,failure identity,runtime,RESOLVED,Actual cell value read literally,1
E02-S026,C10,c10.validation.S026,sec10-cross-field-lifecycle-validation-registry,standalone-validation-to-failure citation,required,C10,c10.failure.S026,sec11-failure-registry,failure identity,runtime,RESOLVED,Actual cell value read literally,1
E02-S027,C10,c10.validation.S027,sec10-cross-field-lifecycle-validation-registry,standalone-validation-to-failure citation,required,C10,c10.failure.S027,sec11-failure-registry,failure identity,runtime,RESOLVED,Actual cell value read literally,1
E02-S028,C10,c10.validation.S028,sec10-cross-field-lifecycle-validation-registry,standalone-validation-to-failure citation,required,C10,c10.failure.S028,sec11-failure-registry,failure identity,runtime,RESOLVED,Actual cell value read literally,1
E02-S029,C10,c10.validation.S029,sec10-cross-field-lifecycle-validation-registry,standalone-validation-to-failure citation,required,C10,c10.failure.S029,sec11-failure-registry,failure identity,runtime,RESOLVED,Actual cell value read literally,1
E02-S030,C10,c10.validation.S030,sec10-cross-field-lifecycle-validation-registry,standalone-validation-to-failure citation,required,C10,c10.failure.S030,sec11-failure-registry,failure identity,runtime,RESOLVED,Actual cell value read literally,1
E02-S031,C10,c10.validation.S031,sec10-cross-field-lifecycle-validation-registry,standalone-validation-to-failure citation,required,C10,c10.failure.S031,sec11-failure-registry,failure identity,runtime,RESOLVED,Actual cell value read literally,1
E02-S032,C10,c10.validation.S032,sec10-cross-field-lifecycle-validation-registry,standalone-validation-to-failure citation,required,C10,c10.failure.S032,sec11-failure-registry,failure identity,runtime,RESOLVED,Actual cell value read literally,1
E02-S033,C10,c10.validation.S033,sec10-cross-field-lifecycle-validation-registry,standalone-validation-to-failure citation,required,C10,c10.failure.S033,sec11-failure-registry,failure identity,runtime,RESOLVED,Actual cell value read literally,1
E02-S034,C10,c10.validation.S034,sec10-cross-field-lifecycle-validation-registry,standalone-validation-to-failure citation,required,C10,c10.failure.S034,sec11-failure-registry,failure identity,runtime,RESOLVED,Actual cell value read literally,1
E02-S035,C10,c10.validation.S035,sec10-cross-field-lifecycle-validation-registry,standalone-validation-to-failure citation,required,C10,c10.failure.S035,sec11-failure-registry,failure identity,runtime,RESOLVED,Actual cell value read literally,1
E02-S036,C10,c10.validation.S036,sec10-cross-field-lifecycle-validation-registry,standalone-validation-to-failure citation,required,C10,c10.failure.S036,sec11-failure-registry,failure identity,runtime,RESOLVED,Actual cell value read literally,1
E02-S037,C10,c10.validation.S037,sec10-cross-field-lifecycle-validation-registry,standalone-validation-to-failure citation,required,C10,c10.failure.S037,sec11-failure-registry,failure identity,runtime,RESOLVED,Actual cell value read literally,1
E02-S038,C10,c10.validation.S038,sec10-cross-field-lifecycle-validation-registry,standalone-validation-to-failure citation,required,C10,c10.failure.S038,sec11-failure-registry,failure identity,runtime,RESOLVED,Actual cell value read literally,1
E02-S039,C10,c10.validation.S039,sec10-cross-field-lifecycle-validation-registry,standalone-validation-to-failure citation,required,C10,c10.failure.S039,sec11-failure-registry,failure identity,runtime,RESOLVED,Actual cell value read literally,1
E02-S040,C10,c10.validation.S040,sec10-cross-field-lifecycle-validation-registry,standalone-validation-to-failure citation,required,C10,c10.failure.S040,sec11-failure-registry,failure identity,runtime,RESOLVED,Actual cell value read literally,1
E02-S041,C10,c10.validation.S041,sec10-cross-field-lifecycle-validation-registry,standalone-validation-to-failure citation,required,C10,c10.failure.S041,sec11-failure-registry,failure identity,runtime,RESOLVED,Actual cell value read literally,1
E02-S042,C10,c10.validation.S042,sec10-cross-field-lifecycle-validation-registry,standalone-validation-to-failure citation,required,C10,c10.failure.S042,sec11-failure-registry,failure identity,runtime,RESOLVED,Actual cell value read literally,1
E02-S043,C10,c10.validation.S043,sec10-cross-field-lifecycle-validation-registry,standalone-validation-to-failure citation,required,C10,c10.failure.S043,sec11-failure-registry,failure identity,runtime,RESOLVED,Actual cell value read literally,1
E02-S044,C10,c10.validation.S044,sec10-cross-field-lifecycle-validation-registry,standalone-validation-to-failure citation,required,C10,c10.failure.S044,sec11-failure-registry,failure identity,runtime,RESOLVED,Actual cell value read literally,1
E02-S045,C10,c10.validation.S045,sec10-cross-field-lifecycle-validation-registry,standalone-validation-to-failure citation,required,C10,c10.failure.S045,sec11-failure-registry,failure identity,runtime,RESOLVED,Actual cell value read literally,1
E02-S046,C10,c10.validation.S046,sec10-cross-field-lifecycle-validation-registry,standalone-validation-to-failure citation,required,C10,c10.failure.S046,sec11-failure-registry,failure identity,runtime,RESOLVED,Actual cell value read literally,1
E02-S047,C10,c10.validation.S047,sec10-cross-field-lifecycle-validation-registry,standalone-validation-to-failure citation,required,C10,c10.failure.S047,sec11-failure-registry,failure identity,runtime,RESOLVED,Actual cell value read literally,1
E02-S048,C10,c10.validation.S048,sec10-cross-field-lifecycle-validation-registry,standalone-validation-to-failure citation,required,C10,c10.failure.S048,sec11-failure-registry,failure identity,runtime,RESOLVED,Actual cell value read literally,1
E02-S056,C10,c10.validation.S056,sec10-cross-field-lifecycle-validation-registry,standalone-validation-to-failure citation,required,C10,c10.failure.S056,sec11-failure-registry,failure identity,runtime,RESOLVED,Actual cell value read literally,1
E02-S057,C10,c10.validation.S057,sec10-cross-field-lifecycle-validation-registry,standalone-validation-to-failure citation,required,C10,c10.failure.S057,sec11-failure-registry,failure identity,runtime,RESOLVED,Actual cell value read literally,1
E02-S058,C10,c10.validation.S058,sec10-cross-field-lifecycle-validation-registry,standalone-validation-to-failure citation,required,C10,c10.failure.S058,sec11-failure-registry,failure identity,runtime,RESOLVED,Actual cell value read literally,1
E02-S059,C10,c10.validation.S059,sec10-cross-field-lifecycle-validation-registry,standalone-validation-to-failure citation,required,C10,c10.failure.S059,sec11-failure-registry,failure identity,runtime,RESOLVED,Actual cell value read literally,1
E02-S060,C10,c10.validation.S060,sec10-cross-field-lifecycle-validation-registry,standalone-validation-to-failure citation,required,C10,c10.failure.S060,sec11-failure-registry,failure identity,runtime,RESOLVED,Actual cell value read literally,1
E02-S061,C10,c10.validation.S061,sec10-cross-field-lifecycle-validation-registry,standalone-validation-to-failure citation,required,C10,c10.failure.S061,sec11-failure-registry,failure identity,runtime,RESOLVED,Actual cell value read literally,1
E02-S062,C10,c10.validation.S062,sec10-cross-field-lifecycle-validation-registry,standalone-validation-to-failure citation,required,C10,c10.failure.S062,sec11-failure-registry,failure identity,runtime,RESOLVED,Actual cell value read literally,1
E02-S063,C10,c10.validation.S063,sec10-cross-field-lifecycle-validation-registry,standalone-validation-to-failure citation,required,C10,c10.failure.S063,sec11-failure-registry,failure identity,runtime,RESOLVED,Actual cell value read literally,1
E02-S064,C10,c10.validation.S064,sec10-cross-field-lifecycle-validation-registry,standalone-validation-to-failure citation,required,C10,c10.failure.S064,sec11-failure-registry,failure identity,runtime,RESOLVED,Actual cell value read literally,1
E02-S065,C10,c10.validation.S065,sec10-cross-field-lifecycle-validation-registry,standalone-validation-to-failure citation,required,C10,c10.failure.S065,sec11-failure-registry,failure identity,runtime,RESOLVED,Actual cell value read literally,1
E02-S066,C10,c10.validation.S066,sec10-cross-field-lifecycle-validation-registry,standalone-validation-to-failure citation,required,C10,c10.failure.S066,sec11-failure-registry,failure identity,runtime,RESOLVED,Actual cell value read literally,1
E02-S067,C10,c10.validation.S067,sec10-cross-field-lifecycle-validation-registry,standalone-validation-to-failure citation,required,C10,c10.failure.S067,sec11-failure-registry,failure identity,runtime,RESOLVED,Actual cell value read literally,1
E02-S068,C10,c10.validation.S068,sec10-cross-field-lifecycle-validation-registry,standalone-validation-to-failure citation,required,C10,c10.failure.S068,sec11-failure-registry,failure identity,runtime,RESOLVED,Actual cell value read literally,1
E02-S069,C10,c10.validation.S069,sec10-cross-field-lifecycle-validation-registry,standalone-validation-to-failure citation,required,C10,c10.failure.S069,sec11-failure-registry,failure identity,runtime,RESOLVED,Actual cell value read literally,1
E02-S070,C10,c10.validation.S070,sec10-cross-field-lifecycle-validation-registry,standalone-validation-to-failure citation,required,C10,c10.failure.S070,sec11-failure-registry,failure identity,runtime,RESOLVED,Actual cell value read literally,1
E02-S071,C10,c10.validation.S071,sec10-cross-field-lifecycle-validation-registry,standalone-validation-to-failure citation,required,C10,c10.failure.S071,sec11-failure-registry,failure identity,runtime,RESOLVED,Actual cell value read literally,1
E02-S072,C10,c10.validation.S072,sec10-cross-field-lifecycle-validation-registry,standalone-validation-to-failure citation,required,C10,c10.failure.S072,sec11-failure-registry,failure identity,runtime,RESOLVED,Actual cell value read literally,1
E02-S073,C10,c10.validation.S073,sec10-cross-field-lifecycle-validation-registry,standalone-validation-to-failure citation,required,C10,c10.failure.S073,sec11-failure-registry,failure identity,runtime,RESOLVED,Actual cell value read literally,1
E02-S074,C10,c10.validation.S074,sec10-cross-field-lifecycle-validation-registry,standalone-validation-to-failure citation,required,C10,c10.failure.S074,sec11-failure-registry,failure identity,runtime,RESOLVED,Actual cell value read literally,1
E02-S075,C10,c10.validation.S075,sec10-cross-field-lifecycle-validation-registry,standalone-validation-to-failure citation,required,C10,c10.failure.S075,sec11-failure-registry,failure identity,runtime,RESOLVED,Actual cell value read literally,1
E02-S076,C10,c10.validation.S076,sec10-cross-field-lifecycle-validation-registry,standalone-validation-to-failure citation,required,C10,c10.failure.S076,sec11-failure-registry,failure identity,runtime,RESOLVED,Actual cell value read literally,1
E02-S077,C10,c10.validation.S077,sec10-cross-field-lifecycle-validation-registry,standalone-validation-to-failure citation,required,C10,c10.failure.S077,sec11-failure-registry,failure identity,runtime,RESOLVED,Actual cell value read literally,1
E02-S078,C10,c10.validation.S078,sec10-cross-field-lifecycle-validation-registry,standalone-validation-to-failure citation,required,C10,c10.failure.S078,sec11-failure-registry,failure identity,runtime,RESOLVED,Actual cell value read literally,1
E02-S079,C10,c10.validation.S079,sec10-cross-field-lifecycle-validation-registry,standalone-validation-to-failure citation,required,C10,c10.failure.S079,sec11-failure-registry,failure identity,runtime,RESOLVED,Actual cell value read literally,1
E02-S080,C10,c10.validation.S080,sec10-cross-field-lifecycle-validation-registry,standalone-validation-to-failure citation,required,C10,c10.failure.S080,sec11-failure-registry,failure identity,runtime,RESOLVED,Actual cell value read literally,1
E02-S081,C10,c10.validation.S081,sec10-cross-field-lifecycle-validation-registry,standalone-validation-to-failure citation,required,C10,c10.failure.S081,sec11-failure-registry,failure identity,runtime,RESOLVED,Actual cell value read literally,1
E02-S082,C10,c10.validation.S082,sec10-cross-field-lifecycle-validation-registry,standalone-validation-to-failure citation,required,C10,c10.failure.S082,sec11-failure-registry,failure identity,runtime,RESOLVED,Actual cell value read literally,1
E02-S083,C10,c10.validation.S083,sec10-cross-field-lifecycle-validation-registry,standalone-validation-to-failure citation,required,C10,c10.failure.S083,sec11-failure-registry,failure identity,runtime,RESOLVED,Actual cell value read literally,1
E02-S084,C10,c10.validation.S084,sec10-cross-field-lifecycle-validation-registry,standalone-validation-to-failure citation,required,C10,c10.failure.S084,sec11-failure-registry,failure identity,runtime,RESOLVED,Actual cell value read literally,1
E02-S085,C10,c10.validation.S085,sec10-cross-field-lifecycle-validation-registry,standalone-validation-to-failure citation,required,C10,c10.failure.S085,sec11-failure-registry,failure identity,runtime,RESOLVED,Actual cell value read literally,1
E02-S086,C10,c10.validation.S086,sec10-cross-field-lifecycle-validation-registry,standalone-validation-to-failure citation,required,C10,c10.failure.S086,sec11-failure-registry,failure identity,runtime,RESOLVED,Actual cell value read literally,1
E02-S087,C10,c10.validation.S087,sec10-cross-field-lifecycle-validation-registry,standalone-validation-to-failure citation,required,C10,c10.failure.S087,sec11-failure-registry,failure identity,runtime,RESOLVED,Actual cell value read literally,1
E02-S088,C10,c10.validation.S088,sec10-cross-field-lifecycle-validation-registry,standalone-validation-to-failure citation,required,C10,c10.failure.S088,sec11-failure-registry,failure identity,runtime,RESOLVED,Actual cell value read literally,1
E02-S089,C10,c10.validation.S089,sec10-cross-field-lifecycle-validation-registry,standalone-validation-to-failure citation,required,C10,c10.failure.S089,sec11-failure-registry,failure identity,runtime,RESOLVED,Actual cell value read literally,1
E02-S090,C10,c10.validation.S090,sec10-cross-field-lifecycle-validation-registry,standalone-validation-to-failure citation,required,C10,c10.failure.S090,sec11-failure-registry,failure identity,runtime,RESOLVED,Actual cell value read literally,1
E02-S091,C10,c10.validation.S091,sec10-cross-field-lifecycle-validation-registry,standalone-validation-to-failure citation,required,C10,c10.failure.S091,sec11-failure-registry,failure identity,runtime,RESOLVED,Actual cell value read literally,1
E02-S092,C10,c10.validation.S092,sec10-cross-field-lifecycle-validation-registry,standalone-validation-to-failure citation,required,C10,c10.failure.S092,sec11-failure-registry,failure identity,runtime,RESOLVED,Actual cell value read literally,1
E02-S093,C10,c10.validation.S093,sec10-cross-field-lifecycle-validation-registry,standalone-validation-to-failure citation,required,C10,c10.failure.S093,sec11-failure-registry,failure identity,runtime,RESOLVED,Actual cell value read literally,1
E02-S094,C10,c10.validation.S094,sec10-cross-field-lifecycle-validation-registry,standalone-validation-to-failure citation,required,C10,c10.failure.S094,sec11-failure-registry,failure identity,runtime,RESOLVED,Actual cell value read literally,1
E02-S095,C10,c10.validation.S095,sec10-cross-field-lifecycle-validation-registry,standalone-validation-to-failure citation,required,C10,c10.failure.S095,sec11-failure-registry,failure identity,runtime,RESOLVED,Actual cell value read literally,1
E02-S096,C10,c10.validation.S096,sec10-cross-field-lifecycle-validation-registry,standalone-validation-to-failure citation,required,C10,c10.failure.S096,sec11-failure-registry,failure identity,runtime,RESOLVED,Actual cell value read literally,1
E02-S097,C10,c10.validation.S097,sec10-cross-field-lifecycle-validation-registry,standalone-validation-to-failure citation,required,C10,c10.failure.S097,sec11-failure-registry,failure identity,runtime,RESOLVED,Actual cell value read literally,1
E02-S098,C10,c10.validation.S098,sec10-cross-field-lifecycle-validation-registry,standalone-validation-to-failure citation,required,C10,c10.failure.S098,sec11-failure-registry,failure identity,runtime,RESOLVED,Actual cell value read literally,1
E03-001,C10,c10.failure.001,sec11-failure-registry,failure-to-disposition citation,required,C10,c10.disposition.003,sec-disposition-registry,disposition (1 of 6 closed values),runtime,RESOLVED,Actual disposition cell value read literally,1
E03-002,C10,c10.failure.002,sec11-failure-registry,failure-to-disposition citation,required,C10,c10.disposition.003,sec-disposition-registry,disposition (1 of 6 closed values),runtime,RESOLVED,Actual disposition cell value read literally,1
E03-003,C10,c10.failure.003,sec11-failure-registry,failure-to-disposition citation,required,C10,c10.disposition.003,sec-disposition-registry,disposition (1 of 6 closed values),runtime,RESOLVED,Actual disposition cell value read literally,1
E03-004,C10,c10.failure.004,sec11-failure-registry,failure-to-disposition citation,required,C10,c10.disposition.003,sec-disposition-registry,disposition (1 of 6 closed values),runtime,RESOLVED,Actual disposition cell value read literally,1
E03-005,C10,c10.failure.005,sec11-failure-registry,failure-to-disposition citation,required,C10,c10.disposition.003,sec-disposition-registry,disposition (1 of 6 closed values),runtime,RESOLVED,Actual disposition cell value read literally,1
E03-006,C10,c10.failure.006,sec11-failure-registry,failure-to-disposition citation,required,C10,c10.disposition.001,sec-disposition-registry,disposition (1 of 6 closed values),runtime,RESOLVED,Actual disposition cell value read literally,1
E03-007,C10,c10.failure.007,sec11-failure-registry,failure-to-disposition citation,required,C10,c10.disposition.003,sec-disposition-registry,disposition (1 of 6 closed values),runtime,RESOLVED,Actual disposition cell value read literally,1
E03-008,C10,c10.failure.008,sec11-failure-registry,failure-to-disposition citation,required,C10,c10.disposition.003,sec-disposition-registry,disposition (1 of 6 closed values),runtime,RESOLVED,Actual disposition cell value read literally,1
E03-009,C10,c10.failure.009,sec11-failure-registry,failure-to-disposition citation,required,C10,c10.disposition.004,sec-disposition-registry,disposition (1 of 6 closed values),runtime,RESOLVED,Actual disposition cell value read literally,1
E03-010,C10,c10.failure.010,sec11-failure-registry,failure-to-disposition citation,required,C10,c10.disposition.004,sec-disposition-registry,disposition (1 of 6 closed values),runtime,RESOLVED,Actual disposition cell value read literally,1
E03-011,C10,c10.failure.011,sec11-failure-registry,failure-to-disposition citation,required,C10,c10.disposition.004,sec-disposition-registry,disposition (1 of 6 closed values),runtime,RESOLVED,Actual disposition cell value read literally,1
E03-012,C10,c10.failure.012,sec11-failure-registry,failure-to-disposition citation,required,C10,c10.disposition.004,sec-disposition-registry,disposition (1 of 6 closed values),runtime,RESOLVED,Actual disposition cell value read literally,1
E03-013,C10,c10.failure.013,sec11-failure-registry,failure-to-disposition citation,required,C10,c10.disposition.004,sec-disposition-registry,disposition (1 of 6 closed values),runtime,RESOLVED,Actual disposition cell value read literally,1
E03-014,C10,c10.failure.014,sec11-failure-registry,failure-to-disposition citation,required,C10,c10.disposition.004,sec-disposition-registry,disposition (1 of 6 closed values),runtime,RESOLVED,Actual disposition cell value read literally,1
E03-015,C10,c10.failure.015,sec11-failure-registry,failure-to-disposition citation,required,C10,c10.disposition.004,sec-disposition-registry,disposition (1 of 6 closed values),runtime,RESOLVED,Actual disposition cell value read literally,1
E03-016,C10,c10.failure.016,sec11-failure-registry,failure-to-disposition citation,required,C10,c10.disposition.004,sec-disposition-registry,disposition (1 of 6 closed values),runtime,RESOLVED,Actual disposition cell value read literally,1
E03-017,C10,c10.failure.017,sec11-failure-registry,failure-to-disposition citation,required,C10,c10.disposition.004,sec-disposition-registry,disposition (1 of 6 closed values),runtime,RESOLVED,Actual disposition cell value read literally,1
E03-018,C10,c10.failure.018,sec11-failure-registry,failure-to-disposition citation,required,C10,c10.disposition.004,sec-disposition-registry,disposition (1 of 6 closed values),runtime,RESOLVED,Actual disposition cell value read literally,1
E03-019,C10,c10.failure.019,sec11-failure-registry,failure-to-disposition citation,required,C10,c10.disposition.004,sec-disposition-registry,disposition (1 of 6 closed values),runtime,RESOLVED,Actual disposition cell value read literally,1
E03-020,C10,c10.failure.020,sec11-failure-registry,failure-to-disposition citation,required,C10,c10.disposition.004,sec-disposition-registry,disposition (1 of 6 closed values),runtime,RESOLVED,Actual disposition cell value read literally,1
E03-021,C10,c10.failure.021,sec11-failure-registry,failure-to-disposition citation,required,C10,c10.disposition.004,sec-disposition-registry,disposition (1 of 6 closed values),runtime,RESOLVED,Actual disposition cell value read literally,1
E03-022,C10,c10.failure.022,sec11-failure-registry,failure-to-disposition citation,required,C10,c10.disposition.004,sec-disposition-registry,disposition (1 of 6 closed values),runtime,RESOLVED,Actual disposition cell value read literally,1
E03-023,C10,c10.failure.023,sec11-failure-registry,failure-to-disposition citation,required,C10,c10.disposition.004,sec-disposition-registry,disposition (1 of 6 closed values),runtime,RESOLVED,Actual disposition cell value read literally,1
E03-024,C10,c10.failure.024,sec11-failure-registry,failure-to-disposition citation,required,C10,c10.disposition.004,sec-disposition-registry,disposition (1 of 6 closed values),runtime,RESOLVED,Actual disposition cell value read literally,1
E03-025,C10,c10.failure.025,sec11-failure-registry,failure-to-disposition citation,required,C10,c10.disposition.001,sec-disposition-registry,disposition (1 of 6 closed values),runtime,RESOLVED,Actual disposition cell value read literally,1
E03-026,C10,c10.failure.026,sec11-failure-registry,failure-to-disposition citation,required,C10,c10.disposition.004,sec-disposition-registry,disposition (1 of 6 closed values),runtime,RESOLVED,Actual disposition cell value read literally,1
E03-027,C10,c10.failure.027,sec11-failure-registry,failure-to-disposition citation,required,C10,c10.disposition.004,sec-disposition-registry,disposition (1 of 6 closed values),runtime,RESOLVED,Actual disposition cell value read literally,1
E03-028,C10,c10.failure.028,sec11-failure-registry,failure-to-disposition citation,required,C10,c10.disposition.004,sec-disposition-registry,disposition (1 of 6 closed values),runtime,RESOLVED,Actual disposition cell value read literally,1
E03-029,C10,c10.failure.029,sec11-failure-registry,failure-to-disposition citation,required,C10,c10.disposition.004,sec-disposition-registry,disposition (1 of 6 closed values),runtime,RESOLVED,Actual disposition cell value read literally,1
E03-030,C10,c10.failure.030,sec11-failure-registry,failure-to-disposition citation,required,C10,c10.disposition.004,sec-disposition-registry,disposition (1 of 6 closed values),runtime,RESOLVED,Actual disposition cell value read literally,1
E03-031,C10,c10.failure.031,sec11-failure-registry,failure-to-disposition citation,required,C10,c10.disposition.004,sec-disposition-registry,disposition (1 of 6 closed values),runtime,RESOLVED,Actual disposition cell value read literally,1
E03-032,C10,c10.failure.032,sec11-failure-registry,failure-to-disposition citation,required,C10,c10.disposition.003,sec-disposition-registry,disposition (1 of 6 closed values),runtime,RESOLVED,Actual disposition cell value read literally,1
E03-033,C10,c10.failure.033,sec11-failure-registry,failure-to-disposition citation,required,C10,c10.disposition.004,sec-disposition-registry,disposition (1 of 6 closed values),runtime,RESOLVED,Actual disposition cell value read literally,1
E03-034,C10,c10.failure.034,sec11-failure-registry,failure-to-disposition citation,required,C10,c10.disposition.004,sec-disposition-registry,disposition (1 of 6 closed values),runtime,RESOLVED,Actual disposition cell value read literally,1
E03-035,C10,c10.failure.035,sec11-failure-registry,failure-to-disposition citation,required,C10,c10.disposition.004,sec-disposition-registry,disposition (1 of 6 closed values),runtime,RESOLVED,Actual disposition cell value read literally,1
E03-036,C10,c10.failure.036,sec11-failure-registry,failure-to-disposition citation,required,C10,c10.disposition.004,sec-disposition-registry,disposition (1 of 6 closed values),runtime,RESOLVED,Actual disposition cell value read literally,1
E03-100,C10,c10.failure.100,sec11-failure-registry,failure-to-disposition citation,required,C10,c10.disposition.004,sec-disposition-registry,disposition (1 of 6 closed values),runtime,RESOLVED,Actual disposition cell value read literally,1
E03-101,C10,c10.failure.101,sec11-failure-registry,failure-to-disposition citation,required,C10,c10.disposition.004,sec-disposition-registry,disposition (1 of 6 closed values),runtime,RESOLVED,Actual disposition cell value read literally,1
E03-102,C10,c10.failure.102,sec11-failure-registry,failure-to-disposition citation,required,C10,c10.disposition.004,sec-disposition-registry,disposition (1 of 6 closed values),runtime,RESOLVED,Actual disposition cell value read literally,1
E03-103,C10,c10.failure.103,sec11-failure-registry,failure-to-disposition citation,required,C10,c10.disposition.004,sec-disposition-registry,disposition (1 of 6 closed values),runtime,RESOLVED,Actual disposition cell value read literally,1
E03-104,C10,c10.failure.104,sec11-failure-registry,failure-to-disposition citation,required,C10,c10.disposition.004,sec-disposition-registry,disposition (1 of 6 closed values),runtime,RESOLVED,Actual disposition cell value read literally,1
E03-105,C10,c10.failure.105,sec11-failure-registry,failure-to-disposition citation,required,C10,c10.disposition.004,sec-disposition-registry,disposition (1 of 6 closed values),runtime,RESOLVED,Actual disposition cell value read literally,1
E03-106,C10,c10.failure.106,sec11-failure-registry,failure-to-disposition citation,required,C10,c10.disposition.004,sec-disposition-registry,disposition (1 of 6 closed values),runtime,RESOLVED,Actual disposition cell value read literally,1
E03-107,C10,c10.failure.107,sec11-failure-registry,failure-to-disposition citation,required,C10,c10.disposition.004,sec-disposition-registry,disposition (1 of 6 closed values),runtime,RESOLVED,Actual disposition cell value read literally,1
E03-108,C10,c10.failure.108,sec11-failure-registry,failure-to-disposition citation,required,C10,c10.disposition.004,sec-disposition-registry,disposition (1 of 6 closed values),runtime,RESOLVED,Actual disposition cell value read literally,1
E03-109,C10,c10.failure.109,sec11-failure-registry,failure-to-disposition citation,required,C10,c10.disposition.004,sec-disposition-registry,disposition (1 of 6 closed values),runtime,RESOLVED,Actual disposition cell value read literally,1
E03-110,C10,c10.failure.110,sec11-failure-registry,failure-to-disposition citation,required,C10,c10.disposition.004,sec-disposition-registry,disposition (1 of 6 closed values),runtime,RESOLVED,Actual disposition cell value read literally,1
E03-111,C10,c10.failure.111,sec11-failure-registry,failure-to-disposition citation,required,C10,c10.disposition.004,sec-disposition-registry,disposition (1 of 6 closed values),runtime,RESOLVED,Actual disposition cell value read literally,1
E03-112,C10,c10.failure.112,sec11-failure-registry,failure-to-disposition citation,required,C10,c10.disposition.004,sec-disposition-registry,disposition (1 of 6 closed values),runtime,RESOLVED,Actual disposition cell value read literally,1
E03-113,C10,c10.failure.113,sec11-failure-registry,failure-to-disposition citation,required,C10,c10.disposition.004,sec-disposition-registry,disposition (1 of 6 closed values),runtime,RESOLVED,Actual disposition cell value read literally,1
E03-114,C10,c10.failure.114,sec11-failure-registry,failure-to-disposition citation,required,C10,c10.disposition.004,sec-disposition-registry,disposition (1 of 6 closed values),runtime,RESOLVED,Actual disposition cell value read literally,1
E03-115,C10,c10.failure.115,sec11-failure-registry,failure-to-disposition citation,required,C10,c10.disposition.004,sec-disposition-registry,disposition (1 of 6 closed values),runtime,RESOLVED,Actual disposition cell value read literally,1
E03-116,C10,c10.failure.116,sec11-failure-registry,failure-to-disposition citation,required,C10,c10.disposition.004,sec-disposition-registry,disposition (1 of 6 closed values),runtime,RESOLVED,Actual disposition cell value read literally,1
E03-120,C10,c10.failure.120,sec11-failure-registry,failure-to-disposition citation,required,C10,c10.disposition.004,sec-disposition-registry,disposition (1 of 6 closed values),runtime,RESOLVED,Actual disposition cell value read literally,1
E03-121,C10,c10.failure.121,sec11-failure-registry,failure-to-disposition citation,required,C10,c10.disposition.004,sec-disposition-registry,disposition (1 of 6 closed values),runtime,RESOLVED,Actual disposition cell value read literally,1
E03-122,C10,c10.failure.122,sec11-failure-registry,failure-to-disposition citation,required,C10,c10.disposition.004,sec-disposition-registry,disposition (1 of 6 closed values),runtime,RESOLVED,Actual disposition cell value read literally,1
E03-123,C10,c10.failure.123,sec11-failure-registry,failure-to-disposition citation,required,C10,c10.disposition.004,sec-disposition-registry,disposition (1 of 6 closed values),runtime,RESOLVED,Actual disposition cell value read literally,1
E03-124,C10,c10.failure.124,sec11-failure-registry,failure-to-disposition citation,required,C10,c10.disposition.004,sec-disposition-registry,disposition (1 of 6 closed values),runtime,RESOLVED,Actual disposition cell value read literally,1
E03-125,C10,c10.failure.125,sec11-failure-registry,failure-to-disposition citation,required,C10,c10.disposition.004,sec-disposition-registry,disposition (1 of 6 closed values),runtime,RESOLVED,Actual disposition cell value read literally,1
E03-126,C10,c10.failure.126,sec11-failure-registry,failure-to-disposition citation,required,C10,c10.disposition.004,sec-disposition-registry,disposition (1 of 6 closed values),runtime,RESOLVED,Actual disposition cell value read literally,1
E03-127,C10,c10.failure.127,sec11-failure-registry,failure-to-disposition citation,required,C10,c10.disposition.004,sec-disposition-registry,disposition (1 of 6 closed values),runtime,RESOLVED,Actual disposition cell value read literally,1
E03-128,C10,c10.failure.128,sec11-failure-registry,failure-to-disposition citation,required,C10,c10.disposition.004,sec-disposition-registry,disposition (1 of 6 closed values),runtime,RESOLVED,Actual disposition cell value read literally,1
E03-129,C10,c10.failure.129,sec11-failure-registry,failure-to-disposition citation,required,C10,c10.disposition.004,sec-disposition-registry,disposition (1 of 6 closed values),runtime,RESOLVED,Actual disposition cell value read literally,1
E03-130,C10,c10.failure.130,sec11-failure-registry,failure-to-disposition citation,required,C10,c10.disposition.004,sec-disposition-registry,disposition (1 of 6 closed values),runtime,RESOLVED,Actual disposition cell value read literally,1
E03-131,C10,c10.failure.131,sec11-failure-registry,failure-to-disposition citation,required,C10,c10.disposition.004,sec-disposition-registry,disposition (1 of 6 closed values),runtime,RESOLVED,Actual disposition cell value read literally,1
E03-132,C10,c10.failure.132,sec11-failure-registry,failure-to-disposition citation,required,C10,c10.disposition.004,sec-disposition-registry,disposition (1 of 6 closed values),runtime,RESOLVED,Actual disposition cell value read literally,1
E03-133,C10,c10.failure.133,sec11-failure-registry,failure-to-disposition citation,required,C10,c10.disposition.004,sec-disposition-registry,disposition (1 of 6 closed values),runtime,RESOLVED,Actual disposition cell value read literally,1
E03-134,C10,c10.failure.134,sec11-failure-registry,failure-to-disposition citation,required,C10,c10.disposition.004,sec-disposition-registry,disposition (1 of 6 closed values),runtime,RESOLVED,Actual disposition cell value read literally,1
E03-135,C10,c10.failure.135,sec11-failure-registry,failure-to-disposition citation,required,C10,c10.disposition.004,sec-disposition-registry,disposition (1 of 6 closed values),runtime,RESOLVED,Actual disposition cell value read literally,1
E03-136,C10,c10.failure.136,sec11-failure-registry,failure-to-disposition citation,required,C10,c10.disposition.004,sec-disposition-registry,disposition (1 of 6 closed values),runtime,RESOLVED,Actual disposition cell value read literally,1
E03-200,C10,c10.failure.200,sec11-failure-registry,failure-to-disposition citation,required,C10,c10.disposition.004,sec-disposition-registry,disposition (1 of 6 closed values),runtime,RESOLVED,Actual disposition cell value read literally,1
E03-201,C10,c10.failure.201,sec11-failure-registry,failure-to-disposition citation,required,C10,c10.disposition.004,sec-disposition-registry,disposition (1 of 6 closed values),runtime,RESOLVED,Actual disposition cell value read literally,1
E03-202,C10,c10.failure.202,sec11-failure-registry,failure-to-disposition citation,required,C10,c10.disposition.004,sec-disposition-registry,disposition (1 of 6 closed values),runtime,RESOLVED,Actual disposition cell value read literally,1
E03-203,C10,c10.failure.203,sec11-failure-registry,failure-to-disposition citation,required,C10,c10.disposition.004,sec-disposition-registry,disposition (1 of 6 closed values),runtime,RESOLVED,Actual disposition cell value read literally,1
E03-204,C10,c10.failure.204,sec11-failure-registry,failure-to-disposition citation,required,C10,c10.disposition.004,sec-disposition-registry,disposition (1 of 6 closed values),runtime,RESOLVED,Actual disposition cell value read literally,1
E03-205,C10,c10.failure.205,sec11-failure-registry,failure-to-disposition citation,required,C10,c10.disposition.004,sec-disposition-registry,disposition (1 of 6 closed values),runtime,RESOLVED,Actual disposition cell value read literally,1
E03-206,C10,c10.failure.206,sec11-failure-registry,failure-to-disposition citation,required,C10,c10.disposition.004,sec-disposition-registry,disposition (1 of 6 closed values),runtime,RESOLVED,Actual disposition cell value read literally,1
E03-207,C10,c10.failure.207,sec11-failure-registry,failure-to-disposition citation,required,C10,c10.disposition.004,sec-disposition-registry,disposition (1 of 6 closed values),runtime,RESOLVED,Actual disposition cell value read literally,1
E03-208,C10,c10.failure.208,sec11-failure-registry,failure-to-disposition citation,required,C10,c10.disposition.004,sec-disposition-registry,disposition (1 of 6 closed values),runtime,RESOLVED,Actual disposition cell value read literally,1
E03-209,C10,c10.failure.209,sec11-failure-registry,failure-to-disposition citation,required,C10,c10.disposition.004,sec-disposition-registry,disposition (1 of 6 closed values),runtime,RESOLVED,Actual disposition cell value read literally,1
E03-210,C10,c10.failure.210,sec11-failure-registry,failure-to-disposition citation,required,C10,c10.disposition.004,sec-disposition-registry,disposition (1 of 6 closed values),runtime,RESOLVED,Actual disposition cell value read literally,1
E03-211,C10,c10.failure.211,sec11-failure-registry,failure-to-disposition citation,required,C10,c10.disposition.004,sec-disposition-registry,disposition (1 of 6 closed values),runtime,RESOLVED,Actual disposition cell value read literally,1
E03-212,C10,c10.failure.212,sec11-failure-registry,failure-to-disposition citation,required,C10,c10.disposition.004,sec-disposition-registry,disposition (1 of 6 closed values),runtime,RESOLVED,Actual disposition cell value read literally,1
E03-213,C10,c10.failure.213,sec11-failure-registry,failure-to-disposition citation,required,C10,c10.disposition.004,sec-disposition-registry,disposition (1 of 6 closed values),runtime,RESOLVED,Actual disposition cell value read literally,1
E03-214,C10,c10.failure.214,sec11-failure-registry,failure-to-disposition citation,required,C10,c10.disposition.004,sec-disposition-registry,disposition (1 of 6 closed values),runtime,RESOLVED,Actual disposition cell value read literally,1
E03-220,C10,c10.failure.220,sec11-failure-registry,failure-to-disposition citation,required,C10,c10.disposition.004,sec-disposition-registry,disposition (1 of 6 closed values),runtime,RESOLVED,Actual disposition cell value read literally,1
E03-221,C10,c10.failure.221,sec11-failure-registry,failure-to-disposition citation,required,C10,c10.disposition.004,sec-disposition-registry,disposition (1 of 6 closed values),runtime,RESOLVED,Actual disposition cell value read literally,1
E03-222,C10,c10.failure.222,sec11-failure-registry,failure-to-disposition citation,required,C10,c10.disposition.004,sec-disposition-registry,disposition (1 of 6 closed values),runtime,RESOLVED,Actual disposition cell value read literally,1
E03-230,C10,c10.failure.230,sec11-failure-registry,failure-to-disposition citation,required,C10,c10.disposition.004,sec-disposition-registry,disposition (1 of 6 closed values),runtime,RESOLVED,Actual disposition cell value read literally,1
E03-231,C10,c10.failure.231,sec11-failure-registry,failure-to-disposition citation,required,C10,c10.disposition.004,sec-disposition-registry,disposition (1 of 6 closed values),runtime,RESOLVED,Actual disposition cell value read literally,1
E03-240,C10,c10.failure.240,sec11-failure-registry,failure-to-disposition citation,required,C10,c10.disposition.004,sec-disposition-registry,disposition (1 of 6 closed values),runtime,RESOLVED,Actual disposition cell value read literally,1
E03-241,C10,c10.failure.241,sec11-failure-registry,failure-to-disposition citation,required,C10,c10.disposition.004,sec-disposition-registry,disposition (1 of 6 closed values),runtime,RESOLVED,Actual disposition cell value read literally,1
E03-250,C10,c10.failure.250,sec11-failure-registry,failure-to-disposition citation,required,C10,c10.disposition.004,sec-disposition-registry,disposition (1 of 6 closed values),runtime,RESOLVED,Actual disposition cell value read literally,1
E03-251,C10,c10.failure.251,sec11-failure-registry,failure-to-disposition citation,required,C10,c10.disposition.004,sec-disposition-registry,disposition (1 of 6 closed values),runtime,RESOLVED,Actual disposition cell value read literally,1
E03-252,C10,c10.failure.252,sec11-failure-registry,failure-to-disposition citation,required,C10,c10.disposition.004,sec-disposition-registry,disposition (1 of 6 closed values),runtime,RESOLVED,Actual disposition cell value read literally,1
E03-253,C10,c10.failure.253,sec11-failure-registry,failure-to-disposition citation,required,C10,c10.disposition.004,sec-disposition-registry,disposition (1 of 6 closed values),runtime,RESOLVED,Actual disposition cell value read literally,1
E03-260,C10,c10.failure.260,sec11-failure-registry,failure-to-disposition citation,required,C10,c10.disposition.004,sec-disposition-registry,disposition (1 of 6 closed values),runtime,RESOLVED,Actual disposition cell value read literally,1
E03-261,C10,c10.failure.261,sec11-failure-registry,failure-to-disposition citation,required,C10,c10.disposition.004,sec-disposition-registry,disposition (1 of 6 closed values),runtime,RESOLVED,Actual disposition cell value read literally,1
E03-262,C10,c10.failure.262,sec11-failure-registry,failure-to-disposition citation,required,C10,c10.disposition.004,sec-disposition-registry,disposition (1 of 6 closed values),runtime,RESOLVED,Actual disposition cell value read literally,1
E03-263,C10,c10.failure.263,sec11-failure-registry,failure-to-disposition citation,required,C10,c10.disposition.004,sec-disposition-registry,disposition (1 of 6 closed values),runtime,RESOLVED,Actual disposition cell value read literally,1
E03-264,C10,c10.failure.264,sec11-failure-registry,failure-to-disposition citation,required,C10,c10.disposition.004,sec-disposition-registry,disposition (1 of 6 closed values),runtime,RESOLVED,Actual disposition cell value read literally,1
E03-265,C10,c10.failure.265,sec11-failure-registry,failure-to-disposition citation,required,C10,c10.disposition.004,sec-disposition-registry,disposition (1 of 6 closed values),runtime,RESOLVED,Actual disposition cell value read literally,1
E03-266,C10,c10.failure.266,sec11-failure-registry,failure-to-disposition citation,required,C10,c10.disposition.004,sec-disposition-registry,disposition (1 of 6 closed values),runtime,RESOLVED,Actual disposition cell value read literally,1
E03-267,C10,c10.failure.267,sec11-failure-registry,failure-to-disposition citation,required,C10,c10.disposition.004,sec-disposition-registry,disposition (1 of 6 closed values),runtime,RESOLVED,Actual disposition cell value read literally,1
E03-268,C10,c10.failure.268,sec11-failure-registry,failure-to-disposition citation,required,C10,c10.disposition.004,sec-disposition-registry,disposition (1 of 6 closed values),runtime,RESOLVED,Actual disposition cell value read literally,1
E03-269,C10,c10.failure.269,sec11-failure-registry,failure-to-disposition citation,required,C10,c10.disposition.004,sec-disposition-registry,disposition (1 of 6 closed values),runtime,RESOLVED,Actual disposition cell value read literally,1
E03-270,C10,c10.failure.270,sec11-failure-registry,failure-to-disposition citation,required,C10,c10.disposition.004,sec-disposition-registry,disposition (1 of 6 closed values),runtime,RESOLVED,Actual disposition cell value read literally,1
E03-271,C10,c10.failure.271,sec11-failure-registry,failure-to-disposition citation,required,C10,c10.disposition.004,sec-disposition-registry,disposition (1 of 6 closed values),runtime,RESOLVED,Actual disposition cell value read literally,1
E03-272,C10,c10.failure.272,sec11-failure-registry,failure-to-disposition citation,required,C10,c10.disposition.004,sec-disposition-registry,disposition (1 of 6 closed values),runtime,RESOLVED,Actual disposition cell value read literally,1
E03-280,C10,c10.failure.280,sec11-failure-registry,failure-to-disposition citation,required,C10,c10.disposition.004,sec-disposition-registry,disposition (1 of 6 closed values),runtime,RESOLVED,Actual disposition cell value read literally,1
E03-281,C10,c10.failure.281,sec11-failure-registry,failure-to-disposition citation,required,C10,c10.disposition.004,sec-disposition-registry,disposition (1 of 6 closed values),runtime,RESOLVED,Actual disposition cell value read literally,1
E03-282,C10,c10.failure.282,sec11-failure-registry,failure-to-disposition citation,required,C10,c10.disposition.004,sec-disposition-registry,disposition (1 of 6 closed values),runtime,RESOLVED,Actual disposition cell value read literally,1
E03-283,C10,c10.failure.283,sec11-failure-registry,failure-to-disposition citation,required,C10,c10.disposition.004,sec-disposition-registry,disposition (1 of 6 closed values),runtime,RESOLVED,Actual disposition cell value read literally,1
E03-284,C10,c10.failure.284,sec11-failure-registry,failure-to-disposition citation,required,C10,c10.disposition.004,sec-disposition-registry,disposition (1 of 6 closed values),runtime,RESOLVED,Actual disposition cell value read literally,1
E03-285,C10,c10.failure.285,sec11-failure-registry,failure-to-disposition citation,required,C10,c10.disposition.004,sec-disposition-registry,disposition (1 of 6 closed values),runtime,RESOLVED,Actual disposition cell value read literally,1
E03-286,C10,c10.failure.286,sec11-failure-registry,failure-to-disposition citation,required,C10,c10.disposition.004,sec-disposition-registry,disposition (1 of 6 closed values),runtime,RESOLVED,Actual disposition cell value read literally,1
E03-287,C10,c10.failure.287,sec11-failure-registry,failure-to-disposition citation,required,C10,c10.disposition.004,sec-disposition-registry,disposition (1 of 6 closed values),runtime,RESOLVED,Actual disposition cell value read literally,1
E03-288,C10,c10.failure.288,sec11-failure-registry,failure-to-disposition citation,required,C10,c10.disposition.004,sec-disposition-registry,disposition (1 of 6 closed values),runtime,RESOLVED,Actual disposition cell value read literally,1
E03-289,C10,c10.failure.289,sec11-failure-registry,failure-to-disposition citation,required,C10,c10.disposition.004,sec-disposition-registry,disposition (1 of 6 closed values),runtime,RESOLVED,Actual disposition cell value read literally,1
E03-290,C10,c10.failure.290,sec11-failure-registry,failure-to-disposition citation,required,C10,c10.disposition.004,sec-disposition-registry,disposition (1 of 6 closed values),runtime,RESOLVED,Actual disposition cell value read literally,1
E03-291,C10,c10.failure.291,sec11-failure-registry,failure-to-disposition citation,required,C10,c10.disposition.004,sec-disposition-registry,disposition (1 of 6 closed values),runtime,RESOLVED,Actual disposition cell value read literally,1
E03-300,C10,c10.failure.300,sec11-failure-registry,failure-to-disposition citation,required,C10,c10.disposition.004,sec-disposition-registry,disposition (1 of 6 closed values),runtime,RESOLVED,Actual disposition cell value read literally,1
E03-301,C10,c10.failure.301,sec11-failure-registry,failure-to-disposition citation,required,C10,c10.disposition.004,sec-disposition-registry,disposition (1 of 6 closed values),runtime,RESOLVED,Actual disposition cell value read literally,1
E03-302,C10,c10.failure.302,sec11-failure-registry,failure-to-disposition citation,required,C10,c10.disposition.004,sec-disposition-registry,disposition (1 of 6 closed values),runtime,RESOLVED,Actual disposition cell value read literally,1
E03-303,C10,c10.failure.303,sec11-failure-registry,failure-to-disposition citation,required,C10,c10.disposition.004,sec-disposition-registry,disposition (1 of 6 closed values),runtime,RESOLVED,Actual disposition cell value read literally,1
E03-304,C10,c10.failure.304,sec11-failure-registry,failure-to-disposition citation,required,C10,c10.disposition.004,sec-disposition-registry,disposition (1 of 6 closed values),runtime,RESOLVED,Actual disposition cell value read literally,1
E03-305,C10,c10.failure.305,sec11-failure-registry,failure-to-disposition citation,required,C10,c10.disposition.004,sec-disposition-registry,disposition (1 of 6 closed values),runtime,RESOLVED,Actual disposition cell value read literally,1
E03-306,C10,c10.failure.306,sec11-failure-registry,failure-to-disposition citation,required,C10,c10.disposition.004,sec-disposition-registry,disposition (1 of 6 closed values),runtime,RESOLVED,Actual disposition cell value read literally,1
E03-307,C10,c10.failure.307,sec11-failure-registry,failure-to-disposition citation,required,C10,c10.disposition.004,sec-disposition-registry,disposition (1 of 6 closed values),runtime,RESOLVED,Actual disposition cell value read literally,1
E03-308,C10,c10.failure.308,sec11-failure-registry,failure-to-disposition citation,required,C10,c10.disposition.004,sec-disposition-registry,disposition (1 of 6 closed values),runtime,RESOLVED,Actual disposition cell value read literally,1
E03-309,C10,c10.failure.309,sec11-failure-registry,failure-to-disposition citation,required,C10,c10.disposition.004,sec-disposition-registry,disposition (1 of 6 closed values),runtime,RESOLVED,Actual disposition cell value read literally,1
E03-310,C10,c10.failure.310,sec11-failure-registry,failure-to-disposition citation,required,C10,c10.disposition.004,sec-disposition-registry,disposition (1 of 6 closed values),runtime,RESOLVED,Actual disposition cell value read literally,1
E03-311,C10,c10.failure.311,sec11-failure-registry,failure-to-disposition citation,required,C10,c10.disposition.004,sec-disposition-registry,disposition (1 of 6 closed values),runtime,RESOLVED,Actual disposition cell value read literally,1
E03-312,C10,c10.failure.312,sec11-failure-registry,failure-to-disposition citation,required,C10,c10.disposition.004,sec-disposition-registry,disposition (1 of 6 closed values),runtime,RESOLVED,Actual disposition cell value read literally,1
E03-313,C10,c10.failure.313,sec11-failure-registry,failure-to-disposition citation,required,C10,c10.disposition.004,sec-disposition-registry,disposition (1 of 6 closed values),runtime,RESOLVED,Actual disposition cell value read literally,1
E03-314,C10,c10.failure.314,sec11-failure-registry,failure-to-disposition citation,required,C10,c10.disposition.004,sec-disposition-registry,disposition (1 of 6 closed values),runtime,RESOLVED,Actual disposition cell value read literally,1
E03-315,C10,c10.failure.315,sec11-failure-registry,failure-to-disposition citation,required,C10,c10.disposition.004,sec-disposition-registry,disposition (1 of 6 closed values),runtime,RESOLVED,Actual disposition cell value read literally,1
E03-316,C10,c10.failure.316,sec11-failure-registry,failure-to-disposition citation,required,C10,c10.disposition.004,sec-disposition-registry,disposition (1 of 6 closed values),runtime,RESOLVED,Actual disposition cell value read literally,1
E03-317,C10,c10.failure.317,sec11-failure-registry,failure-to-disposition citation,required,C10,c10.disposition.004,sec-disposition-registry,disposition (1 of 6 closed values),runtime,RESOLVED,Actual disposition cell value read literally,1
E03-318,C10,c10.failure.318,sec11-failure-registry,failure-to-disposition citation,required,C10,c10.disposition.004,sec-disposition-registry,disposition (1 of 6 closed values),runtime,RESOLVED,Actual disposition cell value read literally,1
E03-319,C10,c10.failure.319,sec11-failure-registry,failure-to-disposition citation,required,C10,c10.disposition.004,sec-disposition-registry,disposition (1 of 6 closed values),runtime,RESOLVED,Actual disposition cell value read literally,1
E03-320,C10,c10.failure.320,sec11-failure-registry,failure-to-disposition citation,required,C10,c10.disposition.004,sec-disposition-registry,disposition (1 of 6 closed values),runtime,RESOLVED,Actual disposition cell value read literally,1
E03-321,C10,c10.failure.321,sec11-failure-registry,failure-to-disposition citation,required,C10,c10.disposition.004,sec-disposition-registry,disposition (1 of 6 closed values),runtime,RESOLVED,Actual disposition cell value read literally,1
E03-322,C10,c10.failure.322,sec11-failure-registry,failure-to-disposition citation,required,C10,c10.disposition.004,sec-disposition-registry,disposition (1 of 6 closed values),runtime,RESOLVED,Actual disposition cell value read literally,1
E03-323,C10,c10.failure.323,sec11-failure-registry,failure-to-disposition citation,required,C10,c10.disposition.004,sec-disposition-registry,disposition (1 of 6 closed values),runtime,RESOLVED,Actual disposition cell value read literally,1
E03-324,C10,c10.failure.324,sec11-failure-registry,failure-to-disposition citation,required,C10,c10.disposition.004,sec-disposition-registry,disposition (1 of 6 closed values),runtime,RESOLVED,Actual disposition cell value read literally,1
E03-325,C10,c10.failure.325,sec11-failure-registry,failure-to-disposition citation,required,C10,c10.disposition.004,sec-disposition-registry,disposition (1 of 6 closed values),runtime,RESOLVED,Actual disposition cell value read literally,1
E03-326,C10,c10.failure.326,sec11-failure-registry,failure-to-disposition citation,required,C10,c10.disposition.004,sec-disposition-registry,disposition (1 of 6 closed values),runtime,RESOLVED,Actual disposition cell value read literally,1
E03-327,C10,c10.failure.327,sec11-failure-registry,failure-to-disposition citation,required,C10,c10.disposition.004,sec-disposition-registry,disposition (1 of 6 closed values),runtime,RESOLVED,Actual disposition cell value read literally,1
E03-330,C10,c10.failure.330,sec11-failure-registry,failure-to-disposition citation,required,C10,c10.disposition.004,sec-disposition-registry,disposition (1 of 6 closed values),runtime,RESOLVED,Actual disposition cell value read literally,1
E03-331,C10,c10.failure.331,sec11-failure-registry,failure-to-disposition citation,required,C10,c10.disposition.004,sec-disposition-registry,disposition (1 of 6 closed values),runtime,RESOLVED,Actual disposition cell value read literally,1
E03-332,C10,c10.failure.332,sec11-failure-registry,failure-to-disposition citation,required,C10,c10.disposition.004,sec-disposition-registry,disposition (1 of 6 closed values),runtime,RESOLVED,Actual disposition cell value read literally,1
E03-333,C10,c10.failure.333,sec11-failure-registry,failure-to-disposition citation,required,C10,c10.disposition.004,sec-disposition-registry,disposition (1 of 6 closed values),runtime,RESOLVED,Actual disposition cell value read literally,1
E03-334,C10,c10.failure.334,sec11-failure-registry,failure-to-disposition citation,required,C10,c10.disposition.004,sec-disposition-registry,disposition (1 of 6 closed values),runtime,RESOLVED,Actual disposition cell value read literally,1
E03-335,C10,c10.failure.335,sec11-failure-registry,failure-to-disposition citation,required,C10,c10.disposition.004,sec-disposition-registry,disposition (1 of 6 closed values),runtime,RESOLVED,Actual disposition cell value read literally,1
E03-336,C10,c10.failure.336,sec11-failure-registry,failure-to-disposition citation,required,C10,c10.disposition.004,sec-disposition-registry,disposition (1 of 6 closed values),runtime,RESOLVED,Actual disposition cell value read literally,1
E03-337,C10,c10.failure.337,sec11-failure-registry,failure-to-disposition citation,required,C10,c10.disposition.004,sec-disposition-registry,disposition (1 of 6 closed values),runtime,RESOLVED,Actual disposition cell value read literally,1
E03-338,C10,c10.failure.338,sec11-failure-registry,failure-to-disposition citation,required,C10,c10.disposition.004,sec-disposition-registry,disposition (1 of 6 closed values),runtime,RESOLVED,Actual disposition cell value read literally,1
E03-339,C10,c10.failure.339,sec11-failure-registry,failure-to-disposition citation,required,C10,c10.disposition.004,sec-disposition-registry,disposition (1 of 6 closed values),runtime,RESOLVED,Actual disposition cell value read literally,1
E03-340,C10,c10.failure.340,sec11-failure-registry,failure-to-disposition citation,required,C10,c10.disposition.004,sec-disposition-registry,disposition (1 of 6 closed values),runtime,RESOLVED,Actual disposition cell value read literally,1
E03-341,C10,c10.failure.341,sec11-failure-registry,failure-to-disposition citation,required,C10,c10.disposition.004,sec-disposition-registry,disposition (1 of 6 closed values),runtime,RESOLVED,Actual disposition cell value read literally,1
E03-350,C10,c10.failure.350,sec11-failure-registry,failure-to-disposition citation,required,C10,c10.disposition.004,sec-disposition-registry,disposition (1 of 6 closed values),runtime,RESOLVED,Actual disposition cell value read literally,1
E03-351,C10,c10.failure.351,sec11-failure-registry,failure-to-disposition citation,required,C10,c10.disposition.004,sec-disposition-registry,disposition (1 of 6 closed values),runtime,RESOLVED,Actual disposition cell value read literally,1
E03-352,C10,c10.failure.352,sec11-failure-registry,failure-to-disposition citation,required,C10,c10.disposition.004,sec-disposition-registry,disposition (1 of 6 closed values),runtime,RESOLVED,Actual disposition cell value read literally,1
E03-353,C10,c10.failure.353,sec11-failure-registry,failure-to-disposition citation,required,C10,c10.disposition.004,sec-disposition-registry,disposition (1 of 6 closed values),runtime,RESOLVED,Actual disposition cell value read literally,1
E03-354,C10,c10.failure.354,sec11-failure-registry,failure-to-disposition citation,required,C10,c10.disposition.004,sec-disposition-registry,disposition (1 of 6 closed values),runtime,RESOLVED,Actual disposition cell value read literally,1
E03-355,C10,c10.failure.355,sec11-failure-registry,failure-to-disposition citation,required,C10,c10.disposition.004,sec-disposition-registry,disposition (1 of 6 closed values),runtime,RESOLVED,Actual disposition cell value read literally,1
E03-356,C10,c10.failure.356,sec11-failure-registry,failure-to-disposition citation,required,C10,c10.disposition.004,sec-disposition-registry,disposition (1 of 6 closed values),runtime,RESOLVED,Actual disposition cell value read literally,1
E03-357,C10,c10.failure.357,sec11-failure-registry,failure-to-disposition citation,required,C10,c10.disposition.004,sec-disposition-registry,disposition (1 of 6 closed values),runtime,RESOLVED,Actual disposition cell value read literally,1
E03-358,C10,c10.failure.358,sec11-failure-registry,failure-to-disposition citation,required,C10,c10.disposition.004,sec-disposition-registry,disposition (1 of 6 closed values),runtime,RESOLVED,Actual disposition cell value read literally,1
E03-359,C10,c10.failure.359,sec11-failure-registry,failure-to-disposition citation,required,C10,c10.disposition.004,sec-disposition-registry,disposition (1 of 6 closed values),runtime,RESOLVED,Actual disposition cell value read literally,1
E03-360,C10,c10.failure.360,sec11-failure-registry,failure-to-disposition citation,required,C10,c10.disposition.004,sec-disposition-registry,disposition (1 of 6 closed values),runtime,RESOLVED,Actual disposition cell value read literally,1
E03-361,C10,c10.failure.361,sec11-failure-registry,failure-to-disposition citation,required,C10,c10.disposition.004,sec-disposition-registry,disposition (1 of 6 closed values),runtime,RESOLVED,Actual disposition cell value read literally,1
E03-362,C10,c10.failure.362,sec11-failure-registry,failure-to-disposition citation,required,C10,c10.disposition.004,sec-disposition-registry,disposition (1 of 6 closed values),runtime,RESOLVED,Actual disposition cell value read literally,1
E03-370,C10,c10.failure.370,sec11-failure-registry,failure-to-disposition citation,required,C10,c10.disposition.004,sec-disposition-registry,disposition (1 of 6 closed values),runtime,RESOLVED,Actual disposition cell value read literally,1
E03-371,C10,c10.failure.371,sec11-failure-registry,failure-to-disposition citation,required,C10,c10.disposition.004,sec-disposition-registry,disposition (1 of 6 closed values),runtime,RESOLVED,Actual disposition cell value read literally,1
E03-372,C10,c10.failure.372,sec11-failure-registry,failure-to-disposition citation,required,C10,c10.disposition.004,sec-disposition-registry,disposition (1 of 6 closed values),runtime,RESOLVED,Actual disposition cell value read literally,1
E03-373,C10,c10.failure.373,sec11-failure-registry,failure-to-disposition citation,required,C10,c10.disposition.004,sec-disposition-registry,disposition (1 of 6 closed values),runtime,RESOLVED,Actual disposition cell value read literally,1
E03-374,C10,c10.failure.374,sec11-failure-registry,failure-to-disposition citation,required,C10,c10.disposition.004,sec-disposition-registry,disposition (1 of 6 closed values),runtime,RESOLVED,Actual disposition cell value read literally,1
E03-375,C10,c10.failure.375,sec11-failure-registry,failure-to-disposition citation,required,C10,c10.disposition.004,sec-disposition-registry,disposition (1 of 6 closed values),runtime,RESOLVED,Actual disposition cell value read literally,1
E03-376,C10,c10.failure.376,sec11-failure-registry,failure-to-disposition citation,required,C10,c10.disposition.004,sec-disposition-registry,disposition (1 of 6 closed values),runtime,RESOLVED,Actual disposition cell value read literally,1
E03-377,C10,c10.failure.377,sec11-failure-registry,failure-to-disposition citation,required,C10,c10.disposition.004,sec-disposition-registry,disposition (1 of 6 closed values),runtime,RESOLVED,Actual disposition cell value read literally,1
E03-378,C10,c10.failure.378,sec11-failure-registry,failure-to-disposition citation,required,C10,c10.disposition.004,sec-disposition-registry,disposition (1 of 6 closed values),runtime,RESOLVED,Actual disposition cell value read literally,1
E03-379,C10,c10.failure.379,sec11-failure-registry,failure-to-disposition citation,required,C10,c10.disposition.004,sec-disposition-registry,disposition (1 of 6 closed values),runtime,RESOLVED,Actual disposition cell value read literally,1
E03-380,C10,c10.failure.380,sec11-failure-registry,failure-to-disposition citation,required,C10,c10.disposition.004,sec-disposition-registry,disposition (1 of 6 closed values),runtime,RESOLVED,Actual disposition cell value read literally,1
E03-381,C10,c10.failure.381,sec11-failure-registry,failure-to-disposition citation,required,C10,c10.disposition.004,sec-disposition-registry,disposition (1 of 6 closed values),runtime,RESOLVED,Actual disposition cell value read literally,1
E03-382,C10,c10.failure.382,sec11-failure-registry,failure-to-disposition citation,required,C10,c10.disposition.004,sec-disposition-registry,disposition (1 of 6 closed values),runtime,RESOLVED,Actual disposition cell value read literally,1
E03-383,C10,c10.failure.383,sec11-failure-registry,failure-to-disposition citation,required,C10,c10.disposition.004,sec-disposition-registry,disposition (1 of 6 closed values),runtime,RESOLVED,Actual disposition cell value read literally,1
E03-384,C10,c10.failure.384,sec11-failure-registry,failure-to-disposition citation,required,C10,c10.disposition.004,sec-disposition-registry,disposition (1 of 6 closed values),runtime,RESOLVED,Actual disposition cell value read literally,1
E03-385,C10,c10.failure.385,sec11-failure-registry,failure-to-disposition citation,required,C10,c10.disposition.004,sec-disposition-registry,disposition (1 of 6 closed values),runtime,RESOLVED,Actual disposition cell value read literally,1
E03-386,C10,c10.failure.386,sec11-failure-registry,failure-to-disposition citation,required,C10,c10.disposition.004,sec-disposition-registry,disposition (1 of 6 closed values),runtime,RESOLVED,Actual disposition cell value read literally,1
E03-387,C10,c10.failure.387,sec11-failure-registry,failure-to-disposition citation,required,C10,c10.disposition.004,sec-disposition-registry,disposition (1 of 6 closed values),runtime,RESOLVED,Actual disposition cell value read literally,1
E03-388,C10,c10.failure.388,sec11-failure-registry,failure-to-disposition citation,required,C10,c10.disposition.004,sec-disposition-registry,disposition (1 of 6 closed values),runtime,RESOLVED,Actual disposition cell value read literally,1
E03-389,C10,c10.failure.389,sec11-failure-registry,failure-to-disposition citation,required,C10,c10.disposition.004,sec-disposition-registry,disposition (1 of 6 closed values),runtime,RESOLVED,Actual disposition cell value read literally,1
E03-390,C10,c10.failure.390,sec11-failure-registry,failure-to-disposition citation,required,C10,c10.disposition.004,sec-disposition-registry,disposition (1 of 6 closed values),runtime,RESOLVED,Actual disposition cell value read literally,1
E03-391,C10,c10.failure.391,sec11-failure-registry,failure-to-disposition citation,required,C10,c10.disposition.004,sec-disposition-registry,disposition (1 of 6 closed values),runtime,RESOLVED,Actual disposition cell value read literally,1
E03-392,C10,c10.failure.392,sec11-failure-registry,failure-to-disposition citation,required,C10,c10.disposition.004,sec-disposition-registry,disposition (1 of 6 closed values),runtime,RESOLVED,Actual disposition cell value read literally,1
E03-393,C10,c10.failure.393,sec11-failure-registry,failure-to-disposition citation,required,C10,c10.disposition.004,sec-disposition-registry,disposition (1 of 6 closed values),runtime,RESOLVED,Actual disposition cell value read literally,1
E03-394,C10,c10.failure.394,sec11-failure-registry,failure-to-disposition citation,required,C10,c10.disposition.004,sec-disposition-registry,disposition (1 of 6 closed values),runtime,RESOLVED,Actual disposition cell value read literally,1
E03-395,C10,c10.failure.395,sec11-failure-registry,failure-to-disposition citation,required,C10,c10.disposition.004,sec-disposition-registry,disposition (1 of 6 closed values),runtime,RESOLVED,Actual disposition cell value read literally,1
E03-400,C10,c10.failure.400,sec11-failure-registry,failure-to-disposition citation,required,C10,c10.disposition.004,sec-disposition-registry,disposition (1 of 6 closed values),runtime,RESOLVED,Actual disposition cell value read literally,1
E03-401,C10,c10.failure.401,sec11-failure-registry,failure-to-disposition citation,required,C10,c10.disposition.004,sec-disposition-registry,disposition (1 of 6 closed values),runtime,RESOLVED,Actual disposition cell value read literally,1
E03-402,C10,c10.failure.402,sec11-failure-registry,failure-to-disposition citation,required,C10,c10.disposition.004,sec-disposition-registry,disposition (1 of 6 closed values),runtime,RESOLVED,Actual disposition cell value read literally,1
E03-403,C10,c10.failure.403,sec11-failure-registry,failure-to-disposition citation,required,C10,c10.disposition.004,sec-disposition-registry,disposition (1 of 6 closed values),runtime,RESOLVED,Actual disposition cell value read literally,1
E03-404,C10,c10.failure.404,sec11-failure-registry,failure-to-disposition citation,required,C10,c10.disposition.004,sec-disposition-registry,disposition (1 of 6 closed values),runtime,RESOLVED,Actual disposition cell value read literally,1
E03-405,C10,c10.failure.405,sec11-failure-registry,failure-to-disposition citation,required,C10,c10.disposition.004,sec-disposition-registry,disposition (1 of 6 closed values),runtime,RESOLVED,Actual disposition cell value read literally,1
E03-406,C10,c10.failure.406,sec11-failure-registry,failure-to-disposition citation,required,C10,c10.disposition.004,sec-disposition-registry,disposition (1 of 6 closed values),runtime,RESOLVED,Actual disposition cell value read literally,1
E03-407,C10,c10.failure.407,sec11-failure-registry,failure-to-disposition citation,required,C10,c10.disposition.004,sec-disposition-registry,disposition (1 of 6 closed values),runtime,RESOLVED,Actual disposition cell value read literally,1
E03-410,C10,c10.failure.410,sec11-failure-registry,failure-to-disposition citation,required,C10,c10.disposition.004,sec-disposition-registry,disposition (1 of 6 closed values),runtime,RESOLVED,Actual disposition cell value read literally,1
E03-411,C10,c10.failure.411,sec11-failure-registry,failure-to-disposition citation,required,C10,c10.disposition.004,sec-disposition-registry,disposition (1 of 6 closed values),runtime,RESOLVED,Actual disposition cell value read literally,1
E03-412,C10,c10.failure.412,sec11-failure-registry,failure-to-disposition citation,required,C10,c10.disposition.004,sec-disposition-registry,disposition (1 of 6 closed values),runtime,RESOLVED,Actual disposition cell value read literally,1
E03-413,C10,c10.failure.413,sec11-failure-registry,failure-to-disposition citation,required,C10,c10.disposition.004,sec-disposition-registry,disposition (1 of 6 closed values),runtime,RESOLVED,Actual disposition cell value read literally,1
E03-414,C10,c10.failure.414,sec11-failure-registry,failure-to-disposition citation,required,C10,c10.disposition.004,sec-disposition-registry,disposition (1 of 6 closed values),runtime,RESOLVED,Actual disposition cell value read literally,1
E03-415,C10,c10.failure.415,sec11-failure-registry,failure-to-disposition citation,required,C10,c10.disposition.004,sec-disposition-registry,disposition (1 of 6 closed values),runtime,RESOLVED,Actual disposition cell value read literally,1
E03-416,C10,c10.failure.416,sec11-failure-registry,failure-to-disposition citation,required,C10,c10.disposition.004,sec-disposition-registry,disposition (1 of 6 closed values),runtime,RESOLVED,Actual disposition cell value read literally,1
E03-417,C10,c10.failure.417,sec11-failure-registry,failure-to-disposition citation,required,C10,c10.disposition.004,sec-disposition-registry,disposition (1 of 6 closed values),runtime,RESOLVED,Actual disposition cell value read literally,1
E03-418,C10,c10.failure.418,sec11-failure-registry,failure-to-disposition citation,required,C10,c10.disposition.004,sec-disposition-registry,disposition (1 of 6 closed values),runtime,RESOLVED,Actual disposition cell value read literally,1
E03-419,C10,c10.failure.419,sec11-failure-registry,failure-to-disposition citation,required,C10,c10.disposition.004,sec-disposition-registry,disposition (1 of 6 closed values),runtime,RESOLVED,Actual disposition cell value read literally,1
E03-420,C10,c10.failure.420,sec11-failure-registry,failure-to-disposition citation,required,C10,c10.disposition.004,sec-disposition-registry,disposition (1 of 6 closed values),runtime,RESOLVED,Actual disposition cell value read literally,1
E03-421,C10,c10.failure.421,sec11-failure-registry,failure-to-disposition citation,required,C10,c10.disposition.004,sec-disposition-registry,disposition (1 of 6 closed values),runtime,RESOLVED,Actual disposition cell value read literally,1
E03-422,C10,c10.failure.422,sec11-failure-registry,failure-to-disposition citation,required,C10,c10.disposition.004,sec-disposition-registry,disposition (1 of 6 closed values),runtime,RESOLVED,Actual disposition cell value read literally,1
E03-423,C10,c10.failure.423,sec11-failure-registry,failure-to-disposition citation,required,C10,c10.disposition.004,sec-disposition-registry,disposition (1 of 6 closed values),runtime,RESOLVED,Actual disposition cell value read literally,1
E03-430,C10,c10.failure.430,sec11-failure-registry,failure-to-disposition citation,required,C10,c10.disposition.004,sec-disposition-registry,disposition (1 of 6 closed values),runtime,RESOLVED,Actual disposition cell value read literally,1
E03-431,C10,c10.failure.431,sec11-failure-registry,failure-to-disposition citation,required,C10,c10.disposition.004,sec-disposition-registry,disposition (1 of 6 closed values),runtime,RESOLVED,Actual disposition cell value read literally,1
E03-432,C10,c10.failure.432,sec11-failure-registry,failure-to-disposition citation,required,C10,c10.disposition.004,sec-disposition-registry,disposition (1 of 6 closed values),runtime,RESOLVED,Actual disposition cell value read literally,1
E03-433,C10,c10.failure.433,sec11-failure-registry,failure-to-disposition citation,required,C10,c10.disposition.004,sec-disposition-registry,disposition (1 of 6 closed values),runtime,RESOLVED,Actual disposition cell value read literally,1
E03-434,C10,c10.failure.434,sec11-failure-registry,failure-to-disposition citation,required,C10,c10.disposition.004,sec-disposition-registry,disposition (1 of 6 closed values),runtime,RESOLVED,Actual disposition cell value read literally,1
E03-435,C10,c10.failure.435,sec11-failure-registry,failure-to-disposition citation,required,C10,c10.disposition.004,sec-disposition-registry,disposition (1 of 6 closed values),runtime,RESOLVED,Actual disposition cell value read literally,1
E03-436,C10,c10.failure.436,sec11-failure-registry,failure-to-disposition citation,required,C10,c10.disposition.004,sec-disposition-registry,disposition (1 of 6 closed values),runtime,RESOLVED,Actual disposition cell value read literally,1
E03-437,C10,c10.failure.437,sec11-failure-registry,failure-to-disposition citation,required,C10,c10.disposition.004,sec-disposition-registry,disposition (1 of 6 closed values),runtime,RESOLVED,Actual disposition cell value read literally,1
E03-438,C10,c10.failure.438,sec11-failure-registry,failure-to-disposition citation,required,C10,c10.disposition.004,sec-disposition-registry,disposition (1 of 6 closed values),runtime,RESOLVED,Actual disposition cell value read literally,1
E03-439,C10,c10.failure.439,sec11-failure-registry,failure-to-disposition citation,required,C10,c10.disposition.004,sec-disposition-registry,disposition (1 of 6 closed values),runtime,RESOLVED,Actual disposition cell value read literally,1
E03-440,C10,c10.failure.440,sec11-failure-registry,failure-to-disposition citation,required,C10,c10.disposition.004,sec-disposition-registry,disposition (1 of 6 closed values),runtime,RESOLVED,Actual disposition cell value read literally,1
E03-441,C10,c10.failure.441,sec11-failure-registry,failure-to-disposition citation,required,C10,c10.disposition.004,sec-disposition-registry,disposition (1 of 6 closed values),runtime,RESOLVED,Actual disposition cell value read literally,1
E03-450,C10,c10.failure.450,sec11-failure-registry,failure-to-disposition citation,required,C10,c10.disposition.004,sec-disposition-registry,disposition (1 of 6 closed values),runtime,RESOLVED,Actual disposition cell value read literally,1
E03-451,C10,c10.failure.451,sec11-failure-registry,failure-to-disposition citation,required,C10,c10.disposition.004,sec-disposition-registry,disposition (1 of 6 closed values),runtime,RESOLVED,Actual disposition cell value read literally,1
E03-452,C10,c10.failure.452,sec11-failure-registry,failure-to-disposition citation,required,C10,c10.disposition.004,sec-disposition-registry,disposition (1 of 6 closed values),runtime,RESOLVED,Actual disposition cell value read literally,1
E03-453,C10,c10.failure.453,sec11-failure-registry,failure-to-disposition citation,required,C10,c10.disposition.004,sec-disposition-registry,disposition (1 of 6 closed values),runtime,RESOLVED,Actual disposition cell value read literally,1
E03-454,C10,c10.failure.454,sec11-failure-registry,failure-to-disposition citation,required,C10,c10.disposition.004,sec-disposition-registry,disposition (1 of 6 closed values),runtime,RESOLVED,Actual disposition cell value read literally,1
E03-455,C10,c10.failure.455,sec11-failure-registry,failure-to-disposition citation,required,C10,c10.disposition.004,sec-disposition-registry,disposition (1 of 6 closed values),runtime,RESOLVED,Actual disposition cell value read literally,1
E03-456,C10,c10.failure.456,sec11-failure-registry,failure-to-disposition citation,required,C10,c10.disposition.004,sec-disposition-registry,disposition (1 of 6 closed values),runtime,RESOLVED,Actual disposition cell value read literally,1
E03-457,C10,c10.failure.457,sec11-failure-registry,failure-to-disposition citation,required,C10,c10.disposition.004,sec-disposition-registry,disposition (1 of 6 closed values),runtime,RESOLVED,Actual disposition cell value read literally,1
E03-458,C10,c10.failure.458,sec11-failure-registry,failure-to-disposition citation,required,C10,c10.disposition.004,sec-disposition-registry,disposition (1 of 6 closed values),runtime,RESOLVED,Actual disposition cell value read literally,1
E03-459,C10,c10.failure.459,sec11-failure-registry,failure-to-disposition citation,required,C10,c10.disposition.004,sec-disposition-registry,disposition (1 of 6 closed values),runtime,RESOLVED,Actual disposition cell value read literally,1
E03-460,C10,c10.failure.460,sec11-failure-registry,failure-to-disposition citation,required,C10,c10.disposition.004,sec-disposition-registry,disposition (1 of 6 closed values),runtime,RESOLVED,Actual disposition cell value read literally,1
E03-461,C10,c10.failure.461,sec11-failure-registry,failure-to-disposition citation,required,C10,c10.disposition.004,sec-disposition-registry,disposition (1 of 6 closed values),runtime,RESOLVED,Actual disposition cell value read literally,1
E03-462,C10,c10.failure.462,sec11-failure-registry,failure-to-disposition citation,required,C10,c10.disposition.004,sec-disposition-registry,disposition (1 of 6 closed values),runtime,RESOLVED,Actual disposition cell value read literally,1
E03-463,C10,c10.failure.463,sec11-failure-registry,failure-to-disposition citation,required,C10,c10.disposition.004,sec-disposition-registry,disposition (1 of 6 closed values),runtime,RESOLVED,Actual disposition cell value read literally,1
E03-464,C10,c10.failure.464,sec11-failure-registry,failure-to-disposition citation,required,C10,c10.disposition.004,sec-disposition-registry,disposition (1 of 6 closed values),runtime,RESOLVED,Actual disposition cell value read literally,1
E03-465,C10,c10.failure.465,sec11-failure-registry,failure-to-disposition citation,required,C10,c10.disposition.004,sec-disposition-registry,disposition (1 of 6 closed values),runtime,RESOLVED,Actual disposition cell value read literally,1
E03-466,C10,c10.failure.466,sec11-failure-registry,failure-to-disposition citation,required,C10,c10.disposition.004,sec-disposition-registry,disposition (1 of 6 closed values),runtime,RESOLVED,Actual disposition cell value read literally,1
E03-467,C10,c10.failure.467,sec11-failure-registry,failure-to-disposition citation,required,C10,c10.disposition.004,sec-disposition-registry,disposition (1 of 6 closed values),runtime,RESOLVED,Actual disposition cell value read literally,1
E03-468,C10,c10.failure.468,sec11-failure-registry,failure-to-disposition citation,required,C10,c10.disposition.004,sec-disposition-registry,disposition (1 of 6 closed values),runtime,RESOLVED,Actual disposition cell value read literally,1
E03-469,C10,c10.failure.469,sec11-failure-registry,failure-to-disposition citation,required,C10,c10.disposition.004,sec-disposition-registry,disposition (1 of 6 closed values),runtime,RESOLVED,Actual disposition cell value read literally,1
E03-500,C10,c10.failure.500,sec11-failure-registry,failure-to-disposition citation,required,C10,c10.disposition.004,sec-disposition-registry,disposition (1 of 6 closed values),runtime,RESOLVED,Actual disposition cell value read literally,1
E03-501,C10,c10.failure.501,sec11-failure-registry,failure-to-disposition citation,required,C10,c10.disposition.004,sec-disposition-registry,disposition (1 of 6 closed values),runtime,RESOLVED,Actual disposition cell value read literally,1
E03-502,C10,c10.failure.502,sec11-failure-registry,failure-to-disposition citation,required,C10,c10.disposition.004,sec-disposition-registry,disposition (1 of 6 closed values),runtime,RESOLVED,Actual disposition cell value read literally,1
E03-503,C10,c10.failure.503,sec11-failure-registry,failure-to-disposition citation,required,C10,c10.disposition.004,sec-disposition-registry,disposition (1 of 6 closed values),runtime,RESOLVED,Actual disposition cell value read literally,1
E03-504,C10,c10.failure.504,sec11-failure-registry,failure-to-disposition citation,required,C10,c10.disposition.004,sec-disposition-registry,disposition (1 of 6 closed values),runtime,RESOLVED,Actual disposition cell value read literally,1
E03-505,C10,c10.failure.505,sec11-failure-registry,failure-to-disposition citation,required,C10,c10.disposition.004,sec-disposition-registry,disposition (1 of 6 closed values),runtime,RESOLVED,Actual disposition cell value read literally,1
E03-506,C10,c10.failure.506,sec11-failure-registry,failure-to-disposition citation,required,C10,c10.disposition.004,sec-disposition-registry,disposition (1 of 6 closed values),runtime,RESOLVED,Actual disposition cell value read literally,1
E03-507,C10,c10.failure.507,sec11-failure-registry,failure-to-disposition citation,required,C10,c10.disposition.004,sec-disposition-registry,disposition (1 of 6 closed values),runtime,RESOLVED,Actual disposition cell value read literally,1
E03-508,C10,c10.failure.508,sec11-failure-registry,failure-to-disposition citation,required,C10,c10.disposition.004,sec-disposition-registry,disposition (1 of 6 closed values),runtime,RESOLVED,Actual disposition cell value read literally,1
E03-509,C10,c10.failure.509,sec11-failure-registry,failure-to-disposition citation,required,C10,c10.disposition.004,sec-disposition-registry,disposition (1 of 6 closed values),runtime,RESOLVED,Actual disposition cell value read literally,1
E03-510,C10,c10.failure.510,sec11-failure-registry,failure-to-disposition citation,required,C10,c10.disposition.004,sec-disposition-registry,disposition (1 of 6 closed values),runtime,RESOLVED,Actual disposition cell value read literally,1
E03-511,C10,c10.failure.511,sec11-failure-registry,failure-to-disposition citation,required,C10,c10.disposition.004,sec-disposition-registry,disposition (1 of 6 closed values),runtime,RESOLVED,Actual disposition cell value read literally,1
E03-512,C10,c10.failure.512,sec11-failure-registry,failure-to-disposition citation,required,C10,c10.disposition.004,sec-disposition-registry,disposition (1 of 6 closed values),runtime,RESOLVED,Actual disposition cell value read literally,1
E03-513,C10,c10.failure.513,sec11-failure-registry,failure-to-disposition citation,required,C10,c10.disposition.004,sec-disposition-registry,disposition (1 of 6 closed values),runtime,RESOLVED,Actual disposition cell value read literally,1
E03-514,C10,c10.failure.514,sec11-failure-registry,failure-to-disposition citation,required,C10,c10.disposition.004,sec-disposition-registry,disposition (1 of 6 closed values),runtime,RESOLVED,Actual disposition cell value read literally,1
E03-515,C10,c10.failure.515,sec11-failure-registry,failure-to-disposition citation,required,C10,c10.disposition.004,sec-disposition-registry,disposition (1 of 6 closed values),runtime,RESOLVED,Actual disposition cell value read literally,1
E03-516,C10,c10.failure.516,sec11-failure-registry,failure-to-disposition citation,required,C10,c10.disposition.004,sec-disposition-registry,disposition (1 of 6 closed values),runtime,RESOLVED,Actual disposition cell value read literally,1
E03-517,C10,c10.failure.517,sec11-failure-registry,failure-to-disposition citation,required,C10,c10.disposition.004,sec-disposition-registry,disposition (1 of 6 closed values),runtime,RESOLVED,Actual disposition cell value read literally,1
E03-518,C10,c10.failure.518,sec11-failure-registry,failure-to-disposition citation,required,C10,c10.disposition.004,sec-disposition-registry,disposition (1 of 6 closed values),runtime,RESOLVED,Actual disposition cell value read literally,1
E03-519,C10,c10.failure.519,sec11-failure-registry,failure-to-disposition citation,required,C10,c10.disposition.004,sec-disposition-registry,disposition (1 of 6 closed values),runtime,RESOLVED,Actual disposition cell value read literally,1
E03-520,C10,c10.failure.520,sec11-failure-registry,failure-to-disposition citation,required,C10,c10.disposition.004,sec-disposition-registry,disposition (1 of 6 closed values),runtime,RESOLVED,Actual disposition cell value read literally,1
E03-521,C10,c10.failure.521,sec11-failure-registry,failure-to-disposition citation,required,C10,c10.disposition.004,sec-disposition-registry,disposition (1 of 6 closed values),runtime,RESOLVED,Actual disposition cell value read literally,1
E03-530,C10,c10.failure.530,sec11-failure-registry,failure-to-disposition citation,required,C10,c10.disposition.004,sec-disposition-registry,disposition (1 of 6 closed values),runtime,RESOLVED,Actual disposition cell value read literally,1
E03-531,C10,c10.failure.531,sec11-failure-registry,failure-to-disposition citation,required,C10,c10.disposition.004,sec-disposition-registry,disposition (1 of 6 closed values),runtime,RESOLVED,Actual disposition cell value read literally,1
E03-532,C10,c10.failure.532,sec11-failure-registry,failure-to-disposition citation,required,C10,c10.disposition.004,sec-disposition-registry,disposition (1 of 6 closed values),runtime,RESOLVED,Actual disposition cell value read literally,1
E03-533,C10,c10.failure.533,sec11-failure-registry,failure-to-disposition citation,required,C10,c10.disposition.004,sec-disposition-registry,disposition (1 of 6 closed values),runtime,RESOLVED,Actual disposition cell value read literally,1
E03-534,C10,c10.failure.534,sec11-failure-registry,failure-to-disposition citation,required,C10,c10.disposition.004,sec-disposition-registry,disposition (1 of 6 closed values),runtime,RESOLVED,Actual disposition cell value read literally,1
E03-535,C10,c10.failure.535,sec11-failure-registry,failure-to-disposition citation,required,C10,c10.disposition.004,sec-disposition-registry,disposition (1 of 6 closed values),runtime,RESOLVED,Actual disposition cell value read literally,1
E03-536,C10,c10.failure.536,sec11-failure-registry,failure-to-disposition citation,required,C10,c10.disposition.004,sec-disposition-registry,disposition (1 of 6 closed values),runtime,RESOLVED,Actual disposition cell value read literally,1
E03-537,C10,c10.failure.537,sec11-failure-registry,failure-to-disposition citation,required,C10,c10.disposition.004,sec-disposition-registry,disposition (1 of 6 closed values),runtime,RESOLVED,Actual disposition cell value read literally,1
E03-538,C10,c10.failure.538,sec11-failure-registry,failure-to-disposition citation,required,C10,c10.disposition.004,sec-disposition-registry,disposition (1 of 6 closed values),runtime,RESOLVED,Actual disposition cell value read literally,1
E03-539,C10,c10.failure.539,sec11-failure-registry,failure-to-disposition citation,required,C10,c10.disposition.004,sec-disposition-registry,disposition (1 of 6 closed values),runtime,RESOLVED,Actual disposition cell value read literally,1
E03-540,C10,c10.failure.540,sec11-failure-registry,failure-to-disposition citation,required,C10,c10.disposition.004,sec-disposition-registry,disposition (1 of 6 closed values),runtime,RESOLVED,Actual disposition cell value read literally,1
E03-541,C10,c10.failure.541,sec11-failure-registry,failure-to-disposition citation,required,C10,c10.disposition.004,sec-disposition-registry,disposition (1 of 6 closed values),runtime,RESOLVED,Actual disposition cell value read literally,1
E03-542,C10,c10.failure.542,sec11-failure-registry,failure-to-disposition citation,required,C10,c10.disposition.004,sec-disposition-registry,disposition (1 of 6 closed values),runtime,RESOLVED,Actual disposition cell value read literally,1
E03-600,C10,c10.failure.600,sec11-failure-registry,failure-to-disposition citation,required,C10,c10.disposition.004,sec-disposition-registry,disposition (1 of 6 closed values),runtime,RESOLVED,Actual disposition cell value read literally,1
E03-601,C10,c10.failure.601,sec11-failure-registry,failure-to-disposition citation,required,C10,c10.disposition.004,sec-disposition-registry,disposition (1 of 6 closed values),runtime,RESOLVED,Actual disposition cell value read literally,1
E03-602,C10,c10.failure.602,sec11-failure-registry,failure-to-disposition citation,required,C10,c10.disposition.004,sec-disposition-registry,disposition (1 of 6 closed values),runtime,RESOLVED,Actual disposition cell value read literally,1
E03-603,C10,c10.failure.603,sec11-failure-registry,failure-to-disposition citation,required,C10,c10.disposition.004,sec-disposition-registry,disposition (1 of 6 closed values),runtime,RESOLVED,Actual disposition cell value read literally,1
E03-604,C10,c10.failure.604,sec11-failure-registry,failure-to-disposition citation,required,C10,c10.disposition.004,sec-disposition-registry,disposition (1 of 6 closed values),runtime,RESOLVED,Actual disposition cell value read literally,1
E03-605,C10,c10.failure.605,sec11-failure-registry,failure-to-disposition citation,required,C10,c10.disposition.004,sec-disposition-registry,disposition (1 of 6 closed values),runtime,RESOLVED,Actual disposition cell value read literally,1
E03-606,C10,c10.failure.606,sec11-failure-registry,failure-to-disposition citation,required,C10,c10.disposition.004,sec-disposition-registry,disposition (1 of 6 closed values),runtime,RESOLVED,Actual disposition cell value read literally,1
E03-607,C10,c10.failure.607,sec11-failure-registry,failure-to-disposition citation,required,C10,c10.disposition.004,sec-disposition-registry,disposition (1 of 6 closed values),runtime,RESOLVED,Actual disposition cell value read literally,1
E03-608,C10,c10.failure.608,sec11-failure-registry,failure-to-disposition citation,required,C10,c10.disposition.004,sec-disposition-registry,disposition (1 of 6 closed values),runtime,RESOLVED,Actual disposition cell value read literally,1
E03-609,C10,c10.failure.609,sec11-failure-registry,failure-to-disposition citation,required,C10,c10.disposition.004,sec-disposition-registry,disposition (1 of 6 closed values),runtime,RESOLVED,Actual disposition cell value read literally,1
E03-610,C10,c10.failure.610,sec11-failure-registry,failure-to-disposition citation,required,C10,c10.disposition.004,sec-disposition-registry,disposition (1 of 6 closed values),runtime,RESOLVED,Actual disposition cell value read literally,1
E03-611,C10,c10.failure.611,sec11-failure-registry,failure-to-disposition citation,required,C10,c10.disposition.004,sec-disposition-registry,disposition (1 of 6 closed values),runtime,RESOLVED,Actual disposition cell value read literally,1
E03-612,C10,c10.failure.612,sec11-failure-registry,failure-to-disposition citation,required,C10,c10.disposition.004,sec-disposition-registry,disposition (1 of 6 closed values),runtime,RESOLVED,Actual disposition cell value read literally,1
E03-613,C10,c10.failure.613,sec11-failure-registry,failure-to-disposition citation,required,C10,c10.disposition.004,sec-disposition-registry,disposition (1 of 6 closed values),runtime,RESOLVED,Actual disposition cell value read literally,1
E03-614,C10,c10.failure.614,sec11-failure-registry,failure-to-disposition citation,required,C10,c10.disposition.004,sec-disposition-registry,disposition (1 of 6 closed values),runtime,RESOLVED,Actual disposition cell value read literally,1
E03-615,C10,c10.failure.615,sec11-failure-registry,failure-to-disposition citation,required,C10,c10.disposition.004,sec-disposition-registry,disposition (1 of 6 closed values),runtime,RESOLVED,Actual disposition cell value read literally,1
E03-616,C10,c10.failure.616,sec11-failure-registry,failure-to-disposition citation,required,C10,c10.disposition.004,sec-disposition-registry,disposition (1 of 6 closed values),runtime,RESOLVED,Actual disposition cell value read literally,1
E03-617,C10,c10.failure.617,sec11-failure-registry,failure-to-disposition citation,required,C10,c10.disposition.004,sec-disposition-registry,disposition (1 of 6 closed values),runtime,RESOLVED,Actual disposition cell value read literally,1
E03-618,C10,c10.failure.618,sec11-failure-registry,failure-to-disposition citation,required,C10,c10.disposition.004,sec-disposition-registry,disposition (1 of 6 closed values),runtime,RESOLVED,Actual disposition cell value read literally,1
E03-619,C10,c10.failure.619,sec11-failure-registry,failure-to-disposition citation,required,C10,c10.disposition.004,sec-disposition-registry,disposition (1 of 6 closed values),runtime,RESOLVED,Actual disposition cell value read literally,1
E03-620,C10,c10.failure.620,sec11-failure-registry,failure-to-disposition citation,required,C10,c10.disposition.004,sec-disposition-registry,disposition (1 of 6 closed values),runtime,RESOLVED,Actual disposition cell value read literally,1
E03-621,C10,c10.failure.621,sec11-failure-registry,failure-to-disposition citation,required,C10,c10.disposition.004,sec-disposition-registry,disposition (1 of 6 closed values),runtime,RESOLVED,Actual disposition cell value read literally,1
E03-622,C10,c10.failure.622,sec11-failure-registry,failure-to-disposition citation,required,C10,c10.disposition.004,sec-disposition-registry,disposition (1 of 6 closed values),runtime,RESOLVED,Actual disposition cell value read literally,1
E03-623,C10,c10.failure.623,sec11-failure-registry,failure-to-disposition citation,required,C10,c10.disposition.004,sec-disposition-registry,disposition (1 of 6 closed values),runtime,RESOLVED,Actual disposition cell value read literally,1
E03-624,C10,c10.failure.624,sec11-failure-registry,failure-to-disposition citation,required,C10,c10.disposition.004,sec-disposition-registry,disposition (1 of 6 closed values),runtime,RESOLVED,Actual disposition cell value read literally,1
E03-625,C10,c10.failure.625,sec11-failure-registry,failure-to-disposition citation,required,C10,c10.disposition.004,sec-disposition-registry,disposition (1 of 6 closed values),runtime,RESOLVED,Actual disposition cell value read literally,1
E03-626,C10,c10.failure.626,sec11-failure-registry,failure-to-disposition citation,required,C10,c10.disposition.004,sec-disposition-registry,disposition (1 of 6 closed values),runtime,RESOLVED,Actual disposition cell value read literally,1
E03-627,C10,c10.failure.627,sec11-failure-registry,failure-to-disposition citation,required,C10,c10.disposition.004,sec-disposition-registry,disposition (1 of 6 closed values),runtime,RESOLVED,Actual disposition cell value read literally,1
E03-628,C10,c10.failure.628,sec11-failure-registry,failure-to-disposition citation,required,C10,c10.disposition.004,sec-disposition-registry,disposition (1 of 6 closed values),runtime,RESOLVED,Actual disposition cell value read literally,1
E03-629,C10,c10.failure.629,sec11-failure-registry,failure-to-disposition citation,required,C10,c10.disposition.004,sec-disposition-registry,disposition (1 of 6 closed values),runtime,RESOLVED,Actual disposition cell value read literally,1
E03-630,C10,c10.failure.630,sec11-failure-registry,failure-to-disposition citation,required,C10,c10.disposition.004,sec-disposition-registry,disposition (1 of 6 closed values),runtime,RESOLVED,Actual disposition cell value read literally,1
E03-640,C10,c10.failure.640,sec11-failure-registry,failure-to-disposition citation,required,C10,c10.disposition.004,sec-disposition-registry,disposition (1 of 6 closed values),runtime,RESOLVED,Actual disposition cell value read literally,1
E03-641,C10,c10.failure.641,sec11-failure-registry,failure-to-disposition citation,required,C10,c10.disposition.004,sec-disposition-registry,disposition (1 of 6 closed values),runtime,RESOLVED,Actual disposition cell value read literally,1
E03-642,C10,c10.failure.642,sec11-failure-registry,failure-to-disposition citation,required,C10,c10.disposition.004,sec-disposition-registry,disposition (1 of 6 closed values),runtime,RESOLVED,Actual disposition cell value read literally,1
E03-643,C10,c10.failure.643,sec11-failure-registry,failure-to-disposition citation,required,C10,c10.disposition.004,sec-disposition-registry,disposition (1 of 6 closed values),runtime,RESOLVED,Actual disposition cell value read literally,1
E03-644,C10,c10.failure.644,sec11-failure-registry,failure-to-disposition citation,required,C10,c10.disposition.004,sec-disposition-registry,disposition (1 of 6 closed values),runtime,RESOLVED,Actual disposition cell value read literally,1
E03-645,C10,c10.failure.645,sec11-failure-registry,failure-to-disposition citation,required,C10,c10.disposition.004,sec-disposition-registry,disposition (1 of 6 closed values),runtime,RESOLVED,Actual disposition cell value read literally,1
E03-646,C10,c10.failure.646,sec11-failure-registry,failure-to-disposition citation,required,C10,c10.disposition.004,sec-disposition-registry,disposition (1 of 6 closed values),runtime,RESOLVED,Actual disposition cell value read literally,1
E03-647,C10,c10.failure.647,sec11-failure-registry,failure-to-disposition citation,required,C10,c10.disposition.004,sec-disposition-registry,disposition (1 of 6 closed values),runtime,RESOLVED,Actual disposition cell value read literally,1
E03-648,C10,c10.failure.648,sec11-failure-registry,failure-to-disposition citation,required,C10,c10.disposition.004,sec-disposition-registry,disposition (1 of 6 closed values),runtime,RESOLVED,Actual disposition cell value read literally,1
E03-649,C10,c10.failure.649,sec11-failure-registry,failure-to-disposition citation,required,C10,c10.disposition.004,sec-disposition-registry,disposition (1 of 6 closed values),runtime,RESOLVED,Actual disposition cell value read literally,1
E03-650,C10,c10.failure.650,sec11-failure-registry,failure-to-disposition citation,required,C10,c10.disposition.004,sec-disposition-registry,disposition (1 of 6 closed values),runtime,RESOLVED,Actual disposition cell value read literally,1
E03-651,C10,c10.failure.651,sec11-failure-registry,failure-to-disposition citation,required,C10,c10.disposition.004,sec-disposition-registry,disposition (1 of 6 closed values),runtime,RESOLVED,Actual disposition cell value read literally,1
E03-652,C10,c10.failure.652,sec11-failure-registry,failure-to-disposition citation,required,C10,c10.disposition.004,sec-disposition-registry,disposition (1 of 6 closed values),runtime,RESOLVED,Actual disposition cell value read literally,1
E03-655,C10,c10.failure.655,sec11-failure-registry,failure-to-disposition citation,required,C10,c10.disposition.004,sec-disposition-registry,disposition (1 of 6 closed values),runtime,RESOLVED,Actual disposition cell value read literally,1
E03-660,C10,c10.failure.660,sec11-failure-registry,failure-to-disposition citation,required,C10,c10.disposition.004,sec-disposition-registry,disposition (1 of 6 closed values),runtime,RESOLVED,Actual disposition cell value read literally,1
E03-661,C10,c10.failure.661,sec11-failure-registry,failure-to-disposition citation,required,C10,c10.disposition.004,sec-disposition-registry,disposition (1 of 6 closed values),runtime,RESOLVED,Actual disposition cell value read literally,1
E03-662,C10,c10.failure.662,sec11-failure-registry,failure-to-disposition citation,required,C10,c10.disposition.004,sec-disposition-registry,disposition (1 of 6 closed values),runtime,RESOLVED,Actual disposition cell value read literally,1
E03-663,C10,c10.failure.663,sec11-failure-registry,failure-to-disposition citation,required,C10,c10.disposition.004,sec-disposition-registry,disposition (1 of 6 closed values),runtime,RESOLVED,Actual disposition cell value read literally,1
E03-664,C10,c10.failure.664,sec11-failure-registry,failure-to-disposition citation,required,C10,c10.disposition.004,sec-disposition-registry,disposition (1 of 6 closed values),runtime,RESOLVED,Actual disposition cell value read literally,1
E03-665,C10,c10.failure.665,sec11-failure-registry,failure-to-disposition citation,required,C10,c10.disposition.004,sec-disposition-registry,disposition (1 of 6 closed values),runtime,RESOLVED,Actual disposition cell value read literally,1
E03-666,C10,c10.failure.666,sec11-failure-registry,failure-to-disposition citation,required,C10,c10.disposition.004,sec-disposition-registry,disposition (1 of 6 closed values),runtime,RESOLVED,Actual disposition cell value read literally,1
E03-667,C10,c10.failure.667,sec11-failure-registry,failure-to-disposition citation,required,C10,c10.disposition.004,sec-disposition-registry,disposition (1 of 6 closed values),runtime,RESOLVED,Actual disposition cell value read literally,1
E03-670,C10,c10.failure.670,sec11-failure-registry,failure-to-disposition citation,required,C10,c10.disposition.004,sec-disposition-registry,disposition (1 of 6 closed values),runtime,RESOLVED,Actual disposition cell value read literally,1
E03-671,C10,c10.failure.671,sec11-failure-registry,failure-to-disposition citation,required,C10,c10.disposition.004,sec-disposition-registry,disposition (1 of 6 closed values),runtime,RESOLVED,Actual disposition cell value read literally,1
E03-672,C10,c10.failure.672,sec11-failure-registry,failure-to-disposition citation,required,C10,c10.disposition.004,sec-disposition-registry,disposition (1 of 6 closed values),runtime,RESOLVED,Actual disposition cell value read literally,1
E03-673,C10,c10.failure.673,sec11-failure-registry,failure-to-disposition citation,required,C10,c10.disposition.004,sec-disposition-registry,disposition (1 of 6 closed values),runtime,RESOLVED,Actual disposition cell value read literally,1
E03-674,C10,c10.failure.674,sec11-failure-registry,failure-to-disposition citation,required,C10,c10.disposition.004,sec-disposition-registry,disposition (1 of 6 closed values),runtime,RESOLVED,Actual disposition cell value read literally,1
E03-675,C10,c10.failure.675,sec11-failure-registry,failure-to-disposition citation,required,C10,c10.disposition.004,sec-disposition-registry,disposition (1 of 6 closed values),runtime,RESOLVED,Actual disposition cell value read literally,1
E03-676,C10,c10.failure.676,sec11-failure-registry,failure-to-disposition citation,required,C10,c10.disposition.004,sec-disposition-registry,disposition (1 of 6 closed values),runtime,RESOLVED,Actual disposition cell value read literally,1
E03-677,C10,c10.failure.677,sec11-failure-registry,failure-to-disposition citation,required,C10,c10.disposition.004,sec-disposition-registry,disposition (1 of 6 closed values),runtime,RESOLVED,Actual disposition cell value read literally,1
E03-680,C10,c10.failure.680,sec11-failure-registry,failure-to-disposition citation,required,C10,c10.disposition.004,sec-disposition-registry,disposition (1 of 6 closed values),runtime,RESOLVED,Actual disposition cell value read literally,1
E03-681,C10,c10.failure.681,sec11-failure-registry,failure-to-disposition citation,required,C10,c10.disposition.004,sec-disposition-registry,disposition (1 of 6 closed values),runtime,RESOLVED,Actual disposition cell value read literally,1
E03-682,C10,c10.failure.682,sec11-failure-registry,failure-to-disposition citation,required,C10,c10.disposition.004,sec-disposition-registry,disposition (1 of 6 closed values),runtime,RESOLVED,Actual disposition cell value read literally,1
E03-683,C10,c10.failure.683,sec11-failure-registry,failure-to-disposition citation,required,C10,c10.disposition.004,sec-disposition-registry,disposition (1 of 6 closed values),runtime,RESOLVED,Actual disposition cell value read literally,1
E03-684,C10,c10.failure.684,sec11-failure-registry,failure-to-disposition citation,required,C10,c10.disposition.004,sec-disposition-registry,disposition (1 of 6 closed values),runtime,RESOLVED,Actual disposition cell value read literally,1
E03-685,C10,c10.failure.685,sec11-failure-registry,failure-to-disposition citation,required,C10,c10.disposition.004,sec-disposition-registry,disposition (1 of 6 closed values),runtime,RESOLVED,Actual disposition cell value read literally,1
E03-686,C10,c10.failure.686,sec11-failure-registry,failure-to-disposition citation,required,C10,c10.disposition.004,sec-disposition-registry,disposition (1 of 6 closed values),runtime,RESOLVED,Actual disposition cell value read literally,1
E03-687,C10,c10.failure.687,sec11-failure-registry,failure-to-disposition citation,required,C10,c10.disposition.004,sec-disposition-registry,disposition (1 of 6 closed values),runtime,RESOLVED,Actual disposition cell value read literally,1
E03-690,C10,c10.failure.690,sec11-failure-registry,failure-to-disposition citation,required,C10,c10.disposition.004,sec-disposition-registry,disposition (1 of 6 closed values),runtime,RESOLVED,Actual disposition cell value read literally,1
E03-691,C10,c10.failure.691,sec11-failure-registry,failure-to-disposition citation,required,C10,c10.disposition.004,sec-disposition-registry,disposition (1 of 6 closed values),runtime,RESOLVED,Actual disposition cell value read literally,1
E03-692,C10,c10.failure.692,sec11-failure-registry,failure-to-disposition citation,required,C10,c10.disposition.004,sec-disposition-registry,disposition (1 of 6 closed values),runtime,RESOLVED,Actual disposition cell value read literally,1
E03-693,C10,c10.failure.693,sec11-failure-registry,failure-to-disposition citation,required,C10,c10.disposition.004,sec-disposition-registry,disposition (1 of 6 closed values),runtime,RESOLVED,Actual disposition cell value read literally,1
E03-694,C10,c10.failure.694,sec11-failure-registry,failure-to-disposition citation,required,C10,c10.disposition.004,sec-disposition-registry,disposition (1 of 6 closed values),runtime,RESOLVED,Actual disposition cell value read literally,1
E03-695,C10,c10.failure.695,sec11-failure-registry,failure-to-disposition citation,required,C10,c10.disposition.004,sec-disposition-registry,disposition (1 of 6 closed values),runtime,RESOLVED,Actual disposition cell value read literally,1
E03-696,C10,c10.failure.696,sec11-failure-registry,failure-to-disposition citation,required,C10,c10.disposition.004,sec-disposition-registry,disposition (1 of 6 closed values),runtime,RESOLVED,Actual disposition cell value read literally,1
E03-697,C10,c10.failure.697,sec11-failure-registry,failure-to-disposition citation,required,C10,c10.disposition.004,sec-disposition-registry,disposition (1 of 6 closed values),runtime,RESOLVED,Actual disposition cell value read literally,1
E03-698,C10,c10.failure.698,sec11-failure-registry,failure-to-disposition citation,required,C10,c10.disposition.004,sec-disposition-registry,disposition (1 of 6 closed values),runtime,RESOLVED,Actual disposition cell value read literally,1
E03-699,C10,c10.failure.699,sec11-failure-registry,failure-to-disposition citation,required,C10,c10.disposition.004,sec-disposition-registry,disposition (1 of 6 closed values),runtime,RESOLVED,Actual disposition cell value read literally,1
E03-700,C10,c10.failure.700,sec11-failure-registry,failure-to-disposition citation,required,C10,c10.disposition.004,sec-disposition-registry,disposition (1 of 6 closed values),runtime,RESOLVED,Actual disposition cell value read literally,1
E03-704,C10,c10.failure.704,sec11-failure-registry,failure-to-disposition citation,required,C10,c10.disposition.005,sec-disposition-registry,disposition (1 of 6 closed values),runtime,RESOLVED,Actual disposition cell value read literally,1
E03-705,C10,c10.failure.705,sec11-failure-registry,failure-to-disposition citation,required,C10,c10.disposition.005,sec-disposition-registry,disposition (1 of 6 closed values),runtime,RESOLVED,Actual disposition cell value read literally,1
E03-706,C10,c10.failure.706,sec11-failure-registry,failure-to-disposition citation,required,C10,c10.disposition.005,sec-disposition-registry,disposition (1 of 6 closed values),runtime,RESOLVED,Actual disposition cell value read literally,1
E03-707,C10,c10.failure.707,sec11-failure-registry,failure-to-disposition citation,required,C10,c10.disposition.005,sec-disposition-registry,disposition (1 of 6 closed values),runtime,RESOLVED,Actual disposition cell value read literally,1
E03-708,C10,c10.failure.708,sec11-failure-registry,failure-to-disposition citation,required,C10,c10.disposition.005,sec-disposition-registry,disposition (1 of 6 closed values),runtime,RESOLVED,Actual disposition cell value read literally,1
E03-709,C10,c10.failure.709,sec11-failure-registry,failure-to-disposition citation,required,C10,c10.disposition.005,sec-disposition-registry,disposition (1 of 6 closed values),runtime,RESOLVED,Actual disposition cell value read literally,1
E03-710,C10,c10.failure.710,sec11-failure-registry,failure-to-disposition citation,required,C10,c10.disposition.005,sec-disposition-registry,disposition (1 of 6 closed values),runtime,RESOLVED,Actual disposition cell value read literally,1
E03-711,C10,c10.failure.711,sec11-failure-registry,failure-to-disposition citation,required,C10,c10.disposition.005,sec-disposition-registry,disposition (1 of 6 closed values),runtime,RESOLVED,Actual disposition cell value read literally,1
E03-712,C10,c10.failure.712,sec11-failure-registry,failure-to-disposition citation,required,C10,c10.disposition.005,sec-disposition-registry,disposition (1 of 6 closed values),runtime,RESOLVED,Actual disposition cell value read literally,1
E03-713,C10,c10.failure.713,sec11-failure-registry,failure-to-disposition citation,required,C10,c10.disposition.005,sec-disposition-registry,disposition (1 of 6 closed values),runtime,RESOLVED,Actual disposition cell value read literally,1
E03-714,C10,c10.failure.714,sec11-failure-registry,failure-to-disposition citation,required,C10,c10.disposition.005,sec-disposition-registry,disposition (1 of 6 closed values),runtime,RESOLVED,Actual disposition cell value read literally,1
E03-715,C10,c10.failure.715,sec11-failure-registry,failure-to-disposition citation,required,C10,c10.disposition.005,sec-disposition-registry,disposition (1 of 6 closed values),runtime,RESOLVED,Actual disposition cell value read literally,1
E03-716,C10,c10.failure.716,sec11-failure-registry,failure-to-disposition citation,required,C10,c10.disposition.005,sec-disposition-registry,disposition (1 of 6 closed values),runtime,RESOLVED,Actual disposition cell value read literally,1
E03-717,C10,c10.failure.717,sec11-failure-registry,failure-to-disposition citation,required,C10,c10.disposition.005,sec-disposition-registry,disposition (1 of 6 closed values),runtime,RESOLVED,Actual disposition cell value read literally,1
E03-718,C10,c10.failure.718,sec11-failure-registry,failure-to-disposition citation,required,C10,c10.disposition.005,sec-disposition-registry,disposition (1 of 6 closed values),runtime,RESOLVED,Actual disposition cell value read literally,1
E03-719,C10,c10.failure.719,sec11-failure-registry,failure-to-disposition citation,required,C10,c10.disposition.005,sec-disposition-registry,disposition (1 of 6 closed values),runtime,RESOLVED,Actual disposition cell value read literally,1
E03-720,C10,c10.failure.720,sec11-failure-registry,failure-to-disposition citation,required,C10,c10.disposition.005,sec-disposition-registry,disposition (1 of 6 closed values),runtime,RESOLVED,Actual disposition cell value read literally,1
E03-721,C10,c10.failure.721,sec11-failure-registry,failure-to-disposition citation,required,C10,c10.disposition.005,sec-disposition-registry,disposition (1 of 6 closed values),runtime,RESOLVED,Actual disposition cell value read literally,1
E03-722,C10,c10.failure.722,sec11-failure-registry,failure-to-disposition citation,required,C10,c10.disposition.005,sec-disposition-registry,disposition (1 of 6 closed values),runtime,RESOLVED,Actual disposition cell value read literally,1
E03-723,C10,c10.failure.723,sec11-failure-registry,failure-to-disposition citation,required,C10,c10.disposition.005,sec-disposition-registry,disposition (1 of 6 closed values),runtime,RESOLVED,Actual disposition cell value read literally,1
E03-724,C10,c10.failure.724,sec11-failure-registry,failure-to-disposition citation,required,C10,c10.disposition.005,sec-disposition-registry,disposition (1 of 6 closed values),runtime,RESOLVED,Actual disposition cell value read literally,1
E03-725,C10,c10.failure.725,sec11-failure-registry,failure-to-disposition citation,required,C10,c10.disposition.005,sec-disposition-registry,disposition (1 of 6 closed values),runtime,RESOLVED,Actual disposition cell value read literally,1
E03-730,C10,c10.failure.730,sec11-failure-registry,failure-to-disposition citation,required,C10,c10.disposition.005,sec-disposition-registry,disposition (1 of 6 closed values),runtime,RESOLVED,Actual disposition cell value read literally,1
E03-731,C10,c10.failure.731,sec11-failure-registry,failure-to-disposition citation,required,C10,c10.disposition.005,sec-disposition-registry,disposition (1 of 6 closed values),runtime,RESOLVED,Actual disposition cell value read literally,1
E03-732,C10,c10.failure.732,sec11-failure-registry,failure-to-disposition citation,required,C10,c10.disposition.005,sec-disposition-registry,disposition (1 of 6 closed values),runtime,RESOLVED,Actual disposition cell value read literally,1
E03-733,C10,c10.failure.733,sec11-failure-registry,failure-to-disposition citation,required,C10,c10.disposition.005,sec-disposition-registry,disposition (1 of 6 closed values),runtime,RESOLVED,Actual disposition cell value read literally,1
E03-734,C10,c10.failure.734,sec11-failure-registry,failure-to-disposition citation,required,C10,c10.disposition.005,sec-disposition-registry,disposition (1 of 6 closed values),runtime,RESOLVED,Actual disposition cell value read literally,1
E03-735,C10,c10.failure.735,sec11-failure-registry,failure-to-disposition citation,required,C10,c10.disposition.005,sec-disposition-registry,disposition (1 of 6 closed values),runtime,RESOLVED,Actual disposition cell value read literally,1
E03-736,C10,c10.failure.736,sec11-failure-registry,failure-to-disposition citation,required,C10,c10.disposition.005,sec-disposition-registry,disposition (1 of 6 closed values),runtime,RESOLVED,Actual disposition cell value read literally,1
E03-737,C10,c10.failure.737,sec11-failure-registry,failure-to-disposition citation,required,C10,c10.disposition.005,sec-disposition-registry,disposition (1 of 6 closed values),runtime,RESOLVED,Actual disposition cell value read literally,1
E03-740,C10,c10.failure.740,sec11-failure-registry,failure-to-disposition citation,required,C10,c10.disposition.005,sec-disposition-registry,disposition (1 of 6 closed values),runtime,RESOLVED,Actual disposition cell value read literally,1
E03-741,C10,c10.failure.741,sec11-failure-registry,failure-to-disposition citation,required,C10,c10.disposition.005,sec-disposition-registry,disposition (1 of 6 closed values),runtime,RESOLVED,Actual disposition cell value read literally,1
E03-742,C10,c10.failure.742,sec11-failure-registry,failure-to-disposition citation,required,C10,c10.disposition.005,sec-disposition-registry,disposition (1 of 6 closed values),runtime,RESOLVED,Actual disposition cell value read literally,1
E03-743,C10,c10.failure.743,sec11-failure-registry,failure-to-disposition citation,required,C10,c10.disposition.005,sec-disposition-registry,disposition (1 of 6 closed values),runtime,RESOLVED,Actual disposition cell value read literally,1
E03-744,C10,c10.failure.744,sec11-failure-registry,failure-to-disposition citation,required,C10,c10.disposition.005,sec-disposition-registry,disposition (1 of 6 closed values),runtime,RESOLVED,Actual disposition cell value read literally,1
E03-745,C10,c10.failure.745,sec11-failure-registry,failure-to-disposition citation,required,C10,c10.disposition.005,sec-disposition-registry,disposition (1 of 6 closed values),runtime,RESOLVED,Actual disposition cell value read literally,1
E03-746,C10,c10.failure.746,sec11-failure-registry,failure-to-disposition citation,required,C10,c10.disposition.005,sec-disposition-registry,disposition (1 of 6 closed values),runtime,RESOLVED,Actual disposition cell value read literally,1
E03-747,C10,c10.failure.747,sec11-failure-registry,failure-to-disposition citation,required,C10,c10.disposition.005,sec-disposition-registry,disposition (1 of 6 closed values),runtime,RESOLVED,Actual disposition cell value read literally,1
E03-748,C10,c10.failure.748,sec11-failure-registry,failure-to-disposition citation,required,C10,c10.disposition.005,sec-disposition-registry,disposition (1 of 6 closed values),runtime,RESOLVED,Actual disposition cell value read literally,1
E03-749,C10,c10.failure.749,sec11-failure-registry,failure-to-disposition citation,required,C10,c10.disposition.005,sec-disposition-registry,disposition (1 of 6 closed values),runtime,RESOLVED,Actual disposition cell value read literally,1
E03-750,C10,c10.failure.750,sec11-failure-registry,failure-to-disposition citation,required,C10,c10.disposition.005,sec-disposition-registry,disposition (1 of 6 closed values),runtime,RESOLVED,Actual disposition cell value read literally,1
E03-751,C10,c10.failure.751,sec11-failure-registry,failure-to-disposition citation,required,C10,c10.disposition.005,sec-disposition-registry,disposition (1 of 6 closed values),runtime,RESOLVED,Actual disposition cell value read literally,1
E03-752,C10,c10.failure.752,sec11-failure-registry,failure-to-disposition citation,required,C10,c10.disposition.005,sec-disposition-registry,disposition (1 of 6 closed values),runtime,RESOLVED,Actual disposition cell value read literally,1
E03-753,C10,c10.failure.753,sec11-failure-registry,failure-to-disposition citation,required,C10,c10.disposition.005,sec-disposition-registry,disposition (1 of 6 closed values),runtime,RESOLVED,Actual disposition cell value read literally,1
E03-754,C10,c10.failure.754,sec11-failure-registry,failure-to-disposition citation,required,C10,c10.disposition.005,sec-disposition-registry,disposition (1 of 6 closed values),runtime,RESOLVED,Actual disposition cell value read literally,1
E03-755,C10,c10.failure.755,sec11-failure-registry,failure-to-disposition citation,required,C10,c10.disposition.005,sec-disposition-registry,disposition (1 of 6 closed values),runtime,RESOLVED,Actual disposition cell value read literally,1
E03-756,C10,c10.failure.756,sec11-failure-registry,failure-to-disposition citation,required,C10,c10.disposition.005,sec-disposition-registry,disposition (1 of 6 closed values),runtime,RESOLVED,Actual disposition cell value read literally,1
E03-757,C10,c10.failure.757,sec11-failure-registry,failure-to-disposition citation,required,C10,c10.disposition.005,sec-disposition-registry,disposition (1 of 6 closed values),runtime,RESOLVED,Actual disposition cell value read literally,1
E03-758,C10,c10.failure.758,sec11-failure-registry,failure-to-disposition citation,required,C10,c10.disposition.005,sec-disposition-registry,disposition (1 of 6 closed values),runtime,RESOLVED,Actual disposition cell value read literally,1
E03-759,C10,c10.failure.759,sec11-failure-registry,failure-to-disposition citation,required,C10,c10.disposition.005,sec-disposition-registry,disposition (1 of 6 closed values),runtime,RESOLVED,Actual disposition cell value read literally,1
E03-760,C10,c10.failure.760,sec11-failure-registry,failure-to-disposition citation,required,C10,c10.disposition.005,sec-disposition-registry,disposition (1 of 6 closed values),runtime,RESOLVED,Actual disposition cell value read literally,1
E03-761,C10,c10.failure.761,sec11-failure-registry,failure-to-disposition citation,required,C10,c10.disposition.005,sec-disposition-registry,disposition (1 of 6 closed values),runtime,RESOLVED,Actual disposition cell value read literally,1
E03-762,C10,c10.failure.762,sec11-failure-registry,failure-to-disposition citation,required,C10,c10.disposition.005,sec-disposition-registry,disposition (1 of 6 closed values),runtime,RESOLVED,Actual disposition cell value read literally,1
E03-763,C10,c10.failure.763,sec11-failure-registry,failure-to-disposition citation,required,C10,c10.disposition.005,sec-disposition-registry,disposition (1 of 6 closed values),runtime,RESOLVED,Actual disposition cell value read literally,1
E03-764,C10,c10.failure.764,sec11-failure-registry,failure-to-disposition citation,required,C10,c10.disposition.005,sec-disposition-registry,disposition (1 of 6 closed values),runtime,RESOLVED,Actual disposition cell value read literally,1
E03-765,C10,c10.failure.765,sec11-failure-registry,failure-to-disposition citation,required,C10,c10.disposition.005,sec-disposition-registry,disposition (1 of 6 closed values),runtime,RESOLVED,Actual disposition cell value read literally,1
E03-766,C10,c10.failure.766,sec11-failure-registry,failure-to-disposition citation,required,C10,c10.disposition.005,sec-disposition-registry,disposition (1 of 6 closed values),runtime,RESOLVED,Actual disposition cell value read literally,1
E03-767,C10,c10.failure.767,sec11-failure-registry,failure-to-disposition citation,required,C10,c10.disposition.005,sec-disposition-registry,disposition (1 of 6 closed values),runtime,RESOLVED,Actual disposition cell value read literally,1
E03-768,C10,c10.failure.768,sec11-failure-registry,failure-to-disposition citation,required,C10,c10.disposition.005,sec-disposition-registry,disposition (1 of 6 closed values),runtime,RESOLVED,Actual disposition cell value read literally,1
E03-769,C10,c10.failure.769,sec11-failure-registry,failure-to-disposition citation,required,C10,c10.disposition.005,sec-disposition-registry,disposition (1 of 6 closed values),runtime,RESOLVED,Actual disposition cell value read literally,1
E03-770,C10,c10.failure.770,sec11-failure-registry,failure-to-disposition citation,required,C10,c10.disposition.005,sec-disposition-registry,disposition (1 of 6 closed values),runtime,RESOLVED,Actual disposition cell value read literally,1
E03-771,C10,c10.failure.771,sec11-failure-registry,failure-to-disposition citation,required,C10,c10.disposition.005,sec-disposition-registry,disposition (1 of 6 closed values),runtime,RESOLVED,Actual disposition cell value read literally,1
E03-772,C10,c10.failure.772,sec11-failure-registry,failure-to-disposition citation,required,C10,c10.disposition.005,sec-disposition-registry,disposition (1 of 6 closed values),runtime,RESOLVED,Actual disposition cell value read literally,1
E03-773,C10,c10.failure.773,sec11-failure-registry,failure-to-disposition citation,required,C10,c10.disposition.005,sec-disposition-registry,disposition (1 of 6 closed values),runtime,RESOLVED,Actual disposition cell value read literally,1
E03-774,C10,c10.failure.774,sec11-failure-registry,failure-to-disposition citation,required,C10,c10.disposition.005,sec-disposition-registry,disposition (1 of 6 closed values),runtime,RESOLVED,Actual disposition cell value read literally,1
E03-775,C10,c10.failure.775,sec11-failure-registry,failure-to-disposition citation,required,C10,c10.disposition.005,sec-disposition-registry,disposition (1 of 6 closed values),runtime,RESOLVED,Actual disposition cell value read literally,1
E03-776,C10,c10.failure.776,sec11-failure-registry,failure-to-disposition citation,required,C10,c10.disposition.005,sec-disposition-registry,disposition (1 of 6 closed values),runtime,RESOLVED,Actual disposition cell value read literally,1
E03-777,C10,c10.failure.777,sec11-failure-registry,failure-to-disposition citation,required,C10,c10.disposition.005,sec-disposition-registry,disposition (1 of 6 closed values),runtime,RESOLVED,Actual disposition cell value read literally,1
E03-778,C10,c10.failure.778,sec11-failure-registry,failure-to-disposition citation,required,C10,c10.disposition.005,sec-disposition-registry,disposition (1 of 6 closed values),runtime,RESOLVED,Actual disposition cell value read literally,1
E03-779,C10,c10.failure.779,sec11-failure-registry,failure-to-disposition citation,required,C10,c10.disposition.005,sec-disposition-registry,disposition (1 of 6 closed values),runtime,RESOLVED,Actual disposition cell value read literally,1
E03-780,C10,c10.failure.780,sec11-failure-registry,failure-to-disposition citation,required,C10,c10.disposition.005,sec-disposition-registry,disposition (1 of 6 closed values),runtime,RESOLVED,Actual disposition cell value read literally,1
E03-781,C10,c10.failure.781,sec11-failure-registry,failure-to-disposition citation,required,C10,c10.disposition.005,sec-disposition-registry,disposition (1 of 6 closed values),runtime,RESOLVED,Actual disposition cell value read literally,1
E03-782,C10,c10.failure.782,sec11-failure-registry,failure-to-disposition citation,required,C10,c10.disposition.005,sec-disposition-registry,disposition (1 of 6 closed values),runtime,RESOLVED,Actual disposition cell value read literally,1
E03-783,C10,c10.failure.783,sec11-failure-registry,failure-to-disposition citation,required,C10,c10.disposition.005,sec-disposition-registry,disposition (1 of 6 closed values),runtime,RESOLVED,Actual disposition cell value read literally,1
E03-784,C10,c10.failure.784,sec11-failure-registry,failure-to-disposition citation,required,C10,c10.disposition.005,sec-disposition-registry,disposition (1 of 6 closed values),runtime,RESOLVED,Actual disposition cell value read literally,1
E03-785,C10,c10.failure.785,sec11-failure-registry,failure-to-disposition citation,required,C10,c10.disposition.005,sec-disposition-registry,disposition (1 of 6 closed values),runtime,RESOLVED,Actual disposition cell value read literally,1
E03-786,C10,c10.failure.786,sec11-failure-registry,failure-to-disposition citation,required,C10,c10.disposition.005,sec-disposition-registry,disposition (1 of 6 closed values),runtime,RESOLVED,Actual disposition cell value read literally,1
E03-787,C10,c10.failure.787,sec11-failure-registry,failure-to-disposition citation,required,C10,c10.disposition.005,sec-disposition-registry,disposition (1 of 6 closed values),runtime,RESOLVED,Actual disposition cell value read literally,1
E03-788,C10,c10.failure.788,sec11-failure-registry,failure-to-disposition citation,required,C10,c10.disposition.005,sec-disposition-registry,disposition (1 of 6 closed values),runtime,RESOLVED,Actual disposition cell value read literally,1
E03-789,C10,c10.failure.789,sec11-failure-registry,failure-to-disposition citation,required,C10,c10.disposition.005,sec-disposition-registry,disposition (1 of 6 closed values),runtime,RESOLVED,Actual disposition cell value read literally,1
E03-790,C10,c10.failure.790,sec11-failure-registry,failure-to-disposition citation,required,C10,c10.disposition.005,sec-disposition-registry,disposition (1 of 6 closed values),runtime,RESOLVED,Actual disposition cell value read literally,1
E03-791,C10,c10.failure.791,sec11-failure-registry,failure-to-disposition citation,required,C10,c10.disposition.005,sec-disposition-registry,disposition (1 of 6 closed values),runtime,RESOLVED,Actual disposition cell value read literally,1
E03-792,C10,c10.failure.792,sec11-failure-registry,failure-to-disposition citation,required,C10,c10.disposition.005,sec-disposition-registry,disposition (1 of 6 closed values),runtime,RESOLVED,Actual disposition cell value read literally,1
E03-800,C10,c10.failure.800,sec11-failure-registry,failure-to-disposition citation,required,C10,c10.disposition.005,sec-disposition-registry,disposition (1 of 6 closed values),runtime,RESOLVED,Actual disposition cell value read literally,1
E03-801,C10,c10.failure.801,sec11-failure-registry,failure-to-disposition citation,required,C10,c10.disposition.005,sec-disposition-registry,disposition (1 of 6 closed values),runtime,RESOLVED,Actual disposition cell value read literally,1
E03-802,C10,c10.failure.802,sec11-failure-registry,failure-to-disposition citation,required,C10,c10.disposition.005,sec-disposition-registry,disposition (1 of 6 closed values),runtime,RESOLVED,Actual disposition cell value read literally,1
E03-803,C10,c10.failure.803,sec11-failure-registry,failure-to-disposition citation,required,C10,c10.disposition.005,sec-disposition-registry,disposition (1 of 6 closed values),runtime,RESOLVED,Actual disposition cell value read literally,1
E03-804,C10,c10.failure.804,sec11-failure-registry,failure-to-disposition citation,required,C10,c10.disposition.005,sec-disposition-registry,disposition (1 of 6 closed values),runtime,RESOLVED,Actual disposition cell value read literally,1
E03-805,C10,c10.failure.805,sec11-failure-registry,failure-to-disposition citation,required,C10,c10.disposition.005,sec-disposition-registry,disposition (1 of 6 closed values),runtime,RESOLVED,Actual disposition cell value read literally,1
E03-806,C10,c10.failure.806,sec11-failure-registry,failure-to-disposition citation,required,C10,c10.disposition.005,sec-disposition-registry,disposition (1 of 6 closed values),runtime,RESOLVED,Actual disposition cell value read literally,1
E03-807,C10,c10.failure.807,sec11-failure-registry,failure-to-disposition citation,required,C10,c10.disposition.005,sec-disposition-registry,disposition (1 of 6 closed values),runtime,RESOLVED,Actual disposition cell value read literally,1
E03-808,C10,c10.failure.808,sec11-failure-registry,failure-to-disposition citation,required,C10,c10.disposition.005,sec-disposition-registry,disposition (1 of 6 closed values),runtime,RESOLVED,Actual disposition cell value read literally,1
E03-809,C10,c10.failure.809,sec11-failure-registry,failure-to-disposition citation,required,C10,c10.disposition.005,sec-disposition-registry,disposition (1 of 6 closed values),runtime,RESOLVED,Actual disposition cell value read literally,1
E03-810,C10,c10.failure.810,sec11-failure-registry,failure-to-disposition citation,required,C10,c10.disposition.005,sec-disposition-registry,disposition (1 of 6 closed values),runtime,RESOLVED,Actual disposition cell value read literally,1
E03-811,C10,c10.failure.811,sec11-failure-registry,failure-to-disposition citation,required,C10,c10.disposition.005,sec-disposition-registry,disposition (1 of 6 closed values),runtime,RESOLVED,Actual disposition cell value read literally,1
E03-812,C10,c10.failure.812,sec11-failure-registry,failure-to-disposition citation,required,C10,c10.disposition.005,sec-disposition-registry,disposition (1 of 6 closed values),runtime,RESOLVED,Actual disposition cell value read literally,1
E03-813,C10,c10.failure.813,sec11-failure-registry,failure-to-disposition citation,required,C10,c10.disposition.005,sec-disposition-registry,disposition (1 of 6 closed values),runtime,RESOLVED,Actual disposition cell value read literally,1
E03-814,C10,c10.failure.814,sec11-failure-registry,failure-to-disposition citation,required,C10,c10.disposition.005,sec-disposition-registry,disposition (1 of 6 closed values),runtime,RESOLVED,Actual disposition cell value read literally,1
E03-815,C10,c10.failure.815,sec11-failure-registry,failure-to-disposition citation,required,C10,c10.disposition.005,sec-disposition-registry,disposition (1 of 6 closed values),runtime,RESOLVED,Actual disposition cell value read literally,1
E03-816,C10,c10.failure.816,sec11-failure-registry,failure-to-disposition citation,required,C10,c10.disposition.005,sec-disposition-registry,disposition (1 of 6 closed values),runtime,RESOLVED,Actual disposition cell value read literally,1
E03-817,C10,c10.failure.817,sec11-failure-registry,failure-to-disposition citation,required,C10,c10.disposition.005,sec-disposition-registry,disposition (1 of 6 closed values),runtime,RESOLVED,Actual disposition cell value read literally,1
E03-818,C10,c10.failure.818,sec11-failure-registry,failure-to-disposition citation,required,C10,c10.disposition.005,sec-disposition-registry,disposition (1 of 6 closed values),runtime,RESOLVED,Actual disposition cell value read literally,1
E03-819,C10,c10.failure.819,sec11-failure-registry,failure-to-disposition citation,required,C10,c10.disposition.005,sec-disposition-registry,disposition (1 of 6 closed values),runtime,RESOLVED,Actual disposition cell value read literally,1
E03-820,C10,c10.failure.820,sec11-failure-registry,failure-to-disposition citation,required,C10,c10.disposition.005,sec-disposition-registry,disposition (1 of 6 closed values),runtime,RESOLVED,Actual disposition cell value read literally,1
E03-821,C10,c10.failure.821,sec11-failure-registry,failure-to-disposition citation,required,C10,c10.disposition.005,sec-disposition-registry,disposition (1 of 6 closed values),runtime,RESOLVED,Actual disposition cell value read literally,1
E03-822,C10,c10.failure.822,sec11-failure-registry,failure-to-disposition citation,required,C10,c10.disposition.005,sec-disposition-registry,disposition (1 of 6 closed values),runtime,RESOLVED,Actual disposition cell value read literally,1
E03-823,C10,c10.failure.823,sec11-failure-registry,failure-to-disposition citation,required,C10,c10.disposition.005,sec-disposition-registry,disposition (1 of 6 closed values),runtime,RESOLVED,Actual disposition cell value read literally,1
E03-824,C10,c10.failure.824,sec11-failure-registry,failure-to-disposition citation,required,C10,c10.disposition.005,sec-disposition-registry,disposition (1 of 6 closed values),runtime,RESOLVED,Actual disposition cell value read literally,1
E03-825,C10,c10.failure.825,sec11-failure-registry,failure-to-disposition citation,required,C10,c10.disposition.005,sec-disposition-registry,disposition (1 of 6 closed values),runtime,RESOLVED,Actual disposition cell value read literally,1
E03-826,C10,c10.failure.826,sec11-failure-registry,failure-to-disposition citation,required,C10,c10.disposition.005,sec-disposition-registry,disposition (1 of 6 closed values),runtime,RESOLVED,Actual disposition cell value read literally,1
E03-827,C10,c10.failure.827,sec11-failure-registry,failure-to-disposition citation,required,C10,c10.disposition.005,sec-disposition-registry,disposition (1 of 6 closed values),runtime,RESOLVED,Actual disposition cell value read literally,1
E03-828,C10,c10.failure.828,sec11-failure-registry,failure-to-disposition citation,required,C10,c10.disposition.005,sec-disposition-registry,disposition (1 of 6 closed values),runtime,RESOLVED,Actual disposition cell value read literally,1
E03-829,C10,c10.failure.829,sec11-failure-registry,failure-to-disposition citation,required,C10,c10.disposition.005,sec-disposition-registry,disposition (1 of 6 closed values),runtime,RESOLVED,Actual disposition cell value read literally,1
E03-900,C10,c10.failure.900,sec11-failure-registry,failure-to-disposition citation,required,C10,c10.disposition.002,sec-disposition-registry,disposition (1 of 6 closed values),runtime,RESOLVED,Actual disposition cell value read literally,1
E03-901,C10,c10.failure.901,sec11-failure-registry,failure-to-disposition citation,required,C10,c10.disposition.002,sec-disposition-registry,disposition (1 of 6 closed values),runtime,RESOLVED,Actual disposition cell value read literally,1
E03-902,C10,c10.failure.902,sec11-failure-registry,failure-to-disposition citation,required,C10,c10.disposition.002,sec-disposition-registry,disposition (1 of 6 closed values),runtime,RESOLVED,Actual disposition cell value read literally,1
E03-903,C10,c10.failure.903,sec11-failure-registry,failure-to-disposition citation,required,C10,c10.disposition.002,sec-disposition-registry,disposition (1 of 6 closed values),runtime,RESOLVED,Actual disposition cell value read literally,1
E03-904,C10,c10.failure.904,sec11-failure-registry,failure-to-disposition citation,required,C10,c10.disposition.002,sec-disposition-registry,disposition (1 of 6 closed values),runtime,RESOLVED,Actual disposition cell value read literally,1
E03-905,C10,c10.failure.905,sec11-failure-registry,failure-to-disposition citation,required,C10,c10.disposition.002,sec-disposition-registry,disposition (1 of 6 closed values),runtime,RESOLVED,Actual disposition cell value read literally,1
E03-906,C10,c10.failure.906,sec11-failure-registry,failure-to-disposition citation,required,C10,c10.disposition.002,sec-disposition-registry,disposition (1 of 6 closed values),runtime,RESOLVED,Actual disposition cell value read literally,1
E03-907,C10,c10.failure.907,sec11-failure-registry,failure-to-disposition citation,required,C10,c10.disposition.002,sec-disposition-registry,disposition (1 of 6 closed values),runtime,RESOLVED,Actual disposition cell value read literally,1
E03-908,C10,c10.failure.908,sec11-failure-registry,failure-to-disposition citation,required,C10,c10.disposition.002,sec-disposition-registry,disposition (1 of 6 closed values),runtime,RESOLVED,Actual disposition cell value read literally,1
E03-909,C10,c10.failure.909,sec11-failure-registry,failure-to-disposition citation,required,C10,c10.disposition.002,sec-disposition-registry,disposition (1 of 6 closed values),runtime,RESOLVED,Actual disposition cell value read literally,1
E03-910,C10,c10.failure.910,sec11-failure-registry,failure-to-disposition citation,required,C10,c10.disposition.002,sec-disposition-registry,disposition (1 of 6 closed values),runtime,RESOLVED,Actual disposition cell value read literally,1
E03-911,C10,c10.failure.911,sec11-failure-registry,failure-to-disposition citation,required,C10,c10.disposition.002,sec-disposition-registry,disposition (1 of 6 closed values),runtime,RESOLVED,Actual disposition cell value read literally,1
E03-912,C10,c10.failure.912,sec11-failure-registry,failure-to-disposition citation,required,C10,c10.disposition.002,sec-disposition-registry,disposition (1 of 6 closed values),runtime,RESOLVED,Actual disposition cell value read literally,1
E03-913,C10,c10.failure.913,sec11-failure-registry,failure-to-disposition citation,required,C10,c10.disposition.002,sec-disposition-registry,disposition (1 of 6 closed values),runtime,RESOLVED,Actual disposition cell value read literally,1
E03-914,C10,c10.failure.914,sec11-failure-registry,failure-to-disposition citation,required,C10,c10.disposition.002,sec-disposition-registry,disposition (1 of 6 closed values),runtime,RESOLVED,Actual disposition cell value read literally,1
E03-915,C10,c10.failure.915,sec11-failure-registry,failure-to-disposition citation,required,C10,c10.disposition.002,sec-disposition-registry,disposition (1 of 6 closed values),runtime,RESOLVED,Actual disposition cell value read literally,1
E03-916,C10,c10.failure.916,sec11-failure-registry,failure-to-disposition citation,required,C10,c10.disposition.002,sec-disposition-registry,disposition (1 of 6 closed values),runtime,RESOLVED,Actual disposition cell value read literally,1
E03-917,C10,c10.failure.917,sec11-failure-registry,failure-to-disposition citation,required,C10,c10.disposition.002,sec-disposition-registry,disposition (1 of 6 closed values),runtime,RESOLVED,Actual disposition cell value read literally,1
E03-918,C10,c10.failure.918,sec11-failure-registry,failure-to-disposition citation,required,C10,c10.disposition.002,sec-disposition-registry,disposition (1 of 6 closed values),runtime,RESOLVED,Actual disposition cell value read literally,1
E03-920,C10,c10.failure.920,sec11-failure-registry,failure-to-disposition citation,required,C10,c10.disposition.004,sec-disposition-registry,disposition (1 of 6 closed values),runtime,RESOLVED,Actual disposition cell value read literally,1
E03-921,C10,c10.failure.921,sec11-failure-registry,failure-to-disposition citation,required,C10,c10.disposition.004,sec-disposition-registry,disposition (1 of 6 closed values),runtime,RESOLVED,Actual disposition cell value read literally,1
E03-922,C10,c10.failure.922,sec11-failure-registry,failure-to-disposition citation,required,C10,c10.disposition.004,sec-disposition-registry,disposition (1 of 6 closed values),runtime,RESOLVED,Actual disposition cell value read literally,1
E03-923,C10,c10.failure.923,sec11-failure-registry,failure-to-disposition citation,required,C10,c10.disposition.004,sec-disposition-registry,disposition (1 of 6 closed values),runtime,RESOLVED,Actual disposition cell value read literally,1
E03-924,C10,c10.failure.924,sec11-failure-registry,failure-to-disposition citation,required,C10,c10.disposition.004,sec-disposition-registry,disposition (1 of 6 closed values),runtime,RESOLVED,Actual disposition cell value read literally,1
E03-925,C10,c10.failure.925,sec11-failure-registry,failure-to-disposition citation,required,C10,c10.disposition.004,sec-disposition-registry,disposition (1 of 6 closed values),runtime,RESOLVED,Actual disposition cell value read literally,1
E03-926,C10,c10.failure.926,sec11-failure-registry,failure-to-disposition citation,required,C10,c10.disposition.004,sec-disposition-registry,disposition (1 of 6 closed values),runtime,RESOLVED,Actual disposition cell value read literally,1
E03-927,C10,c10.failure.927,sec11-failure-registry,failure-to-disposition citation,required,C10,c10.disposition.004,sec-disposition-registry,disposition (1 of 6 closed values),runtime,RESOLVED,Actual disposition cell value read literally,1
E03-928,C10,c10.failure.928,sec11-failure-registry,failure-to-disposition citation,required,C10,c10.disposition.004,sec-disposition-registry,disposition (1 of 6 closed values),runtime,RESOLVED,Actual disposition cell value read literally,1
E03-929,C10,c10.failure.929,sec11-failure-registry,failure-to-disposition citation,required,C10,c10.disposition.004,sec-disposition-registry,disposition (1 of 6 closed values),runtime,RESOLVED,Actual disposition cell value read literally,1
E03-950,C10,c10.failure.950,sec11-failure-registry,failure-to-disposition citation,required,C10,c10.disposition.004,sec-disposition-registry,disposition (1 of 6 closed values),runtime,RESOLVED,Actual disposition cell value read literally,1
E03-951,C10,c10.failure.951,sec11-failure-registry,failure-to-disposition citation,required,C10,c10.disposition.004,sec-disposition-registry,disposition (1 of 6 closed values),runtime,RESOLVED,Actual disposition cell value read literally,1
E03-952,C10,c10.failure.952,sec11-failure-registry,failure-to-disposition citation,required,C10,c10.disposition.004,sec-disposition-registry,disposition (1 of 6 closed values),runtime,RESOLVED,Actual disposition cell value read literally,1
E03-953,C10,c10.failure.953,sec11-failure-registry,failure-to-disposition citation,required,C10,c10.disposition.004,sec-disposition-registry,disposition (1 of 6 closed values),runtime,RESOLVED,Actual disposition cell value read literally,1
E03-954,C10,c10.failure.954,sec11-failure-registry,failure-to-disposition citation,required,C10,c10.disposition.004,sec-disposition-registry,disposition (1 of 6 closed values),runtime,RESOLVED,Actual disposition cell value read literally,1
E03-955,C10,c10.failure.955,sec11-failure-registry,failure-to-disposition citation,required,C10,c10.disposition.004,sec-disposition-registry,disposition (1 of 6 closed values),runtime,RESOLVED,Actual disposition cell value read literally,1
E03-956,C10,c10.failure.956,sec11-failure-registry,failure-to-disposition citation,required,C10,c10.disposition.004,sec-disposition-registry,disposition (1 of 6 closed values),runtime,RESOLVED,Actual disposition cell value read literally,1
E03-957,C10,c10.failure.957,sec11-failure-registry,failure-to-disposition citation,required,C10,c10.disposition.004,sec-disposition-registry,disposition (1 of 6 closed values),runtime,RESOLVED,Actual disposition cell value read literally,1
E03-958,C10,c10.failure.958,sec11-failure-registry,failure-to-disposition citation,required,C10,c10.disposition.004,sec-disposition-registry,disposition (1 of 6 closed values),runtime,RESOLVED,Actual disposition cell value read literally,1
E03-959,C10,c10.failure.959,sec11-failure-registry,failure-to-disposition citation,required,C10,c10.disposition.004,sec-disposition-registry,disposition (1 of 6 closed values),runtime,RESOLVED,Actual disposition cell value read literally,1
E03-960,C10,c10.failure.960,sec11-failure-registry,failure-to-disposition citation,required,C10,c10.disposition.004,sec-disposition-registry,disposition (1 of 6 closed values),runtime,RESOLVED,Actual disposition cell value read literally,1
E03-961,C10,c10.failure.961,sec11-failure-registry,failure-to-disposition citation,required,C10,c10.disposition.004,sec-disposition-registry,disposition (1 of 6 closed values),runtime,RESOLVED,Actual disposition cell value read literally,1
E03-962,C10,c10.failure.962,sec11-failure-registry,failure-to-disposition citation,required,C10,c10.disposition.004,sec-disposition-registry,disposition (1 of 6 closed values),runtime,RESOLVED,Actual disposition cell value read literally,1
E03-963,C10,c10.failure.963,sec11-failure-registry,failure-to-disposition citation,required,C10,c10.disposition.004,sec-disposition-registry,disposition (1 of 6 closed values),runtime,RESOLVED,Actual disposition cell value read literally,1
E03-964,C10,c10.failure.964,sec11-failure-registry,failure-to-disposition citation,required,C10,c10.disposition.004,sec-disposition-registry,disposition (1 of 6 closed values),runtime,RESOLVED,Actual disposition cell value read literally,1
E03-965,C10,c10.failure.965,sec11-failure-registry,failure-to-disposition citation,required,C10,c10.disposition.004,sec-disposition-registry,disposition (1 of 6 closed values),runtime,RESOLVED,Actual disposition cell value read literally,1
E03-966,C10,c10.failure.966,sec11-failure-registry,failure-to-disposition citation,required,C10,c10.disposition.005,sec-disposition-registry,disposition (1 of 6 closed values),runtime,RESOLVED,Actual disposition cell value read literally,1
E03-967,C10,c10.failure.967,sec11-failure-registry,failure-to-disposition citation,required,C10,c10.disposition.005,sec-disposition-registry,disposition (1 of 6 closed values),runtime,RESOLVED,Actual disposition cell value read literally,1
E03-968,C10,c10.failure.968,sec11-failure-registry,failure-to-disposition citation,required,C10,c10.disposition.005,sec-disposition-registry,disposition (1 of 6 closed values),runtime,RESOLVED,Actual disposition cell value read literally,1
E03-969,C10,c10.failure.969,sec11-failure-registry,failure-to-disposition citation,required,C10,c10.disposition.005,sec-disposition-registry,disposition (1 of 6 closed values),runtime,RESOLVED,Actual disposition cell value read literally,1
E03-S001,C10,c10.failure.S001,sec11-failure-registry,failure-to-disposition citation,required,C10,c10.disposition.003,sec-disposition-registry,disposition (1 of 6 closed values),runtime,RESOLVED,Actual disposition cell value read literally,1
E03-S002,C10,c10.failure.S002,sec11-failure-registry,failure-to-disposition citation,required,C10,c10.disposition.004,sec-disposition-registry,disposition (1 of 6 closed values),runtime,RESOLVED,Actual disposition cell value read literally,1
E03-S003,C10,c10.failure.S003,sec11-failure-registry,failure-to-disposition citation,required,C10,c10.disposition.001,sec-disposition-registry,disposition (1 of 6 closed values),runtime,RESOLVED,Actual disposition cell value read literally,1
E03-S004,C10,c10.failure.S004,sec11-failure-registry,failure-to-disposition citation,required,C10,c10.disposition.004,sec-disposition-registry,disposition (1 of 6 closed values),runtime,RESOLVED,Actual disposition cell value read literally,1
E03-S005,C10,c10.failure.S005,sec11-failure-registry,failure-to-disposition citation,required,C10,c10.disposition.004,sec-disposition-registry,disposition (1 of 6 closed values),runtime,RESOLVED,Actual disposition cell value read literally,1
E03-S006,C10,c10.failure.S006,sec11-failure-registry,failure-to-disposition citation,required,C10,c10.disposition.001,sec-disposition-registry,disposition (1 of 6 closed values),runtime,RESOLVED,Actual disposition cell value read literally,1
E03-S007,C10,c10.failure.S007,sec11-failure-registry,failure-to-disposition citation,required,C10,c10.disposition.004,sec-disposition-registry,disposition (1 of 6 closed values),runtime,RESOLVED,Actual disposition cell value read literally,1
E03-S008,C10,c10.failure.S008,sec11-failure-registry,failure-to-disposition citation,required,C10,c10.disposition.004,sec-disposition-registry,disposition (1 of 6 closed values),runtime,RESOLVED,Actual disposition cell value read literally,1
E03-S009,C10,c10.failure.S009,sec11-failure-registry,failure-to-disposition citation,required,C10,c10.disposition.004,sec-disposition-registry,disposition (1 of 6 closed values),runtime,RESOLVED,Actual disposition cell value read literally,1
E03-S010,C10,c10.failure.S010,sec11-failure-registry,failure-to-disposition citation,required,C10,c10.disposition.004,sec-disposition-registry,disposition (1 of 6 closed values),runtime,RESOLVED,Actual disposition cell value read literally,1
E03-S011,C10,c10.failure.S011,sec11-failure-registry,failure-to-disposition citation,required,C10,c10.disposition.004,sec-disposition-registry,disposition (1 of 6 closed values),runtime,RESOLVED,Actual disposition cell value read literally,1
E03-S012,C10,c10.failure.S012,sec11-failure-registry,failure-to-disposition citation,required,C10,c10.disposition.004,sec-disposition-registry,disposition (1 of 6 closed values),runtime,RESOLVED,Actual disposition cell value read literally,1
E03-S013,C10,c10.failure.S013,sec11-failure-registry,failure-to-disposition citation,required,C10,c10.disposition.004,sec-disposition-registry,disposition (1 of 6 closed values),runtime,RESOLVED,Actual disposition cell value read literally,1
E03-S014,C10,c10.failure.S014,sec11-failure-registry,failure-to-disposition citation,required,C10,c10.disposition.004,sec-disposition-registry,disposition (1 of 6 closed values),runtime,RESOLVED,Actual disposition cell value read literally,1
E03-S015,C10,c10.failure.S015,sec11-failure-registry,failure-to-disposition citation,required,C10,c10.disposition.004,sec-disposition-registry,disposition (1 of 6 closed values),runtime,RESOLVED,Actual disposition cell value read literally,1
E03-S016,C10,c10.failure.S016,sec11-failure-registry,failure-to-disposition citation,required,C10,c10.disposition.004,sec-disposition-registry,disposition (1 of 6 closed values),runtime,RESOLVED,Actual disposition cell value read literally,1
E03-S017,C10,c10.failure.S017,sec11-failure-registry,failure-to-disposition citation,required,C10,c10.disposition.004,sec-disposition-registry,disposition (1 of 6 closed values),runtime,RESOLVED,Actual disposition cell value read literally,1
E03-S018,C10,c10.failure.S018,sec11-failure-registry,failure-to-disposition citation,required,C10,c10.disposition.004,sec-disposition-registry,disposition (1 of 6 closed values),runtime,RESOLVED,Actual disposition cell value read literally,1
E03-S019,C10,c10.failure.S019,sec11-failure-registry,failure-to-disposition citation,required,C10,c10.disposition.001,sec-disposition-registry,disposition (1 of 6 closed values),runtime,RESOLVED,Actual disposition cell value read literally,1
E03-S020,C10,c10.failure.S020,sec11-failure-registry,failure-to-disposition citation,required,C10,c10.disposition.004,sec-disposition-registry,disposition (1 of 6 closed values),runtime,RESOLVED,Actual disposition cell value read literally,1
E03-S021,C10,c10.failure.S021,sec11-failure-registry,failure-to-disposition citation,required,C10,c10.disposition.004,sec-disposition-registry,disposition (1 of 6 closed values),runtime,RESOLVED,Actual disposition cell value read literally,1
E03-S022,C10,c10.failure.S022,sec11-failure-registry,failure-to-disposition citation,required,C10,c10.disposition.004,sec-disposition-registry,disposition (1 of 6 closed values),runtime,RESOLVED,Actual disposition cell value read literally,1
E03-S023,C10,c10.failure.S023,sec11-failure-registry,failure-to-disposition citation,required,C10,c10.disposition.004,sec-disposition-registry,disposition (1 of 6 closed values),runtime,RESOLVED,Actual disposition cell value read literally,1
E03-S024,C10,c10.failure.S024,sec11-failure-registry,failure-to-disposition citation,required,C10,c10.disposition.004,sec-disposition-registry,disposition (1 of 6 closed values),runtime,RESOLVED,Actual disposition cell value read literally,1
E03-S025,C10,c10.failure.S025,sec11-failure-registry,failure-to-disposition citation,required,C10,c10.disposition.004,sec-disposition-registry,disposition (1 of 6 closed values),runtime,RESOLVED,Actual disposition cell value read literally,1
E03-S026,C10,c10.failure.S026,sec11-failure-registry,failure-to-disposition citation,required,C10,c10.disposition.004,sec-disposition-registry,disposition (1 of 6 closed values),runtime,RESOLVED,Actual disposition cell value read literally,1
E03-S027,C10,c10.failure.S027,sec11-failure-registry,failure-to-disposition citation,required,C10,c10.disposition.004,sec-disposition-registry,disposition (1 of 6 closed values),runtime,RESOLVED,Actual disposition cell value read literally,1
E03-S028,C10,c10.failure.S028,sec11-failure-registry,failure-to-disposition citation,required,C10,c10.disposition.004,sec-disposition-registry,disposition (1 of 6 closed values),runtime,RESOLVED,Actual disposition cell value read literally,1
E03-S029,C10,c10.failure.S029,sec11-failure-registry,failure-to-disposition citation,required,C10,c10.disposition.004,sec-disposition-registry,disposition (1 of 6 closed values),runtime,RESOLVED,Actual disposition cell value read literally,1
E03-S030,C10,c10.failure.S030,sec11-failure-registry,failure-to-disposition citation,required,C10,c10.disposition.004,sec-disposition-registry,disposition (1 of 6 closed values),runtime,RESOLVED,Actual disposition cell value read literally,1
E03-S031,C10,c10.failure.S031,sec11-failure-registry,failure-to-disposition citation,required,C10,c10.disposition.001,sec-disposition-registry,disposition (1 of 6 closed values),runtime,RESOLVED,Actual disposition cell value read literally,1
E03-S032,C10,c10.failure.S032,sec11-failure-registry,failure-to-disposition citation,required,C10,c10.disposition.005,sec-disposition-registry,disposition (1 of 6 closed values),runtime,RESOLVED,Actual disposition cell value read literally,1
E03-S033,C10,c10.failure.S033,sec11-failure-registry,failure-to-disposition citation,required,C10,c10.disposition.005,sec-disposition-registry,disposition (1 of 6 closed values),runtime,RESOLVED,Actual disposition cell value read literally,1
E03-S034,C10,c10.failure.S034,sec11-failure-registry,failure-to-disposition citation,required,C10,c10.disposition.005,sec-disposition-registry,disposition (1 of 6 closed values),runtime,RESOLVED,Actual disposition cell value read literally,1
E03-S035,C10,c10.failure.S035,sec11-failure-registry,failure-to-disposition citation,required,C10,c10.disposition.001,sec-disposition-registry,disposition (1 of 6 closed values),runtime,RESOLVED,Actual disposition cell value read literally,1
E03-S036,C10,c10.failure.S036,sec11-failure-registry,failure-to-disposition citation,required,C10,c10.disposition.005,sec-disposition-registry,disposition (1 of 6 closed values),runtime,RESOLVED,Actual disposition cell value read literally,1
E03-S037,C10,c10.failure.S037,sec11-failure-registry,failure-to-disposition citation,required,C10,c10.disposition.001,sec-disposition-registry,disposition (1 of 6 closed values),runtime,RESOLVED,Actual disposition cell value read literally,1
E03-S038,C10,c10.failure.S038,sec11-failure-registry,failure-to-disposition citation,required,C10,c10.disposition.001,sec-disposition-registry,disposition (1 of 6 closed values),runtime,RESOLVED,Actual disposition cell value read literally,1
E03-S039,C10,c10.failure.S039,sec11-failure-registry,failure-to-disposition citation,required,C10,c10.disposition.001,sec-disposition-registry,disposition (1 of 6 closed values),runtime,RESOLVED,Actual disposition cell value read literally,1
E03-S040,C10,c10.failure.S040,sec11-failure-registry,failure-to-disposition citation,required,C10,c10.disposition.001,sec-disposition-registry,disposition (1 of 6 closed values),runtime,RESOLVED,Actual disposition cell value read literally,1
E03-S041,C10,c10.failure.S041,sec11-failure-registry,failure-to-disposition citation,required,C10,c10.disposition.004,sec-disposition-registry,disposition (1 of 6 closed values),runtime,RESOLVED,Actual disposition cell value read literally,1
E03-S042,C10,c10.failure.S042,sec11-failure-registry,failure-to-disposition citation,required,C10,c10.disposition.001,sec-disposition-registry,disposition (1 of 6 closed values),runtime,RESOLVED,Actual disposition cell value read literally,1
E03-S043,C10,c10.failure.S043,sec11-failure-registry,failure-to-disposition citation,required,C10,c10.disposition.004,sec-disposition-registry,disposition (1 of 6 closed values),runtime,RESOLVED,Actual disposition cell value read literally,1
E03-S044,C10,c10.failure.S044,sec11-failure-registry,failure-to-disposition citation,required,C10,c10.disposition.004,sec-disposition-registry,disposition (1 of 6 closed values),runtime,RESOLVED,Actual disposition cell value read literally,1
E03-S045,C10,c10.failure.S045,sec11-failure-registry,failure-to-disposition citation,required,C10,c10.disposition.004,sec-disposition-registry,disposition (1 of 6 closed values),runtime,RESOLVED,Actual disposition cell value read literally,1
E03-S046,C10,c10.failure.S046,sec11-failure-registry,failure-to-disposition citation,required,C10,c10.disposition.004,sec-disposition-registry,disposition (1 of 6 closed values),runtime,RESOLVED,Actual disposition cell value read literally,1
E03-S047,C10,c10.failure.S047,sec11-failure-registry,failure-to-disposition citation,required,C10,c10.disposition.004,sec-disposition-registry,disposition (1 of 6 closed values),runtime,RESOLVED,Actual disposition cell value read literally,1
E03-S048,C10,c10.failure.S048,sec11-failure-registry,failure-to-disposition citation,required,C10,c10.disposition.005,sec-disposition-registry,disposition (1 of 6 closed values),runtime,RESOLVED,Actual disposition cell value read literally,1
E03-S056,C10,c10.failure.S056,sec11-failure-registry,failure-to-disposition citation,required,C10,c10.disposition.003,sec-disposition-registry,disposition (1 of 6 closed values),runtime,RESOLVED,Actual disposition cell value read literally,1
E03-S057,C10,c10.failure.S057,sec11-failure-registry,failure-to-disposition citation,required,C10,c10.disposition.003,sec-disposition-registry,disposition (1 of 6 closed values),runtime,RESOLVED,Actual disposition cell value read literally,1
E03-S058,C10,c10.failure.S058,sec11-failure-registry,failure-to-disposition citation,required,C10,c10.disposition.004,sec-disposition-registry,disposition (1 of 6 closed values),runtime,RESOLVED,Actual disposition cell value read literally,1
E03-S059,C10,c10.failure.S059,sec11-failure-registry,failure-to-disposition citation,required,C10,c10.disposition.004,sec-disposition-registry,disposition (1 of 6 closed values),runtime,RESOLVED,Actual disposition cell value read literally,1
E03-S060,C10,c10.failure.S060,sec11-failure-registry,failure-to-disposition citation,required,C10,c10.disposition.004,sec-disposition-registry,disposition (1 of 6 closed values),runtime,RESOLVED,Actual disposition cell value read literally,1
E03-S061,C10,c10.failure.S061,sec11-failure-registry,failure-to-disposition citation,required,C10,c10.disposition.004,sec-disposition-registry,disposition (1 of 6 closed values),runtime,RESOLVED,Actual disposition cell value read literally,1
E03-S062,C10,c10.failure.S062,sec11-failure-registry,failure-to-disposition citation,required,C10,c10.disposition.004,sec-disposition-registry,disposition (1 of 6 closed values),runtime,RESOLVED,Actual disposition cell value read literally,1
E03-S063,C10,c10.failure.S063,sec11-failure-registry,failure-to-disposition citation,required,C10,c10.disposition.004,sec-disposition-registry,disposition (1 of 6 closed values),runtime,RESOLVED,Actual disposition cell value read literally,1
E03-S064,C10,c10.failure.S064,sec11-failure-registry,failure-to-disposition citation,required,C10,c10.disposition.004,sec-disposition-registry,disposition (1 of 6 closed values),runtime,RESOLVED,Actual disposition cell value read literally,1
E03-S065,C10,c10.failure.S065,sec11-failure-registry,failure-to-disposition citation,required,C10,c10.disposition.004,sec-disposition-registry,disposition (1 of 6 closed values),runtime,RESOLVED,Actual disposition cell value read literally,1
E03-S066,C10,c10.failure.S066,sec11-failure-registry,failure-to-disposition citation,required,C10,c10.disposition.004,sec-disposition-registry,disposition (1 of 6 closed values),runtime,RESOLVED,Actual disposition cell value read literally,1
E03-S067,C10,c10.failure.S067,sec11-failure-registry,failure-to-disposition citation,required,C10,c10.disposition.003,sec-disposition-registry,disposition (1 of 6 closed values),runtime,RESOLVED,Actual disposition cell value read literally,1
E03-S068,C10,c10.failure.S068,sec11-failure-registry,failure-to-disposition citation,required,C10,c10.disposition.003,sec-disposition-registry,disposition (1 of 6 closed values),runtime,RESOLVED,Actual disposition cell value read literally,1
E03-S069,C10,c10.failure.S069,sec11-failure-registry,failure-to-disposition citation,required,C10,c10.disposition.006,sec-disposition-registry,disposition (1 of 6 closed values),runtime,RESOLVED,Actual disposition cell value read literally,1
E03-S070,C10,c10.failure.S070,sec11-failure-registry,failure-to-disposition citation,required,C10,c10.disposition.006,sec-disposition-registry,disposition (1 of 6 closed values),runtime,RESOLVED,Actual disposition cell value read literally,1
E03-S071,C10,c10.failure.S071,sec11-failure-registry,failure-to-disposition citation,required,C10,c10.disposition.006,sec-disposition-registry,disposition (1 of 6 closed values),runtime,RESOLVED,Actual disposition cell value read literally,1
E03-S072,C10,c10.failure.S072,sec11-failure-registry,failure-to-disposition citation,required,C10,c10.disposition.006,sec-disposition-registry,disposition (1 of 6 closed values),runtime,RESOLVED,Actual disposition cell value read literally,1
E03-S073,C10,c10.failure.S073,sec11-failure-registry,failure-to-disposition citation,required,C10,c10.disposition.001,sec-disposition-registry,disposition (1 of 6 closed values),runtime,RESOLVED,Actual disposition cell value read literally,1
E03-S074,C10,c10.failure.S074,sec11-failure-registry,failure-to-disposition citation,required,C10,c10.disposition.006,sec-disposition-registry,disposition (1 of 6 closed values),runtime,RESOLVED,Actual disposition cell value read literally,1
E03-S075,C10,c10.failure.S075,sec11-failure-registry,failure-to-disposition citation,required,C10,c10.disposition.006,sec-disposition-registry,disposition (1 of 6 closed values),runtime,RESOLVED,Actual disposition cell value read literally,1
E03-S076,C10,c10.failure.S076,sec11-failure-registry,failure-to-disposition citation,required,C10,c10.disposition.004,sec-disposition-registry,disposition (1 of 6 closed values),runtime,RESOLVED,Actual disposition cell value read literally,1
E03-S077,C10,c10.failure.S077,sec11-failure-registry,failure-to-disposition citation,required,C10,c10.disposition.004,sec-disposition-registry,disposition (1 of 6 closed values),runtime,RESOLVED,Actual disposition cell value read literally,1
E03-S078,C10,c10.failure.S078,sec11-failure-registry,failure-to-disposition citation,required,C10,c10.disposition.004,sec-disposition-registry,disposition (1 of 6 closed values),runtime,RESOLVED,Actual disposition cell value read literally,1
E03-S079,C10,c10.failure.S079,sec11-failure-registry,failure-to-disposition citation,required,C10,c10.disposition.004,sec-disposition-registry,disposition (1 of 6 closed values),runtime,RESOLVED,Actual disposition cell value read literally,1
E03-S080,C10,c10.failure.S080,sec11-failure-registry,failure-to-disposition citation,required,C10,c10.disposition.004,sec-disposition-registry,disposition (1 of 6 closed values),runtime,RESOLVED,Actual disposition cell value read literally,1
E03-S081,C10,c10.failure.S081,sec11-failure-registry,failure-to-disposition citation,required,C10,c10.disposition.004,sec-disposition-registry,disposition (1 of 6 closed values),runtime,RESOLVED,Actual disposition cell value read literally,1
E03-S082,C10,c10.failure.S082,sec11-failure-registry,failure-to-disposition citation,required,C10,c10.disposition.004,sec-disposition-registry,disposition (1 of 6 closed values),runtime,RESOLVED,Actual disposition cell value read literally,1
E03-S083,C10,c10.failure.S083,sec11-failure-registry,failure-to-disposition citation,required,C10,c10.disposition.004,sec-disposition-registry,disposition (1 of 6 closed values),runtime,RESOLVED,Actual disposition cell value read literally,1
E03-S084,C10,c10.failure.S084,sec11-failure-registry,failure-to-disposition citation,required,C10,c10.disposition.005,sec-disposition-registry,disposition (1 of 6 closed values),runtime,RESOLVED,Actual disposition cell value read literally,1
E03-S085,C10,c10.failure.S085,sec11-failure-registry,failure-to-disposition citation,required,C10,c10.disposition.005,sec-disposition-registry,disposition (1 of 6 closed values),runtime,RESOLVED,Actual disposition cell value read literally,1
E03-S086,C10,c10.failure.S086,sec11-failure-registry,failure-to-disposition citation,required,C10,c10.disposition.005,sec-disposition-registry,disposition (1 of 6 closed values),runtime,RESOLVED,Actual disposition cell value read literally,1
E03-S087,C10,c10.failure.S087,sec11-failure-registry,failure-to-disposition citation,required,C10,c10.disposition.005,sec-disposition-registry,disposition (1 of 6 closed values),runtime,RESOLVED,Actual disposition cell value read literally,1
E03-S088,C10,c10.failure.S088,sec11-failure-registry,failure-to-disposition citation,required,C10,c10.disposition.005,sec-disposition-registry,disposition (1 of 6 closed values),runtime,RESOLVED,Actual disposition cell value read literally,1
E03-S089,C10,c10.failure.S089,sec11-failure-registry,failure-to-disposition citation,required,C10,c10.disposition.005,sec-disposition-registry,disposition (1 of 6 closed values),runtime,RESOLVED,Actual disposition cell value read literally,1
E03-S090,C10,c10.failure.S090,sec11-failure-registry,failure-to-disposition citation,required,C10,c10.disposition.004,sec-disposition-registry,disposition (1 of 6 closed values),runtime,RESOLVED,Actual disposition cell value read literally,1
E03-S091,C10,c10.failure.S091,sec11-failure-registry,failure-to-disposition citation,required,C10,c10.disposition.004,sec-disposition-registry,disposition (1 of 6 closed values),runtime,RESOLVED,Actual disposition cell value read literally,1
E03-S092,C10,c10.failure.S092,sec11-failure-registry,failure-to-disposition citation,required,C10,c10.disposition.004,sec-disposition-registry,disposition (1 of 6 closed values),runtime,RESOLVED,Actual disposition cell value read literally,1
E03-S093,C10,c10.failure.S093,sec11-failure-registry,failure-to-disposition citation,required,C10,c10.disposition.004,sec-disposition-registry,disposition (1 of 6 closed values),runtime,RESOLVED,Actual disposition cell value read literally,1
E03-S094,C10,c10.failure.S094,sec11-failure-registry,failure-to-disposition citation,required,C10,c10.disposition.004,sec-disposition-registry,disposition (1 of 6 closed values),runtime,RESOLVED,Actual disposition cell value read literally,1
E03-S095,C10,c10.failure.S095,sec11-failure-registry,failure-to-disposition citation,required,C10,c10.disposition.004,sec-disposition-registry,disposition (1 of 6 closed values),runtime,RESOLVED,Actual disposition cell value read literally,1
E03-S096,C10,c10.failure.S096,sec11-failure-registry,failure-to-disposition citation,required,C10,c10.disposition.004,sec-disposition-registry,disposition (1 of 6 closed values),runtime,RESOLVED,Actual disposition cell value read literally,1
E03-S097,C10,c10.failure.S097,sec11-failure-registry,failure-to-disposition citation,required,C10,c10.disposition.004,sec-disposition-registry,disposition (1 of 6 closed values),runtime,RESOLVED,Actual disposition cell value read literally,1
E03-S098,C10,c10.failure.S098,sec11-failure-registry,failure-to-disposition citation,required,C10,c10.disposition.004,sec-disposition-registry,disposition (1 of 6 closed values),runtime,RESOLVED,Actual disposition cell value read literally,1
E-C1SPACE-001,C10,SceneNode.spaceTypeId (candidate value c1.space.001),sec-node-model,closed-enum member reference,conditional (Room kind only),C1,c1.space.001 (profile.space.living_room),c1-sec3.1-category-registry,category identity,architecture,RESOLVED,Individual category resolved by direct definition lookup,1
E-C1SPACE-002,C10,SceneNode.spaceTypeId (candidate value c1.space.002),sec-node-model,closed-enum member reference,conditional (Room kind only),C1,c1.space.002 (profile.space.bedroom),c1-sec3.1-category-registry,category identity,architecture,RESOLVED,Individual category resolved by direct definition lookup,1
E-C1SPACE-003,C10,SceneNode.spaceTypeId (candidate value c1.space.003),sec-node-model,closed-enum member reference,conditional (Room kind only),C1,c1.space.003 (profile.space.kitchen),c1-sec3.1-category-registry,category identity,architecture,RESOLVED,Individual category resolved by direct definition lookup,1
E-C1SPACE-004,C10,SceneNode.spaceTypeId (candidate value c1.space.004),sec-node-model,closed-enum member reference,conditional (Room kind only),C1,c1.space.004 (profile.space.bathroom),c1-sec3.1-category-registry,category identity,architecture,RESOLVED,Individual category resolved by direct definition lookup,1
E-C1SPACE-005,C10,SceneNode.spaceTypeId (candidate value c1.space.005),sec-node-model,closed-enum member reference,conditional (Room kind only),C1,c1.space.005 (profile.space.toilet_room),c1-sec3.1-category-registry,category identity,architecture,RESOLVED,Individual category resolved by direct definition lookup,1
E-C1SPACE-006,C10,SceneNode.spaceTypeId (candidate value c1.space.006),sec-node-model,closed-enum member reference,conditional (Room kind only),C1,c1.space.006 (profile.space.dining_room),c1-sec3.1-category-registry,category identity,architecture,RESOLVED,Individual category resolved by direct definition lookup,1
E-C1SPACE-007,C10,SceneNode.spaceTypeId (candidate value c1.space.007),sec-node-model,closed-enum member reference,conditional (Room kind only),C1,c1.space.007 (profile.space.home_office),c1-sec3.1-category-registry,category identity,architecture,RESOLVED,Individual category resolved by direct definition lookup,1
E-C1SPACE-008,C10,SceneNode.spaceTypeId (candidate value c1.space.008),sec-node-model,closed-enum member reference,conditional (Room kind only),C1,c1.space.008 (profile.space.library),c1-sec3.1-category-registry,category identity,architecture,RESOLVED,Individual category resolved by direct definition lookup,1
E-C1SPACE-009,C10,SceneNode.spaceTypeId (candidate value c1.space.009),sec-node-model,closed-enum member reference,conditional (Room kind only),C1,c1.space.009 (profile.space.pantry),c1-sec3.1-category-registry,category identity,architecture,RESOLVED,Individual category resolved by direct definition lookup,1
E-C1SPACE-010,C10,SceneNode.spaceTypeId (candidate value c1.space.010),sec-node-model,closed-enum member reference,conditional (Room kind only),C1,c1.space.010 (profile.space.laundry_room),c1-sec3.1-category-registry,category identity,architecture,RESOLVED,Individual category resolved by direct definition lookup,1
E-C1SPACE-011,C10,SceneNode.spaceTypeId (candidate value c1.space.011),sec-node-model,closed-enum member reference,conditional (Room kind only),C1,c1.space.011 (profile.space.utility_room),c1-sec3.1-category-registry,category identity,architecture,RESOLVED,Individual category resolved by direct definition lookup,1
E-C1SPACE-012,C10,SceneNode.spaceTypeId (candidate value c1.space.012),sec-node-model,closed-enum member reference,conditional (Room kind only),C1,c1.space.012 (profile.space.mechanical_room),c1-sec3.1-category-registry,category identity,architecture,RESOLVED,Individual category resolved by direct definition lookup,1
E-C1SPACE-013,C10,SceneNode.spaceTypeId (candidate value c1.space.013),sec-node-model,closed-enum member reference,conditional (Room kind only),C1,c1.space.013 (profile.space.basement),c1-sec3.1-category-registry,category identity,architecture,RESOLVED,Individual category resolved by direct definition lookup,1
E-C1SPACE-014,C10,SceneNode.spaceTypeId (candidate value c1.space.014),sec-node-model,closed-enum member reference,conditional (Room kind only),C1,c1.space.014 (profile.space.veranda),c1-sec3.1-category-registry,category identity,architecture,RESOLVED,Individual category resolved by direct definition lookup,1
E-C1SPACE-015,C10,SceneNode.spaceTypeId (candidate value c1.space.015),sec-node-model,closed-enum member reference,conditional (Room kind only),C1,c1.space.015 (profile.space.winter_garden),c1-sec3.1-category-registry,category identity,architecture,RESOLVED,Individual category resolved by direct definition lookup,1
E-C1SPACE-016,C10,SceneNode.spaceTypeId (candidate value c1.space.016),sec-node-model,closed-enum member reference,conditional (Room kind only),C1,c1.space.016 (profile.space.kitchen_living_room),c1-sec3.1-category-registry,category identity,architecture,RESOLVED,Individual category resolved by direct definition lookup,1
E-C1SPACE-017,C10,SceneNode.spaceTypeId (candidate value c1.space.017),sec-node-model,closed-enum member reference,conditional (Room kind only),C1,c1.space.017 (profile.space.children_room),c1-sec3.1-category-registry,category identity,architecture,RESOLVED,Individual category resolved by direct definition lookup,1
E-C1SPACE-018,C10,SceneNode.spaceTypeId (candidate value c1.space.018),sec-node-model,closed-enum member reference,conditional (Room kind only),C1,c1.space.018 (profile.space.guest_bedroom),c1-sec3.1-category-registry,category identity,architecture,RESOLVED,Individual category resolved by direct definition lookup,1
E-C1SPACE-019,C10,SceneNode.spaceTypeId (candidate value c1.space.019),sec-node-model,closed-enum member reference,conditional (Room kind only),C1,c1.space.019 (profile.space.primary_bedroom),c1-sec3.1-category-registry,category identity,architecture,RESOLVED,Individual category resolved by direct definition lookup,1
E-C1SPACE-020,C10,SceneNode.spaceTypeId (candidate value c1.space.020),sec-node-model,closed-enum member reference,conditional (Room kind only),C1,c1.space.020 (profile.space.shower_room),c1-sec3.1-category-registry,category identity,architecture,RESOLVED,Individual category resolved by direct definition lookup,1
E-C1SPACE-021,C10,SceneNode.spaceTypeId (candidate value c1.space.021),sec-node-model,closed-enum member reference,conditional (Room kind only),C1,c1.space.021 (profile.space.combined_bathroom),c1-sec3.1-category-registry,category identity,architecture,RESOLVED,Individual category resolved by direct definition lookup,1
E-C1SPACE-022,C10,SceneNode.spaceTypeId (candidate value c1.space.022),sec-node-model,closed-enum member reference,conditional (Room kind only),C1,c1.space.022 (profile.space.entryway),c1-sec3.1-category-registry,category identity,architecture,RESOLVED,Individual category resolved by direct definition lookup,1
E-C1SPACE-023,C10,SceneNode.spaceTypeId (candidate value c1.space.023),sec-node-model,closed-enum member reference,conditional (Room kind only),C1,c1.space.023 (profile.space.vestibule),c1-sec3.1-category-registry,category identity,architecture,RESOLVED,Individual category resolved by direct definition lookup,1
E-C1SPACE-024,C10,SceneNode.spaceTypeId (candidate value c1.space.024),sec-node-model,closed-enum member reference,conditional (Room kind only),C1,c1.space.024 (profile.space.hall),c1-sec3.1-category-registry,category identity,architecture,RESOLVED,Individual category resolved by direct definition lookup,1
E-C1SPACE-025,C10,SceneNode.spaceTypeId (candidate value c1.space.025),sec-node-model,closed-enum member reference,conditional (Room kind only),C1,c1.space.025 (profile.space.corridor),c1-sec3.1-category-registry,category identity,architecture,RESOLVED,Individual category resolved by direct definition lookup,1
E-C1SPACE-026,C10,SceneNode.spaceTypeId (candidate value c1.space.026),sec-node-model,closed-enum member reference,conditional (Room kind only),C1,c1.space.026 (profile.space.dressing_room),c1-sec3.1-category-registry,category identity,architecture,RESOLVED,Individual category resolved by direct definition lookup,1
E-C1SPACE-027,C10,SceneNode.spaceTypeId (candidate value c1.space.027),sec-node-model,closed-enum member reference,conditional (Room kind only),C1,c1.space.027 (profile.space.walk_in_closet),c1-sec3.1-category-registry,category identity,architecture,RESOLVED,Individual category resolved by direct definition lookup,1
E-C1SPACE-028,C10,SceneNode.spaceTypeId (candidate value c1.space.028),sec-node-model,closed-enum member reference,conditional (Room kind only),C1,c1.space.028 (profile.space.staircase_space),c1-sec3.1-category-registry,category identity,architecture,RESOLVED,Individual category resolved by direct definition lookup,1
E-C1SPACE-029,C10,SceneNode.spaceTypeId (candidate value c1.space.029),sec-node-model,closed-enum member reference,conditional (Room kind only),C1,c1.space.029 (profile.space.stair_hall),c1-sec3.1-category-registry,category identity,architecture,RESOLVED,Individual category resolved by direct definition lookup,1
E-C1SPACE-030,C10,SceneNode.spaceTypeId (candidate value c1.space.030),sec-node-model,closed-enum member reference,conditional (Room kind only),C1,c1.space.030 (profile.space.attic),c1-sec3.1-category-registry,category identity,architecture,RESOLVED,Individual category resolved by direct definition lookup,1
E-C1SPACE-031,C10,SceneNode.spaceTypeId (candidate value c1.space.031),sec-node-model,closed-enum member reference,conditional (Room kind only),C1,c1.space.031 (profile.space.mansard_room),c1-sec3.1-category-registry,category identity,architecture,RESOLVED,Individual category resolved by direct definition lookup,1
E-C1SPACE-032,C10,SceneNode.spaceTypeId (candidate value c1.space.032),sec-node-model,closed-enum member reference,conditional (Room kind only),C1,c1.space.032 (profile.space.garage),c1-sec3.1-category-registry,category identity,architecture,RESOLVED,Individual category resolved by direct definition lookup,1
E-C1SPACE-033,C10,SceneNode.spaceTypeId (candidate value c1.space.033),sec-node-model,closed-enum member reference,conditional (Room kind only),C1,c1.space.033 (profile.space.balcony),c1-sec3.1-category-registry,category identity,architecture,RESOLVED,Individual category resolved by direct definition lookup,1
E-C1SPACE-034,C10,SceneNode.spaceTypeId (candidate value c1.space.034),sec-node-model,closed-enum member reference,conditional (Room kind only),C1,c1.space.034 (profile.space.terrace),c1-sec3.1-category-registry,category identity,architecture,RESOLVED,Individual category resolved by direct definition lookup,1
E-C8LIFECYCLE-001,C10,C8LifecycleBundle field reference,sec7-master-field-inventory,closed-enum member reference,conditional,C8,c8.lifecycle.001 (NO-OP — history metadata only; no semantic/state mutation),c8-lifecycle-state-registry,lifecycle state,evaluation,RESOLVED,Individual lifecycle state resolved by direct definition lookup in live Contract 8,1
E-C8LIFECYCLE-002,C10,C8LifecycleBundle field reference,sec7-master-field-inventory,closed-enum member reference,conditional,C8,c8.lifecycle.002 (FORBIDDEN),c8-lifecycle-state-registry,lifecycle state,evaluation,RESOLVED,Individual lifecycle state resolved by direct definition lookup in live Contract 8,1
E-C8LIFECYCLE-003,C10,C8LifecycleBundle field reference,sec7-master-field-inventory,closed-enum member reference,conditional,C8,c8.lifecycle.003 (FORBIDDEN),c8-lifecycle-state-registry,lifecycle state,evaluation,RESOLVED,Individual lifecycle state resolved by direct definition lookup in live Contract 8,1
E-C8LIFECYCLE-004,C10,C8LifecycleBundle field reference,sec7-master-field-inventory,closed-enum member reference,conditional,C8,c8.lifecycle.004 (FORBIDDEN),c8-lifecycle-state-registry,lifecycle state,evaluation,RESOLVED,Individual lifecycle state resolved by direct definition lookup in live Contract 8,1
E-C8LIFECYCLE-005,C10,C8LifecycleBundle field reference,sec7-master-field-inventory,closed-enum member reference,conditional,C8,c8.lifecycle.005 (FORBIDDEN),c8-lifecycle-state-registry,lifecycle state,evaluation,RESOLVED,Individual lifecycle state resolved by direct definition lookup in live Contract 8,1
E-C8LIFECYCLE-006,C10,C8LifecycleBundle field reference,sec7-master-field-inventory,closed-enum member reference,conditional,C8,c8.lifecycle.006 (FORBIDDEN),c8-lifecycle-state-registry,lifecycle state,evaluation,RESOLVED,Individual lifecycle state resolved by direct definition lookup in live Contract 8,1
E-C8LIFECYCLE-007,C10,C8LifecycleBundle field reference,sec7-master-field-inventory,closed-enum member reference,conditional,C8,c8.lifecycle.007 (FORBIDDEN),c8-lifecycle-state-registry,lifecycle state,evaluation,RESOLVED,Individual lifecycle state resolved by direct definition lookup in live Contract 8,1
E-C8LIFECYCLE-008,C10,C8LifecycleBundle field reference,sec7-master-field-inventory,closed-enum member reference,conditional,C8,c8.lifecycle.008 (FORBIDDEN),c8-lifecycle-state-registry,lifecycle state,evaluation,RESOLVED,Individual lifecycle state resolved by direct definition lookup in live Contract 8,1
E-C8LIFECYCLE-009,C10,C8LifecycleBundle field reference,sec7-master-field-inventory,closed-enum member reference,conditional,C8,c8.lifecycle.009 (FORBIDDEN),c8-lifecycle-state-registry,lifecycle state,evaluation,RESOLVED,Individual lifecycle state resolved by direct definition lookup in live Contract 8,1
E-C4DETBASIS-001,C10,DeterminabilityEvidenceBasisRecord basis reference,sec-aea-model,closed-enum member reference,conditional (no-value assessments only),C4,c4.determinabilitybasis.001 (positive-supporting-evidence),c4-sec-determinability-basis-registry,determinability basis,runtime,RESOLVED,Individual basis value token-matched exactly against live Contract 4,1
E-C4DETBASIS-002,C10,DeterminabilityEvidenceBasisRecord basis reference,sec-aea-model,closed-enum member reference,conditional (no-value assessments only),C4,c4.determinabilitybasis.002 (negative-or-contradictory-evidence),c4-sec-determinability-basis-registry,determinability basis,runtime,RESOLVED,Individual basis value token-matched exactly against live Contract 4,1
E-C4DETBASIS-003,C10,DeterminabilityEvidenceBasisRecord basis reference,sec-aea-model,closed-enum member reference,conditional (no-value assessments only),C4,c4.determinabilitybasis.003 (missing-observation-coverage),c4-sec-determinability-basis-registry,determinability basis,runtime,RESOLVED,Individual basis value token-matched exactly against live Contract 4,1
E-C4DETBASIS-004,C10,DeterminabilityEvidenceBasisRecord basis reference,sec-aea-model,closed-enum member reference,conditional (no-value assessments only),C4,c4.determinabilitybasis.004 (occlusion),c4-sec-determinability-basis-registry,determinability basis,runtime,RESOLVED,Individual basis value token-matched exactly against live Contract 4,1
E-C4DETBASIS-005,C10,DeterminabilityEvidenceBasisRecord basis reference,sec-aea-model,closed-enum member reference,conditional (no-value assessments only),C4,c4.determinabilitybasis.005 (out-of-frame-limitation),c4-sec-determinability-basis-registry,determinability basis,runtime,RESOLVED,Individual basis value token-matched exactly against live Contract 4,1
E-C4DETBASIS-006,C10,DeterminabilityEvidenceBasisRecord basis reference,sec-aea-model,closed-enum member reference,conditional (no-value assessments only),C4,c4.determinabilitybasis.006 (insufficient-resolution-or-visual-quality),c4-sec-determinability-basis-registry,determinability basis,runtime,RESOLVED,Individual basis value token-matched exactly against live Contract 4,1
E-C4DETBASIS-007,C10,DeterminabilityEvidenceBasisRecord basis reference,sec-aea-model,closed-enum member reference,conditional (no-value assessments only),C4,c4.determinabilitybasis.007 (cross-view-inconsistency),c4-sec-determinability-basis-registry,determinability basis,runtime,RESOLVED,Individual basis value token-matched exactly against live Contract 4,1
E-C4DETBASIS-008,C10,DeterminabilityEvidenceBasisRecord basis reference,sec-aea-model,closed-enum member reference,conditional (no-value assessments only),C4,c4.determinabilitybasis.008 (source-lineage-failure),c4-sec-determinability-basis-registry,determinability basis,runtime,RESOLVED,Individual basis value token-matched exactly against live Contract 4,1
E-C4DETBASIS-009,C10,DeterminabilityEvidenceBasisRecord basis reference,sec-aea-model,closed-enum member reference,conditional (no-value assessments only),C4,c4.determinabilitybasis.009 (unsupported-inference),c4-sec-determinability-basis-registry,determinability basis,runtime,RESOLVED,Individual basis value token-matched exactly against live Contract 4,1
E-C4DETBASIS-010,C10,DeterminabilityEvidenceBasisRecord basis reference,sec-aea-model,closed-enum member reference,conditional (no-value assessments only),C4,c4.determinabilitybasis.010 (provider-only-assertion-without-sufficient-grounding),c4-sec-determinability-basis-registry,determinability basis,runtime,RESOLVED,Individual basis value token-matched exactly against live Contract 4,1
E-C4DETBASIS-011,C10,DeterminabilityEvidenceBasisRecord basis reference,sec-aea-model,closed-enum member reference,conditional (no-value assessments only),C4,c4.determinabilitybasis.011 (derivation-chain-break),c4-sec-determinability-basis-registry,determinability basis,runtime,RESOLVED,Individual basis value token-matched exactly against live Contract 4,1
E-C4DETBASIS-012,C10,DeterminabilityEvidenceBasisRecord basis reference,sec-aea-model,closed-enum member reference,conditional (no-value assessments only),C4,c4.determinabilitybasis.012 (evidence-integrity-failure),c4-sec-determinability-basis-registry,determinability basis,runtime,RESOLVED,Individual basis value token-matched exactly against live Contract 4,1
E-C4DETBASIS-013,C10,DeterminabilityEvidenceBasisRecord basis reference,sec-aea-model,closed-enum member reference,conditional (no-value assessments only),C4,c4.determinabilitybasis.013 (duplicate-only-support),c4-sec-determinability-basis-registry,determinability basis,runtime,RESOLVED,Individual basis value token-matched exactly against live Contract 4,1
E-C4DETBASIS-014,C10,DeterminabilityEvidenceBasisRecord basis reference,sec-aea-model,closed-enum member reference,conditional (no-value assessments only),C4,c4.determinabilitybasis.014 (unsupported-source-modality),c4-sec-determinability-basis-registry,determinability basis,runtime,RESOLVED,Individual basis value token-matched exactly against live Contract 4,1
E-C4DETBASIS-015,C10,DeterminabilityEvidenceBasisRecord basis reference,sec-aea-model,closed-enum member reference,conditional (no-value assessments only),C4,c4.determinabilitybasis.015 (mixed-room-or-material-state-source),c4-sec-determinability-basis-registry,determinability basis,runtime,RESOLVED,Individual basis value token-matched exactly against live Contract 4,1
E-C4DETBASIS-016,C10,DeterminabilityEvidenceBasisRecord basis reference,sec-aea-model,closed-enum member reference,conditional (no-value assessments only),C4,c4.determinabilitybasis.016 (sufficient-negative-evidence),c4-sec-determinability-basis-registry,determinability basis,runtime,RESOLVED,Individual basis value token-matched exactly against live Contract 4,1
E-C9ENTRY-001,C10,ComparisonOutcome.entryIdentity (candidate value),sec-comparisonoutcome-fields,closed-enum member reference,required,C9,c9.entry.001 (F-PROVIDER-TIMEOUT),c9-sec7-entry-registry,fixture entry identity,evaluation-only,RESOLVED,Individual entry resolved by direct definition lookup in live Contract 9,1
E-C9ENTRY-002,C10,ComparisonOutcome.entryIdentity (candidate value),sec-comparisonoutcome-fields,closed-enum member reference,required,C9,c9.entry.002 (F-PROVIDER-MALFORMED),c9-sec7-entry-registry,fixture entry identity,evaluation-only,RESOLVED,Individual entry resolved by direct definition lookup in live Contract 9,1
E-C9ENTRY-003,C10,ComparisonOutcome.entryIdentity (candidate value),sec-comparisonoutcome-fields,closed-enum member reference,required,C9,c9.entry.003 (F-INPUT-UNREADABLE),c9-sec7-entry-registry,fixture entry identity,evaluation-only,RESOLVED,Individual entry resolved by direct definition lookup in live Contract 9,1
E-C9ENTRY-004,C10,ComparisonOutcome.entryIdentity (candidate value),sec-comparisonoutcome-fields,closed-enum member reference,required,C9,c9.entry.004 (F-INPUT-UNSUPPORTED),c9-sec7-entry-registry,fixture entry identity,evaluation-only,RESOLVED,Individual entry resolved by direct definition lookup in live Contract 9,1
E-C9ENTRY-005,C10,ComparisonOutcome.entryIdentity (candidate value),sec-comparisonoutcome-fields,closed-enum member reference,required,C9,c9.entry.005 (C2-MISSING-ROOM-CANDIDATE),c9-sec7-entry-registry,fixture entry identity,evaluation-only,RESOLVED,Individual entry resolved by direct definition lookup in live Contract 9,1
E-C9ENTRY-006,C10,ComparisonOutcome.entryIdentity (candidate value),sec-comparisonoutcome-fields,closed-enum member reference,required,C9,c9.entry.006 (C2-DUPLICATE-NODE-ID),c9-sec7-entry-registry,fixture entry identity,evaluation-only,RESOLVED,Individual entry resolved by direct definition lookup in live Contract 9,1
E-C9ENTRY-007,C10,ComparisonOutcome.entryIdentity (candidate value),sec-comparisonoutcome-fields,closed-enum member reference,required,C9,c9.entry.007 (C2-DANGLING-REL-ENDPOINT),c9-sec7-entry-registry,fixture entry identity,evaluation-only,RESOLVED,Individual entry resolved by direct definition lookup in live Contract 9,1
E-C9ENTRY-008,C10,ComparisonOutcome.entryIdentity (candidate value),sec-comparisonoutcome-fields,closed-enum member reference,required,C9,c9.entry.008 (C2-INVALID-CANDIDATE-GEOMETRY),c9-sec7-entry-registry,fixture entry identity,evaluation-only,RESOLVED,Individual entry resolved by direct definition lookup in live Contract 9,1
E-C9ENTRY-009,C10,ComparisonOutcome.entryIdentity (candidate value),sec-comparisonoutcome-fields,closed-enum member reference,required,C9,c9.entry.009 (C3-SCHEMA-VERSION-MISMATCH),c9-sec7-entry-registry,fixture entry identity,evaluation-only,RESOLVED,Individual entry resolved by direct definition lookup in live Contract 9,1
E-C9ENTRY-010,C10,ComparisonOutcome.entryIdentity (candidate value),sec-comparisonoutcome-fields,closed-enum member reference,required,C9,c9.entry.010 (C3-OPERATION-ID-MISMATCH),c9-sec7-entry-registry,fixture entry identity,evaluation-only,RESOLVED,Individual entry resolved by direct definition lookup in live Contract 9,1
E-C9ENTRY-011,C10,ComparisonOutcome.entryIdentity (candidate value),sec-comparisonoutcome-fields,closed-enum member reference,required,C9,c9.entry.011 (C3-IMAGE-ID-MISMATCH),c9-sec7-entry-registry,fixture entry identity,evaluation-only,RESOLVED,Individual entry resolved by direct definition lookup in live Contract 9,1
E-C9ENTRY-012,C10,ComparisonOutcome.entryIdentity (candidate value),sec-comparisonoutcome-fields,closed-enum member reference,required,C9,c9.entry.012 (C3-INVALID-RESULT-METADATA),c9-sec7-entry-registry,fixture entry identity,evaluation-only,RESOLVED,Individual entry resolved by direct definition lookup in live Contract 9,1
E-C9ENTRY-013,C10,ComparisonOutcome.entryIdentity (candidate value),sec-comparisonoutcome-fields,closed-enum member reference,required,C9,c9.entry.013 (CV-MISSING-ROOM),c9-sec7-entry-registry,fixture entry identity,evaluation-only,RESOLVED,Individual entry resolved by direct definition lookup in live Contract 9,1
E-C9ENTRY-014,C10,ComparisonOutcome.entryIdentity (candidate value),sec-comparisonoutcome-fields,closed-enum member reference,required,C9,c9.entry.014 (CV-INVALID-ROOM-CARDINALITY),c9-sec7-entry-registry,fixture entry identity,evaluation-only,RESOLVED,Individual entry resolved by direct definition lookup in live Contract 9,1
E-C9ENTRY-015,C10,ComparisonOutcome.entryIdentity (candidate value),sec-comparisonoutcome-fields,closed-enum member reference,required,C9,c9.entry.015 (CV-MISSING-CONFIDENCE),c9-sec7-entry-registry,fixture entry identity,evaluation-only,RESOLVED,Individual entry resolved by direct definition lookup in live Contract 9,1
E-C9ENTRY-016,C10,ComparisonOutcome.entryIdentity (candidate value),sec-comparisonoutcome-fields,closed-enum member reference,required,C9,c9.entry.016 (CV-INVALID-CONFIDENCE),c9-sec7-entry-registry,fixture entry identity,evaluation-only,RESOLVED,Individual entry resolved by direct definition lookup in live Contract 9,1
E-C9ENTRY-017,C10,ComparisonOutcome.entryIdentity (candidate value),sec-comparisonoutcome-fields,closed-enum member reference,required,C9,c9.entry.017 (CV-MISSING-PROVENANCE),c9-sec7-entry-registry,fixture entry identity,evaluation-only,RESOLVED,Individual entry resolved by direct definition lookup in live Contract 9,1
E-C9ENTRY-018,C10,ComparisonOutcome.entryIdentity (candidate value),sec-comparisonoutcome-fields,closed-enum member reference,required,C9,c9.entry.018 (CV-INVALID-PROVENANCE),c9-sec7-entry-registry,fixture entry identity,evaluation-only,RESOLVED,Individual entry resolved by direct definition lookup in live Contract 9,1
E-C9FAILURE-c2-registry-drift,C10,ComparisonOutcome.primaryFailureIdentity (candidate value),sec-comparisonoutcome-fields,closed-enum member reference,conditional,C9,c9.failure.c2-registry-drift (Violation of c9.rule.007: C.2 suite contains exact),c9-sec37-failure-registry,governance/comparison failure,evaluation-only,RESOLVED,Individual failure resolved by direct definition lookup in live Contract 9 Sec 37,1
E-C9FAILURE-c3-registry-drift,C10,ComparisonOutcome.primaryFailureIdentity (candidate value),sec-comparisonoutcome-fields,closed-enum member reference,conditional,C9,c9.failure.c3-registry-drift (Violation of c9.rule.008: C.3 suite contains exact),c9-sec37-failure-registry,governance/comparison failure,evaluation-only,RESOLVED,Individual failure resolved by direct definition lookup in live Contract 9 Sec 37,1
E-C9FAILURE-category-count-inflation,C10,ComparisonOutcome.primaryFailureIdentity (candidate value),sec-comparisonoutcome-fields,closed-enum member reference,conditional,C9,c9.failure.category-count-inflation (Violation of c9.rule.031: Residential-34 does not ),c9-sec37-failure-registry,governance/comparison failure,evaluation-only,RESOLVED,Individual failure resolved by direct definition lookup in live Contract 9 Sec 37,1
E-C9FAILURE-comparison-identity-mismatch,C10,ComparisonOutcome.primaryFailureIdentity (candidate value),sec-comparisonoutcome-fields,closed-enum member reference,conditional,C9,c9.failure.comparison-identity-mismatch (Observed fixture identity differs from the fixture),c9-sec37-failure-registry,governance/comparison failure,evaluation-only,RESOLVED,Individual failure resolved by direct definition lookup in live Contract 9 Sec 37,1
E-C9FAILURE-comparison-multiple-results,C10,ComparisonOutcome.primaryFailureIdentity (candidate value),sec-comparisonoutcome-fields,closed-enum member reference,conditional,C9,c9.failure.comparison-multiple-results (An observed fixture execution has more than one pr),c9-sec37-failure-registry,governance/comparison failure,evaluation-only,RESOLVED,Individual failure resolved by direct definition lookup in live Contract 9 Sec 37,1
E-C9FAILURE-comparison-prohibited-outcome,C10,ComparisonOutcome.primaryFailureIdentity (candidate value),sec-comparisonoutcome-fields,closed-enum member reference,conditional,C9,c9.failure.comparison-prohibited-outcome (An observed outcome belongs to the entry prohibite),c9-sec37-failure-registry,governance/comparison failure,evaluation-only,RESOLVED,Individual failure resolved by direct definition lookup in live Contract 9 Sec 37,1
E-C9FAILURE-comparison-result-missing,C10,ComparisonOutcome.primaryFailureIdentity (candidate value),sec-comparisonoutcome-fields,closed-enum member reference,conditional,C9,c9.failure.comparison-result-missing (An observed fixture execution has no primary resul),c9-sec37-failure-registry,governance/comparison failure,evaluation-only,RESOLVED,Individual failure resolved by direct definition lookup in live Contract 9 Sec 37,1
E-C9FAILURE-comparison-source-identity-mismatch,C10,ComparisonOutcome.primaryFailureIdentity (candidate value),sec-comparisonoutcome-fields,closed-enum member reference,conditional,C9,c9.failure.comparison-source-identity-mismatch (A governing source byte identity differs from the ),c9-sec37-failure-registry,governance/comparison failure,evaluation-only,RESOLVED,Individual failure resolved by direct definition lookup in live Contract 9 Sec 37,1
E-C9FAILURE-comparison-subset-mismatch,C10,ComparisonOutcome.primaryFailureIdentity (candidate value),sec-comparisonoutcome-fields,closed-enum member reference,conditional,C9,c9.failure.comparison-subset-mismatch (Observed subset differs from the governed populati),c9-sec37-failure-registry,governance/comparison failure,evaluation-only,RESOLVED,Individual failure resolved by direct definition lookup in live Contract 9 Sec 37,1
E-C9FAILURE-comparison-wrong-entry,C10,ComparisonOutcome.primaryFailureIdentity (candidate value),sec-comparisonoutcome-fields,closed-enum member reference,conditional,C9,c9.failure.comparison-wrong-entry (The fixture is attributed to the wrong registry en),c9-sec37-failure-registry,governance/comparison failure,evaluation-only,RESOLVED,Individual failure resolved by direct definition lookup in live Contract 9 Sec 37,1
E-C9FAILURE-comparison-wrong-family,C10,ComparisonOutcome.primaryFailureIdentity (candidate value),sec-comparisonoutcome-fields,closed-enum member reference,conditional,C9,c9.failure.comparison-wrong-family (Observed result family differs from the fixed entr),c9-sec37-failure-registry,governance/comparison failure,evaluation-only,RESOLVED,Individual failure resolved by direct definition lookup in live Contract 9 Sec 37,1
E-C9FAILURE-comparison-wrong-reason,C10,ComparisonOutcome.primaryFailureIdentity (candidate value),sec-comparisonoutcome-fields,closed-enum member reference,conditional,C9,c9.failure.comparison-wrong-reason (Observed reason is missing or differs from the fix),c9-sec37-failure-registry,governance/comparison failure,evaluation-only,RESOLVED,Individual failure resolved by direct definition lookup in live Contract 9 Sec 37,1
E-C9FAILURE-comparison-wrong-retryability,C10,ComparisonOutcome.primaryFailureIdentity (candidate value),sec-comparisonoutcome-fields,closed-enum member reference,conditional,C9,c9.failure.comparison-wrong-retryability (The evaluation-classified retryability meaning dif),c9-sec37-failure-registry,governance/comparison failure,evaluation-only,RESOLVED,Individual failure resolved by direct definition lookup in live Contract 9 Sec 37,1
E-C9FAILURE-comparison-wrong-stage,C10,ComparisonOutcome.primaryFailureIdentity (candidate value),sec-comparisonoutcome-fields,closed-enum member reference,conditional,C9,c9.failure.comparison-wrong-stage (Observed result stage differs from the fixed entry),c9-sec37-failure-registry,governance/comparison failure,evaluation-only,RESOLVED,Individual failure resolved by direct definition lookup in live Contract 9 Sec 37,1
E-C9FAILURE-contract10-leakage,C10,ComparisonOutcome.primaryFailureIdentity (candidate value),sec-comparisonoutcome-fields,closed-enum member reference,conditional,C9,"c9.failure.contract10-leakage (Violation of c9.rule.033: No final field, JSON, wi)",c9-sec37-failure-registry,governance/comparison failure,evaluation-only,RESOLVED,Individual failure resolved by direct definition lookup in live Contract 9 Sec 37,1
E-C9FAILURE-contract11-leakage,C10,ComparisonOutcome.primaryFailureIdentity (candidate value),sec-comparisonoutcome-fields,closed-enum member reference,conditional,C9,"c9.failure.contract11-leakage (Violation of c9.rule.034: No aggregation, score-st)",c9-sec37-failure-registry,governance/comparison failure,evaluation-only,RESOLVED,Individual failure resolved by direct definition lookup in live Contract 9 Sec 37,1
E-C9FAILURE-counting-duplication,C10,ComparisonOutcome.primaryFailureIdentity (candidate value),sec-comparisonoutcome-fields,closed-enum member reference,conditional,C9,c9.failure.counting-duplication (Violation of c9.rule.024: One fixture instance con),c9-sec37-failure-registry,governance/comparison failure,evaluation-only,RESOLVED,Individual failure resolved by direct definition lookup in live Contract 9 Sec 37,1
E-C9FAILURE-criticality-mismatch,C10,ComparisonOutcome.primaryFailureIdentity (candidate value),sec-comparisonoutcome-fields,closed-enum member reference,conditional,C9,c9.failure.criticality-mismatch (Violation of c9.rule.015: Every entry is CRITICAL.),c9-sec37-failure-registry,governance/comparison failure,evaluation-only,RESOLVED,Individual failure resolved by direct definition lookup in live Contract 9 Sec 37,1
E-C9FAILURE-cv-dev-total-mismatch,C10,ComparisonOutcome.primaryFailureIdentity (candidate value),sec-comparisonoutcome-fields,closed-enum member reference,conditional,C9,c9.failure.cv-dev-total-mismatch (Violation of c9.rule.012: Contract Violation devel),c9-sec37-failure-registry,governance/comparison failure,evaluation-only,RESOLVED,Individual failure resolved by direct definition lookup in live Contract 9 Sec 37,1
E-C9FAILURE-cv-ho-total-mismatch,C10,ComparisonOutcome.primaryFailureIdentity (candidate value),sec-comparisonoutcome-fields,closed-enum member reference,conditional,C9,c9.failure.cv-ho-total-mismatch (Violation of c9.rule.013: Contract Violation held-),c9-sec37-failure-registry,governance/comparison failure,evaluation-only,RESOLVED,Individual failure resolved by direct definition lookup in live Contract 9 Sec 37,1
E-C9FAILURE-cv-registry-drift,C10,ComparisonOutcome.primaryFailureIdentity (candidate value),sec-comparisonoutcome-fields,closed-enum member reference,conditional,C9,c9.failure.cv-registry-drift (Violation of c9.rule.009: Contract Violation suite),c9-sec37-failure-registry,governance/comparison failure,evaluation-only,RESOLVED,Individual failure resolved by direct definition lookup in live Contract 9 Sec 37,1
E-C9FAILURE-downstream-authorization-leak,C10,ComparisonOutcome.primaryFailureIdentity (candidate value),sec-comparisonoutcome-fields,closed-enum member reference,conditional,C9,"c9.failure.downstream-authorization-leak (Violation of c9.rule.039: Contract 10/11, fixtures)",c9-sec37-failure-registry,governance/comparison failure,evaluation-only,RESOLVED,Individual failure resolved by direct definition lookup in live Contract 9 Sec 37,1
E-C9FAILURE-duplicate-entry-id,C10,ComparisonOutcome.primaryFailureIdentity (candidate value),sec-comparisonoutcome-fields,closed-enum member reference,conditional,C9,c9.failure.duplicate-entry-id (Violation of c9.rule.003: Every `c9.entry.*` trace),c9-sec37-failure-registry,governance/comparison failure,evaluation-only,RESOLVED,Individual failure resolved by direct definition lookup in live Contract 9 Sec 37,1
E-C9FAILURE-duplicate-subtype-token,C10,ComparisonOutcome.primaryFailureIdentity (candidate value),sec-comparisonoutcome-fields,closed-enum member reference,conditional,C9,c9.failure.duplicate-subtype-token (Violation of c9.rule.004: Every canonical fixture ),c9-sec37-failure-registry,governance/comparison failure,evaluation-only,RESOLVED,Individual failure resolved by direct definition lookup in live Contract 9 Sec 37,1
E-C9FAILURE-entry-count-mismatch,C10,ComparisonOutcome.primaryFailureIdentity (candidate value),sec-comparisonoutcome-fields,closed-enum member reference,conditional,C9,c9.failure.entry-count-mismatch (Violation of c9.rule.002: The registry contains ex),c9-sec37-failure-registry,governance/comparison failure,evaluation-only,RESOLVED,Individual failure resolved by direct definition lookup in live Contract 9 Sec 37,1
E-C9FAILURE-expected-family-mismatch,C10,ComparisonOutcome.primaryFailureIdentity (candidate value),sec-comparisonoutcome-fields,closed-enum member reference,conditional,C9,c9.failure.expected-family-mismatch (Violation of c9.rule.017: Every entry has exactly ),c9-sec37-failure-registry,governance/comparison failure,evaluation-only,RESOLVED,Individual failure resolved by direct definition lookup in live Contract 9 Sec 37,1
E-C9FAILURE-expected-stage-mismatch,C10,ComparisonOutcome.primaryFailureIdentity (candidate value),sec-comparisonoutcome-fields,closed-enum member reference,conditional,C9,c9.failure.expected-stage-mismatch (Violation of c9.rule.018: Every entry has the exac),c9-sec37-failure-registry,governance/comparison failure,evaluation-only,RESOLVED,Individual failure resolved by direct definition lookup in live Contract 9 Sec 37,1
E-C9FAILURE-fabricated-identity,C10,ComparisonOutcome.primaryFailureIdentity (candidate value),sec-comparisonoutcome-fields,closed-enum member reference,conditional,C9,c9.failure.fabricated-identity (Violation of c9.rule.027: No identity is fabricate),c9-sec37-failure-registry,governance/comparison failure,evaluation-only,RESOLVED,Individual failure resolved by direct definition lookup in live Contract 9 Sec 37,1
E-C9FAILURE-failure-registry-drift,C10,ComparisonOutcome.primaryFailureIdentity (candidate value),sec-comparisonoutcome-fields,closed-enum member reference,conditional,C9,c9.failure.failure-registry-drift (Violation of c9.rule.006: Failure suite contains e),c9-sec37-failure-registry,governance/comparison failure,evaluation-only,RESOLVED,Individual failure resolved by direct definition lookup in live Contract 9 Sec 37,1
E-C9FAILURE-floor-mismatch,C10,ComparisonOutcome.primaryFailureIdentity (candidate value),sec-comparisonoutcome-fields,closed-enum member reference,conditional,C9,c9.failure.floor-mismatch (Violation of c9.rule.016: Every entry has floor 1.),c9-sec37-failure-registry,governance/comparison failure,evaluation-only,RESOLVED,Individual failure resolved by direct definition lookup in live Contract 9 Sec 37,1
E-C9FAILURE-governance-state-false,C10,ComparisonOutcome.primaryFailureIdentity (candidate value),sec-comparisonoutcome-fields,closed-enum member reference,conditional,C9,c9.failure.governance-state-false (Violation of c9.rule.040: The document reports Sup),c9-sec37-failure-registry,governance/comparison failure,evaluation-only,RESOLVED,Individual failure resolved by direct definition lookup in live Contract 9 Sec 37,1
E-C9FAILURE-image-count-inflation,C10,ComparisonOutcome.primaryFailureIdentity (candidate value),sec-comparisonoutcome-fields,closed-enum member reference,conditional,C9,c9.failure.image-count-inflation (Violation of c9.rule.030: A fixture instance is co),c9-sec37-failure-registry,governance/comparison failure,evaluation-only,RESOLVED,Individual failure resolved by direct definition lookup in live Contract 9 Sec 37,1
E-C9FAILURE-ineligible-source,C10,ComparisonOutcome.primaryFailureIdentity (candidate value),sec-comparisonoutcome-fields,closed-enum member reference,conditional,C9,c9.failure.ineligible-source (Violation of c9.rule.025: Future fixture instances),c9-sec37-failure-registry,governance/comparison failure,evaluation-only,RESOLVED,Individual failure resolved by direct definition lookup in live Contract 9 Sec 37,1
E-C9FAILURE-learning-activation,C10,ComparisonOutcome.primaryFailureIdentity (candidate value),sec-comparisonoutcome-fields,closed-enum member reference,conditional,C9,c9.failure.learning-activation (Violation of c9.rule.038: Controlled Learning rema),c9-sec37-failure-registry,governance/comparison failure,evaluation-only,RESOLVED,Individual failure resolved by direct definition lookup in live Contract 9 Sec 37,1
E-C9FAILURE-lineage-crossover,C10,ComparisonOutcome.primaryFailureIdentity (candidate value),sec-comparisonoutcome-fields,closed-enum member reference,conditional,C9,c9.failure.lineage-crossover (Violation of c9.rule.028: Development and held-out),c9-sec37-failure-registry,governance/comparison failure,evaluation-only,RESOLVED,Individual failure resolved by direct definition lookup in live Contract 9 Sec 37,1
E-C9FAILURE-localization-incomplete,C10,ComparisonOutcome.primaryFailureIdentity (candidate value),sec-comparisonoutcome-fields,closed-enum member reference,conditional,C9,c9.failure.localization-incomplete (Violation of c9.rule.035: Every exposed c9 identit),c9-sec37-failure-registry,governance/comparison failure,evaluation-only,RESOLVED,Individual failure resolved by direct definition lookup in live Contract 9 Sec 37,1
E-C9FAILURE-mixed-room-roomcase-fabrication,C10,ComparisonOutcome.primaryFailureIdentity (candidate value),sec-comparisonoutcome-fields,closed-enum member reference,conditional,C9,c9.failure.mixed-room-roomcase-fabrication (Violation of c9.rule.029: A mixed-room negative ha),c9-sec37-failure-registry,governance/comparison failure,evaluation-only,RESOLVED,Individual failure resolved by direct definition lookup in live Contract 9 Sec 37,1
E-C9FAILURE-multiple-suite-assignment,C10,ComparisonOutcome.primaryFailureIdentity (candidate value),sec-comparisonoutcome-fields,closed-enum member reference,conditional,C9,c9.failure.multiple-suite-assignment (Violation of c9.rule.005: Every entry belongs to e),c9-sec37-failure-registry,governance/comparison failure,evaluation-only,RESOLVED,Individual failure resolved by direct definition lookup in live Contract 9 Sec 37,1
E-C9FAILURE-namespace-collision,C10,ComparisonOutcome.primaryFailureIdentity (candidate value),sec-comparisonoutcome-fields,closed-enum member reference,conditional,C9,c9.failure.namespace-collision (Violation of c9.rule.032: Contract 9 test-fixture ),c9-sec37-failure-registry,governance/comparison failure,evaluation-only,RESOLVED,Individual failure resolved by direct definition lookup in live Contract 9 Sec 37,1
E-C9FAILURE-operational-dev-total-mismatch,C10,ComparisonOutcome.primaryFailureIdentity (candidate value),sec-comparisonoutcome-fields,closed-enum member reference,conditional,C9,c9.failure.operational-dev-total-mismatch (Violation of c9.rule.010: Operational development ),c9-sec37-failure-registry,governance/comparison failure,evaluation-only,RESOLVED,Individual failure resolved by direct definition lookup in live Contract 9 Sec 37,1
E-C9FAILURE-operational-ho-total-mismatch,C10,ComparisonOutcome.primaryFailureIdentity (candidate value),sec-comparisonoutcome-fields,closed-enum member reference,conditional,C9,c9.failure.operational-ho-total-mismatch (Violation of c9.rule.011: Operational held-out cou),c9-sec37-failure-registry,governance/comparison failure,evaluation-only,RESOLVED,Individual failure resolved by direct definition lookup in live Contract 9 Sec 37,1
E-C9FAILURE-per-row-count-drift,C10,ComparisonOutcome.primaryFailureIdentity (candidate value),sec-comparisonoutcome-fields,closed-enum member reference,conditional,C9,c9.failure.per-row-count-drift (Violation of c9.rule.014: Every per-row developmen),c9-sec37-failure-registry,governance/comparison failure,evaluation-only,RESOLVED,Individual failure resolved by direct definition lookup in live Contract 9 Sec 37,1
E-C9FAILURE-post-lock-mutation,C10,ComparisonOutcome.primaryFailureIdentity (candidate value),sec-comparisonoutcome-fields,closed-enum member reference,conditional,C9,c9.failure.post-lock-mutation (Violation of c9.rule.037: Candidate-locked content),c9-sec37-failure-registry,governance/comparison failure,evaluation-only,RESOLVED,Individual failure resolved by direct definition lookup in live Contract 9 Sec 37,1
E-C9FAILURE-post-result-mutation,C10,ComparisonOutcome.primaryFailureIdentity (candidate value),sec-comparisonoutcome-fields,closed-enum member reference,conditional,C9,c9.failure.post-result-mutation (Violation of c9.rule.041: A sealed fixture result ),c9-sec37-failure-registry,governance/comparison failure,evaluation-only,RESOLVED,Individual failure resolved by direct definition lookup in live Contract 9 Sec 37,1
E-C9FAILURE-prohibited-set-incomplete,C10,ComparisonOutcome.primaryFailureIdentity (candidate value),sec-comparisonoutcome-fields,closed-enum member reference,conditional,C9,c9.failure.prohibited-set-incomplete (Violation of c9.rule.021: Every entry has a comple),c9-sec37-failure-registry,governance/comparison failure,evaluation-only,RESOLVED,Individual failure resolved by direct definition lookup in live Contract 9 Sec 37,1
E-C9FAILURE-real-user-data-admission,C10,ComparisonOutcome.primaryFailureIdentity (candidate value),sec-comparisonoutcome-fields,closed-enum member reference,conditional,C9,c9.failure.real-user-data-admission (Violation of c9.rule.026: Real-user photographs an),c9-sec37-failure-registry,governance/comparison failure,evaluation-only,RESOLVED,Individual failure resolved by direct definition lookup in live Contract 9 Sec 37,1
E-C9FAILURE-reason-token-drift,C10,ComparisonOutcome.primaryFailureIdentity (candidate value),sec-comparisonoutcome-fields,closed-enum member reference,conditional,C9,c9.failure.reason-token-drift (Violation of c9.rule.019: Every entry preserves th),c9-sec37-failure-registry,governance/comparison failure,evaluation-only,RESOLVED,Individual failure resolved by direct definition lookup in live Contract 9 Sec 37,1
E-C9FAILURE-retryability-drift,C10,ComparisonOutcome.primaryFailureIdentity (candidate value),sec-comparisonoutcome-fields,closed-enum member reference,conditional,C9,c9.failure.retryability-drift (Violation of c9.rule.020: Every entry preserves th),c9-sec37-failure-registry,governance/comparison failure,evaluation-only,RESOLVED,Individual failure resolved by direct definition lookup in live Contract 9 Sec 37,1
E-C9FAILURE-self-prohibition,C10,ComparisonOutcome.primaryFailureIdentity (candidate value),sec-comparisonoutcome-fields,closed-enum member reference,conditional,C9,c9.failure.self-prohibition (Violation of c9.rule.022: No entry prohibits its o),c9-sec37-failure-registry,governance/comparison failure,evaluation-only,RESOLVED,Individual failure resolved by direct definition lookup in live Contract 9 Sec 37,1
E-C9FAILURE-source-identity-incomplete,C10,ComparisonOutcome.primaryFailureIdentity (candidate value),sec-comparisonoutcome-fields,closed-enum member reference,conditional,C9,c9.failure.source-identity-incomplete (Violation of c9.rule.036: Every normative source r),c9-sec37-failure-registry,governance/comparison failure,evaluation-only,RESOLVED,Individual failure resolved by direct definition lookup in live Contract 9 Sec 37,1
E-C9FAILURE-suite-overlap,C10,ComparisonOutcome.primaryFailureIdentity (candidate value),sec-comparisonoutcome-fields,closed-enum member reference,conditional,C9,c9.failure.suite-overlap (Violation of c9.rule.023: Suites are pairwise disj),c9-sec37-failure-registry,governance/comparison failure,evaluation-only,RESOLVED,Individual failure resolved by direct definition lookup in live Contract 9 Sec 37,1
E-C9FAILURE-suite-registry-incomplete,C10,ComparisonOutcome.primaryFailureIdentity (candidate value),sec-comparisonoutcome-fields,closed-enum member reference,conditional,C9,c9.failure.suite-registry-incomplete (Violation of c9.rule.001: The four fixture suites ),c9-sec37-failure-registry,governance/comparison failure,evaluation-only,RESOLVED,Individual failure resolved by direct definition lookup in live Contract 9 Sec 37,1
